SESION-ESTADO: sesion 1 WTSConnectState=WTSDisconnected SM_REMOTESESSION=1 SM_CMONITORS=1 UserInteractive=True; Switch.System.Windows.Media.ShouldRenderEvenWhenNoDisplayDevicesAreAvailable=True
RENDER-SONDA: OK - 64/64 pixeles pintados
AISLAMIENTO: 12 .plr/.tplr y 11 .wld/.twld reales COPIADOS a C:\Users\adrian\AppData\Local\Temp\TerrakeepArnes-435160; carpetas reales de personajes y mundos sustituidas; session.json guardado (existia=True) y se restaurara al salir.
T12-RENDER: local sin RDP -> ShouldForceSoftwareRendering()=True (esperado False en esta maquina)
T12-RENDER: con TERRAKEEP_FORCE_SOFTWARE_RENDER=1 -> ShouldForceSoftwareRendering()=True (esperado True)
T-G-ARRANQUE: new MainWindow() (CharacterFileService + MainViewModel + XAML) tardo 694ms
T-G-ASYNC: IsScanning justo tras new MainWindow() (antes de cualquier DoEvents)=True (esperado True - el escaneo real corre en segundo plano, no bloquea la construccion de la ventana)
T3-RESTAURADO: Left=0 Top=115,60000000000001 Width=1080 Height=1081,2
ARNES-TAMA¥O-BASE: Width=1180 Height=860 (fijado aqui para que el resto del arnes no dependa del tama¤o heredado de window.json)
HOME-SCAN: 6 personaje(s) encontrado(s) en la carpeta AISLADA del arnes (copias de los .plr reales en C:\Users\adrian\AppData\Local\Temp\TerrakeepArnes-435160, nunca los originales)
  - Eldelgas | N£cleo medio | Vanilla=False tModLoader=True Calamity=True | mods='Mods usados la £ltima vez: CalamityModMusic, CalamityMod, CalamityModEsp, HEROsMod, KeepQAFpsProbe, TerrakeepMod, TModLoaderMod' | 28/09/2026 12:22
  - Zenith | Cl sico | Vanilla=False tModLoader=True Calamity=True | mods='Mods usados la £ltima vez: CalamityModMusic, CalamityMod, CalamityModEsp, HEROsMod, KeepQAFpsProbe, TerrakeepMod, TModLoaderMod' | 26/09/2026 11:19
  - Terrariano | Cl sico | Vanilla=True tModLoader=False Calamity=False | mods='Personaje de tModLoader: tiene un archivo .tplr con datos de mods al lado' | 22/09/2026 02:26
  - Eldelgas | Cl sico | Vanilla=True tModLoader=False Calamity=False | mods='Personaje de tModLoader: tiene un archivo .tplr con datos de mods al lado' | 20/09/2026 16:44
  - adrian | Viaje | Vanilla=False tModLoader=True Calamity=True | mods='Mods usados la £ltima vez: CalamityModMusic, CalamityMod, CalamityModEsp, HEROsMod, KeepQAFpsProbe, TerrakeepMod, TModLoaderMod' | 16/09/2026 08:01
  - adrian | Viaje | Vanilla=False tModLoader=True Calamity=True | mods='Mods usados la £ltima vez: CalamityModMusic, CalamityMod, CalamityModEsp' | 29/08/2026 00:21
INSIGNIAS-TMOD-SIN-CALAMITY: Vanilla=False tModLoader=True Calamity=False tooltip='Mods usados la £ltima vez: HEROsMod' (esperado False/True/False)
  Captura -> C:\Users\adrian\Downloads\Keep\Terrasavr-Win\Terrasavr-Native\Terrakeep.App.Tests\bin_faseD\Debug\net10.0-windows\inicio-lanzador.png
HOME-OPEN: click en 'Eldelgas' -> SelectedTabIndex=1 (esperado 1), CharacterName=Eldelgas, IsCharacterLoaded=True
I-a IsCurrent tras abrir 'Eldelgas'=True (esperado True)
A9-13-IDIOMA: Inicio en espa¤ol -> TextBlock encontrado=True, contiene 'Aplicaci¢n nativa de Windows'=True (esperado True en los dos)
A9-13-IDIOMA: tras cambiar a ingles EN VIVO (mismo TextBlock, sin reiniciar) -> contiene 'Native Windows app'=True (esperado True)
A9-13-IDIOMA: vuelta a espa¤ol -> contiene 'Aplicaci¢n nativa de Windows'=True (esperado True)
I-b: 4 item(s) de menu, comandos sin resolver= (esperado ninguno)
H5-04-HISTORIAL: MenuItem 'Historial de versiones' presente=True, comando resuelto=True (esperado True, True)
H6-01-DOLL: copia aislada del personaje real 'Eldelgas' (C:\Users\adrian\AppData\Local\Temp\TerrakeepArnes-435160\tModLoader\Players\Eldelgas.plr), IsMale=True, HairStyle=20, pixeles opacos=1480/2240 (esperado > 700)
Captura doll con brazos, copia aislada del personaje real -> h6-doll-personaje-real.png
MEDICION-PERSONAJE: 18ms
LOAD: OK - Cargado 'UIA-Test' - personaje 100% vanilla (sin .tplr).
BUILDCODE-CANEXECUTE: tras cargar personaje (sin ningun evento de entrada real de por medio) -> BuildCodeButton.IsEnabled=True (esperado True, IsCharacterLoaded=True)
BUILDCODE-CANEXECUTE: captura real -> C:\Users\adrian\Downloads\Keep\Terrasavr-Win\Terrasavr-Native\Terrakeep.App.Tests\bin_faseD\Debug\net10.0-windows\buildcode-boton-activado-tras-cargar.png
LIB AISLAMIENTO: abierto por ruta la COPIA 'C:\Users\adrian\AppData\Local\Temp\TerrakeepArnes-435160\canario-librerias\tModLoader\Players\Eldelgas.plr'
LIB [lib-primera-entrada-1080x700] Libreria 1080x700 SizeClass=Compacto idioma=es compacto=False | region 961,2x202,6 | scroll owners V=2: ScrollViewer(vp=124,7 ext=244,6 scr=119,9 192x125); ScrollViewer(vp=97,4 ext=442,4 scr=345 653x97) | scroll exterior que desplaza=ninguno
FALLO: LIBRARY_RESPONSIVE_SOLO-SCROLL-ANIDADO - [lib-primera-entrada-1080x700] Libreria 1080x700 SizeClass=Compacto idioma=es compacto=False: 2 scroll owners verticales en la misma superficie (ScrollViewer(vp=124,7 ext=244,6 scr=119,9 192x125); ScrollViewer(vp=97,4 ext=442,4 scr=345 653x97)) - s13 pide UNO (resultados)
LIB [lib-primera-entrada-1080x700] Libreria 1080x700 SizeClass=Compacto idioma=es compacto=False | categorias principales enteras sin desplazar=4/10 'Ver todo' entero=True | zona de navegacion de categorias 13,65 175x244 | NO visibles: Pociones (efectos), Jefes & Eventos, Mision de Pez, Categorias, Objectos por ID, Calamity (mod)
FALLO: LIBRARY_RESPONSIVE_SOLO-CATEGORIAS - [lib-primera-entrada-1080x700] Libreria 1080x700 SizeClass=Compacto idioma=es compacto=False: solo 4/10 categorias principales se ven enteras sin desplazar (faltan: Pociones (efectos), Jefes & Eventos, Mision de Pez, Categorias, Objectos por ID, Calamity (mod))
FALLO: LIBRARY_RESPONSIVE_SOLO-RESULTADOS - [lib-primera-entrada-1080x700] Libreria 1080x700 SizeClass=Compacto idioma=es compacto=False: el viewport de resultados (alto 97,4px) no ense¤a ni una celda entera
LIB [lib-primera-entrada-1080x700] Libreria 1080x700 SizeClass=Compacto idioma=es compacto=False | tarjetas raiz: alto ocupado 442px de 97px del viewport (454 %)
LIB [lib-primera-entrada-1080x700] Libreria 1080x700 SizeClass=Compacto idioma=es compacto=False | tarjetas de carpeta raiz n=10 enteras sin desplazar=0 celda=212px cols=3 filas=4 ancho usado 636/636px (100 %) | owner=ScrollViewer vp=97,4 ext=442,4 scr=345
LIB [lib-primera-entrada-1080x700] Libreria 1080x700 SizeClass=Compacto idioma=es compacto=False | estructura: elementos=29 clipH=0 clipV-perdido=0 clipV-tras-scroll-local=11 ej: V-solo-con-scroll(ScrollViewer) boton "Pociones (efectos)" 3,9px | V-solo-con-scroll(ScrollViewer) boton "Jefes & Eventos" 22px | V-solo-con-scroll(ScrollViewer) boton "Mision de Pez" 22px | V-solo-con-scroll(ScrollViewer) boton "Categorias" 22px
FALLO: LIBRARY_RESPONSIVE_SOLO-CATEGORIAS - [lib-primera-entrada-1080x700] Libreria 1080x700 SizeClass=Compacto idioma=es compacto=False: 11 elemento(s) de navegacion solo alcanzables desplazando un scroll local (categorias detras de un scroll)
LIB [lib-primera-entrada-1080x700] Libreria 1080x700 SizeClass=Compacto idioma=es compacto=False | captura -> C:\Users\adrian\Downloads\Keep\Terrasavr-Win\Terrasavr-Native\docs\evidencia\responsive-global\faseD\lib-antes-lib-primera-entrada-1080x700.png
LIB [buff-primera-entrada-1080x700] LibreriaBuffs 1080x700 SizeClass=Compacto idioma=es compacto=False | region 961,2x200 | scroll owners V=2: ScrollViewer(vp=122,1 ext=184 scr=61,9 192x122); ScrollViewer(vp=94,8 ext=310 scr=215,2 653x95) | scroll exterior que desplaza=ninguno
FALLO: LIBRARY_RESPONSIVE_SOLO-SCROLL-ANIDADO - [buff-primera-entrada-1080x700] LibreriaBuffs 1080x700 SizeClass=Compacto idioma=es compacto=False: 2 scroll owners verticales en la misma superficie (ScrollViewer(vp=122,1 ext=184 scr=61,9 192x122); ScrollViewer(vp=94,8 ext=310 scr=215,2 653x95)) - s13 pide UNO (resultados)
LIB [buff-primera-entrada-1080x700] LibreriaBuffs 1080x700 SizeClass=Compacto idioma=es compacto=False | categorias principales enteras sin desplazar=5/8 'Ver todo' entero=True | zona de navegacion de categorias 13,65 175x183 | NO visibles: Negativo (26), Öndice (354), Calamity (mod)
FALLO: LIBRARY_RESPONSIVE_SOLO-CATEGORIAS - [buff-primera-entrada-1080x700] LibreriaBuffs 1080x700 SizeClass=Compacto idioma=es compacto=False: solo 5/8 categorias principales se ven enteras sin desplazar (faltan: Negativo (26), Öndice (354), Calamity (mod))
FALLO: LIBRARY_RESPONSIVE_SOLO-RESULTADOS - [buff-primera-entrada-1080x700] LibreriaBuffs 1080x700 SizeClass=Compacto idioma=es compacto=False: el viewport de resultados (alto 94,8px) no ense¤a ni una celda entera
LIB [buff-primera-entrada-1080x700] LibreriaBuffs 1080x700 SizeClass=Compacto idioma=es compacto=False | tarjetas raiz: alto ocupado 310px de 95px del viewport (327 %)
LIB [buff-primera-entrada-1080x700] LibreriaBuffs 1080x700 SizeClass=Compacto idioma=es compacto=False | tarjetas de carpeta raiz n=8 enteras sin desplazar=0 celda=212px cols=3 filas=3 ancho usado 636/636px (100 %) | owner=ScrollViewer vp=94,8 ext=310 scr=215,2
LIB [buff-primera-entrada-1080x700] LibreriaBuffs 1080x700 SizeClass=Compacto idioma=es compacto=False | estructura: elementos=23 clipH=0 clipV-perdido=0 clipV-tras-scroll-local=6 ej: V-solo-con-scroll(ScrollViewer) boton "Negativo (26)" 14,9px | V-solo-con-scroll(ScrollViewer) boton "Öndice (354)" 22px | V-solo-con-scroll(ScrollViewer) boton "Calamity (mod)" 22px | V-solo-con-scroll(ScrollViewer) texto "Negativo (26)" 11,6px
FALLO: LIBRARY_RESPONSIVE_SOLO-CATEGORIAS - [buff-primera-entrada-1080x700] LibreriaBuffs 1080x700 SizeClass=Compacto idioma=es compacto=False: 6 elemento(s) de navegacion solo alcanzables desplazando un scroll local (categorias detras de un scroll)
LIB [buff-primera-entrada-1080x700] LibreriaBuffs 1080x700 SizeClass=Compacto idioma=es compacto=False | captura -> C:\Users\adrian\Downloads\Keep\Terrasavr-Win\Terrasavr-Native\docs\evidencia\responsive-global\faseD\lib-antes-buff-primera-entrada-1080x700.png
LIB [inv-primera-entrada-1080x700] Investigacion 1080x700 SizeClass=Compacto idioma=es compacto=False | region 961,2x496,5 | scroll owners V=2: ScrollViewer(vp=319,4 ext=244,6 scr=0 192x319); ScrollViewer(vp=292,1 ext=442,4 scr=150,3 653x292) | scroll exterior que desplaza=ninguno
FALLO: LIBRARY_RESPONSIVE_SOLO-SCROLL-ANIDADO - [inv-primera-entrada-1080x700] Investigacion 1080x700 SizeClass=Compacto idioma=es compacto=False: 2 scroll owners verticales en la misma superficie (ScrollViewer(vp=319,4 ext=244,6 scr=0 192x319); ScrollViewer(vp=292,1 ext=442,4 scr=150,3 653x292)) - s13 pide UNO (resultados)
LIB [inv-primera-entrada-1080x700] Investigacion 1080x700 SizeClass=Compacto idioma=es compacto=False | categorias principales enteras sin desplazar=10/10 'Ver todo' entero=True | zona de navegacion de categorias 13,164 192x244
LIB [inv-primera-entrada-1080x700] Investigacion 1080x700 SizeClass=Compacto idioma=es compacto=False | tarjetas raiz: alto ocupado 442px de 292px del viewport (151 %)
LIB [inv-primera-entrada-1080x700] Investigacion 1080x700 SizeClass=Compacto idioma=es compacto=False | tarjetas de carpeta raiz n=10 enteras sin desplazar=6 celda=212px cols=3 filas=4 ancho usado 636/636px (100 %) | owner=ScrollViewer vp=292,1 ext=442,4 scr=150,3
LIB [inv-primera-entrada-1080x700] Investigacion 1080x700 SizeClass=Compacto idioma=es compacto=False | estructura: elementos=30 clipH=0 clipV-perdido=0 clipV-tras-scroll-local=0 
LIB [inv-primera-entrada-1080x700] Investigacion 1080x700 SizeClass=Compacto idioma=es compacto=False | captura -> C:\Users\adrian\Downloads\Keep\Terrasavr-Win\Terrasavr-Native\docs\evidencia\responsive-global\faseD\lib-antes-inv-primera-entrada-1080x700.png
LIB [lib-vertodo-1080x700-ES] Libreria 1080x700 SizeClass=Compacto idioma=es compacto=False | region 961,2x202,6 | scroll owners V=2: ScrollViewer(vp=124,7 ext=244,6 scr=119,9 192x125); ScrollViewer(vp=97,4 ext=442,4 scr=345 653x97) | scroll exterior que desplaza=ninguno
FALLO: LIBRARY_RESPONSIVE_SOLO-SCROLL-ANIDADO - [lib-vertodo-1080x700-ES] Libreria 1080x700 SizeClass=Compacto idioma=es compacto=False: 2 scroll owners verticales en la misma superficie (ScrollViewer(vp=124,7 ext=244,6 scr=119,9 192x125); ScrollViewer(vp=97,4 ext=442,4 scr=345 653x97)) - s13 pide UNO (resultados)
LIB [lib-vertodo-1080x700-ES] Libreria 1080x700 SizeClass=Compacto idioma=es compacto=False | categorias principales enteras sin desplazar=4/10 'Ver todo' entero=True | zona de navegacion de categorias 13,65 175x244 | NO visibles: Pociones (efectos), Jefes & Eventos, Mision de Pez, Categorias, Objectos por ID, Calamity (mod)
FALLO: LIBRARY_RESPONSIVE_SOLO-CATEGORIAS - [lib-vertodo-1080x700-ES] Libreria 1080x700 SizeClass=Compacto idioma=es compacto=False: solo 4/10 categorias principales se ven enteras sin desplazar (faltan: Pociones (efectos), Jefes & Eventos, Mision de Pez, Categorias, Objectos por ID, Calamity (mod))
FALLO: LIBRARY_RESPONSIVE_SOLO-RESULTADOS - [lib-vertodo-1080x700-ES] Libreria 1080x700 SizeClass=Compacto idioma=es compacto=False: el viewport de resultados (alto 97,4px) no ense¤a ni una celda entera
LIB [lib-vertodo-1080x700-ES] Libreria 1080x700 SizeClass=Compacto idioma=es compacto=False | tarjetas raiz: alto ocupado 442px de 97px del viewport (454 %)
LIB [lib-vertodo-1080x700-ES] Libreria 1080x700 SizeClass=Compacto idioma=es compacto=False | tarjetas de carpeta raiz n=10 enteras sin desplazar=0 celda=212px cols=3 filas=4 ancho usado 636/636px (100 %) | owner=ScrollViewer vp=97,4 ext=442,4 scr=345
LIB [lib-vertodo-1080x700-ES] Libreria 1080x700 SizeClass=Compacto idioma=es compacto=False | estructura: elementos=29 clipH=0 clipV-perdido=0 clipV-tras-scroll-local=11 ej: V-solo-con-scroll(ScrollViewer) boton "Pociones (efectos)" 3,9px | V-solo-con-scroll(ScrollViewer) boton "Jefes & Eventos" 22px | V-solo-con-scroll(ScrollViewer) boton "Mision de Pez" 22px | V-solo-con-scroll(ScrollViewer) boton "Categorias" 22px
FALLO: LIBRARY_RESPONSIVE_SOLO-CATEGORIAS - [lib-vertodo-1080x700-ES] Libreria 1080x700 SizeClass=Compacto idioma=es compacto=False: 11 elemento(s) de navegacion solo alcanzables desplazando un scroll local (categorias detras de un scroll)
LIB [lib-vertodo-1080x700-ES] Libreria 1080x700 SizeClass=Compacto idioma=es compacto=False | captura -> C:\Users\adrian\Downloads\Keep\Terrasavr-Win\Terrasavr-Native\docs\evidencia\responsive-global\faseD\lib-antes-lib-vertodo-1080x700-ES.png
LIB [lib-categoria-grande-1080x700-ES] Libreria 1080x700 SizeClass=Compacto idioma=es compacto=False | region 961,2x202,6 | scroll owners V=2: ScrollViewer(vp=124,7 ext=612,6 scr=487,9 192x125); ScrollViewer(vp=97,4 ext=392 scr=294,6 735x97) | scroll exterior que desplaza=ninguno
FALLO: LIBRARY_RESPONSIVE_SOLO-SCROLL-ANIDADO - [lib-categoria-grande-1080x700-ES] Libreria 1080x700 SizeClass=Compacto idioma=es compacto=False: 2 scroll owners verticales en la misma superficie (ScrollViewer(vp=124,7 ext=612,6 scr=487,9 192x125); ScrollViewer(vp=97,4 ext=392 scr=294,6 735x97)) - s13 pide UNO (resultados)
LIB [lib-categoria-grande-1080x700-ES] Libreria 1080x700 SizeClass=Compacto idioma=es compacto=False | categorias principales enteras sin desplazar=4/10 'Ver todo' entero=True | zona de navegacion de categorias 13,65 175x612 | NO visibles: Pociones (efectos), Jefes & Eventos, Mision de Pez, Categorias, Objectos por ID, Calamity (mod)
FALLO: LIBRARY_RESPONSIVE_SOLO-CATEGORIAS - [lib-categoria-grande-1080x700-ES] Libreria 1080x700 SizeClass=Compacto idioma=es compacto=False: solo 4/10 categorias principales se ven enteras sin desplazar (faltan: Pociones (efectos), Jefes & Eventos, Mision de Pez, Categorias, Objectos por ID, Calamity (mod))
FALLO: LIBRARY_RESPONSIVE_SOLO-COLUMNAS - [lib-categoria-grande-1080x700-ES] Libreria 1080x700 SizeClass=Compacto idioma=es compacto=False: con 100 resultados la rejilla usa solo 524/718px (73 %) - 12 columnas fijas de 40px
LIB [lib-categoria-grande-1080x700-ES] Libreria 1080x700 SizeClass=Compacto idioma=es compacto=False | resultados n=100 enteras sin desplazar=24 celda=40px cols=12 filas=9 ancho usado 524/718px (73 %) | owner=ScrollViewer vp=97,4 ext=392 scr=294,6 | SlotGridPanel Columns=12 Adaptive=False MinCell=40 MaxCell=90
LIB [lib-categoria-grande-1080x700-ES] Libreria 1080x700 SizeClass=Compacto idioma=es compacto=False | estructura: elementos=61 clipH=0 clipV-perdido=0 clipV-tras-scroll-local=43 ej: V-solo-con-scroll(ScrollViewer) boton "Pociones (efectos)" 3,9px | V-solo-con-scroll(ScrollViewer) boton "Jefes & Eventos" 22px | V-solo-con-scroll(ScrollViewer) boton "Mision de Pez" 22px | V-solo-con-scroll(ScrollViewer) boton "Categorias" 22px
FALLO: LIBRARY_RESPONSIVE_SOLO-CATEGORIAS - [lib-categoria-grande-1080x700-ES] Libreria 1080x700 SizeClass=Compacto idioma=es compacto=False: 43 elemento(s) de navegacion solo alcanzables desplazando un scroll local (categorias detras de un scroll)
LIB [lib-categoria-grande-1080x700-ES] Libreria 1080x700 SizeClass=Compacto idioma=es compacto=False | captura -> C:\Users\adrian\Downloads\Keep\Terrasavr-Win\Terrasavr-Native\docs\evidencia\responsive-global\faseD\lib-antes-lib-categoria-grande-1080x700-ES.png
LIB BUSQUEDA-AMPLIA Libreria 'a' 1080x700-ES: 0 resultados en pantalla (0 resultado(s).) en 319ms (incluye el debounce de 180ms)
LIB [lib-busqueda-amplia-1080x700-ES] Libreria 1080x700 SizeClass=Compacto idioma=es compacto=False | region 961,2x202,6 | scroll owners V=2: ScrollViewer(vp=124,7 ext=612,6 scr=487,9 192x125); ScrollViewer(vp=97,4 ext=0 scr=0 735x97) | scroll exterior que desplaza=ninguno
FALLO: LIBRARY_RESPONSIVE_SOLO-SCROLL-ANIDADO - [lib-busqueda-amplia-1080x700-ES] Libreria 1080x700 SizeClass=Compacto idioma=es compacto=False: 2 scroll owners verticales en la misma superficie (ScrollViewer(vp=124,7 ext=612,6 scr=487,9 192x125); ScrollViewer(vp=97,4 ext=0 scr=0 735x97)) - s13 pide UNO (resultados)
LIB [lib-busqueda-amplia-1080x700-ES] Libreria 1080x700 SizeClass=Compacto idioma=es compacto=False | categorias principales enteras sin desplazar=4/10 'Ver todo' entero=True | zona de navegacion de categorias 13,65 175x612 | NO visibles: Pociones (efectos), Jefes & Eventos, Mision de Pez, Categorias, Objectos por ID, Calamity (mod)
FALLO: LIBRARY_RESPONSIVE_SOLO-CATEGORIAS - [lib-busqueda-amplia-1080x700-ES] Libreria 1080x700 SizeClass=Compacto idioma=es compacto=False: solo 4/10 categorias principales se ven enteras sin desplazar (faltan: Pociones (efectos), Jefes & Eventos, Mision de Pez, Categorias, Objectos por ID, Calamity (mod))
LIB [lib-busqueda-amplia-1080x700-ES] Libreria 1080x700 SizeClass=Compacto idioma=es compacto=False | resultados n=0 enteras sin desplazar=0 celda=0px cols=0 filas=0 ancho usado 0/735px (0 %) | owner=ScrollViewer vp=97,4 ext=0 scr=0 | SlotGridPanel Columns=12 Adaptive=False MinCell=40 MaxCell=90
LIB [lib-busqueda-amplia-1080x700-ES] Libreria 1080x700 SizeClass=Compacto idioma=es compacto=False | estructura: elementos=60 clipH=0 clipV-perdido=0 clipV-tras-scroll-local=43 ej: V-solo-con-scroll(ScrollViewer) boton "Pociones (efectos)" 3,9px | V-solo-con-scroll(ScrollViewer) boton "Jefes & Eventos" 22px | V-solo-con-scroll(ScrollViewer) boton "Mision de Pez" 22px | V-solo-con-scroll(ScrollViewer) boton "Categorias" 22px
FALLO: LIBRARY_RESPONSIVE_SOLO-CATEGORIAS - [lib-busqueda-amplia-1080x700-ES] Libreria 1080x700 SizeClass=Compacto idioma=es compacto=False: 43 elemento(s) de navegacion solo alcanzables desplazando un scroll local (categorias detras de un scroll)
LIB [lib-busqueda-amplia-1080x700-ES] Libreria 1080x700 SizeClass=Compacto idioma=es compacto=False | captura -> C:\Users\adrian\Downloads\Keep\Terrasavr-Win\Terrasavr-Native\docs\evidencia\responsive-global\faseD\lib-antes-lib-busqueda-amplia-1080x700-ES.png
LIB [buff-vertodo-1080x700-ES] LibreriaBuffs 1080x700 SizeClass=Compacto idioma=es compacto=False | region 961,2x200 | scroll owners V=2: ScrollViewer(vp=122,1 ext=184 scr=61,9 192x122); ScrollViewer(vp=94,8 ext=310 scr=215,2 653x95) | scroll exterior que desplaza=ninguno
FALLO: LIBRARY_RESPONSIVE_SOLO-SCROLL-ANIDADO - [buff-vertodo-1080x700-ES] LibreriaBuffs 1080x700 SizeClass=Compacto idioma=es compacto=False: 2 scroll owners verticales en la misma superficie (ScrollViewer(vp=122,1 ext=184 scr=61,9 192x122); ScrollViewer(vp=94,8 ext=310 scr=215,2 653x95)) - s13 pide UNO (resultados)
LIB [buff-vertodo-1080x700-ES] LibreriaBuffs 1080x700 SizeClass=Compacto idioma=es compacto=False | categorias principales enteras sin desplazar=5/8 'Ver todo' entero=True | zona de navegacion de categorias 13,65 175x183 | NO visibles: Negativo (26), Öndice (354), Calamity (mod)
FALLO: LIBRARY_RESPONSIVE_SOLO-CATEGORIAS - [buff-vertodo-1080x700-ES] LibreriaBuffs 1080x700 SizeClass=Compacto idioma=es compacto=False: solo 5/8 categorias principales se ven enteras sin desplazar (faltan: Negativo (26), Öndice (354), Calamity (mod))
FALLO: LIBRARY_RESPONSIVE_SOLO-RESULTADOS - [buff-vertodo-1080x700-ES] LibreriaBuffs 1080x700 SizeClass=Compacto idioma=es compacto=False: el viewport de resultados (alto 94,8px) no ense¤a ni una celda entera
LIB [buff-vertodo-1080x700-ES] LibreriaBuffs 1080x700 SizeClass=Compacto idioma=es compacto=False | tarjetas raiz: alto ocupado 310px de 95px del viewport (327 %)
LIB [buff-vertodo-1080x700-ES] LibreriaBuffs 1080x700 SizeClass=Compacto idioma=es compacto=False | tarjetas de carpeta raiz n=8 enteras sin desplazar=0 celda=212px cols=3 filas=3 ancho usado 636/636px (100 %) | owner=ScrollViewer vp=94,8 ext=310 scr=215,2
LIB [buff-vertodo-1080x700-ES] LibreriaBuffs 1080x700 SizeClass=Compacto idioma=es compacto=False | estructura: elementos=23 clipH=0 clipV-perdido=0 clipV-tras-scroll-local=6 ej: V-solo-con-scroll(ScrollViewer) boton "Negativo (26)" 14,9px | V-solo-con-scroll(ScrollViewer) boton "Öndice (354)" 22px | V-solo-con-scroll(ScrollViewer) boton "Calamity (mod)" 22px | V-solo-con-scroll(ScrollViewer) texto "Negativo (26)" 11,6px
FALLO: LIBRARY_RESPONSIVE_SOLO-CATEGORIAS - [buff-vertodo-1080x700-ES] LibreriaBuffs 1080x700 SizeClass=Compacto idioma=es compacto=False: 6 elemento(s) de navegacion solo alcanzables desplazando un scroll local (categorias detras de un scroll)
LIB [buff-vertodo-1080x700-ES] LibreriaBuffs 1080x700 SizeClass=Compacto idioma=es compacto=False | captura -> C:\Users\adrian\Downloads\Keep\Terrasavr-Win\Terrasavr-Native\docs\evidencia\responsive-global\faseD\lib-antes-buff-vertodo-1080x700-ES.png
LIB [buff-busqueda-amplia-1080x700-ES] LibreriaBuffs 1080x700 SizeClass=Compacto idioma=es compacto=False | region 961,2x200 | scroll owners V=2: ScrollViewer(vp=122,1 ext=184 scr=61,9 192x122); ScrollViewer(vp=94,8 ext=0 scr=0 735x95) | scroll exterior que desplaza=ninguno
FALLO: LIBRARY_RESPONSIVE_SOLO-SCROLL-ANIDADO - [buff-busqueda-amplia-1080x700-ES] LibreriaBuffs 1080x700 SizeClass=Compacto idioma=es compacto=False: 2 scroll owners verticales en la misma superficie (ScrollViewer(vp=122,1 ext=184 scr=61,9 192x122); ScrollViewer(vp=94,8 ext=0 scr=0 735x95)) - s13 pide UNO (resultados)
LIB [buff-busqueda-amplia-1080x700-ES] LibreriaBuffs 1080x700 SizeClass=Compacto idioma=es compacto=False | categorias principales enteras sin desplazar=5/8 'Ver todo' entero=True | zona de navegacion de categorias 13,65 175x183 | NO visibles: Negativo (26), Öndice (354), Calamity (mod)
FALLO: LIBRARY_RESPONSIVE_SOLO-CATEGORIAS - [buff-busqueda-amplia-1080x700-ES] LibreriaBuffs 1080x700 SizeClass=Compacto idioma=es compacto=False: solo 5/8 categorias principales se ven enteras sin desplazar (faltan: Negativo (26), Öndice (354), Calamity (mod))
LIB [buff-busqueda-amplia-1080x700-ES] LibreriaBuffs 1080x700 SizeClass=Compacto idioma=es compacto=False | resultados n=0 enteras sin desplazar=0 celda=0px cols=0 filas=0 ancho usado 0/735px (0 %) | owner=ScrollViewer vp=94,8 ext=0 scr=0 | SlotGridPanel Columns=11 Adaptive=False MinCell=40 MaxCell=90
LIB [buff-busqueda-amplia-1080x700-ES] LibreriaBuffs 1080x700 SizeClass=Compacto idioma=es compacto=False | estructura: elementos=22 clipH=0 clipV-perdido=0 clipV-tras-scroll-local=6 ej: V-solo-con-scroll(ScrollViewer) boton "Negativo (26)" 14,9px | V-solo-con-scroll(ScrollViewer) boton "Öndice (354)" 22px | V-solo-con-scroll(ScrollViewer) boton "Calamity (mod)" 22px | V-solo-con-scroll(ScrollViewer) texto "Negativo (26)" 11,6px
FALLO: LIBRARY_RESPONSIVE_SOLO-CATEGORIAS - [buff-busqueda-amplia-1080x700-ES] LibreriaBuffs 1080x700 SizeClass=Compacto idioma=es compacto=False: 6 elemento(s) de navegacion solo alcanzables desplazando un scroll local (categorias detras de un scroll)
LIB [buff-busqueda-amplia-1080x700-ES] LibreriaBuffs 1080x700 SizeClass=Compacto idioma=es compacto=False | captura -> C:\Users\adrian\Downloads\Keep\Terrasavr-Win\Terrasavr-Native\docs\evidencia\responsive-global\faseD\lib-antes-buff-busqueda-amplia-1080x700-ES.png
LIB [inv-vertodo-1080x700-ES] Investigacion 1080x700 SizeClass=Compacto idioma=es compacto=False | region 961,2x496,5 | scroll owners V=2: ScrollViewer(vp=319,4 ext=244,6 scr=0 192x319); ScrollViewer(vp=292,1 ext=442,4 scr=150,3 653x292) | scroll exterior que desplaza=ninguno
FALLO: LIBRARY_RESPONSIVE_SOLO-SCROLL-ANIDADO - [inv-vertodo-1080x700-ES] Investigacion 1080x700 SizeClass=Compacto idioma=es compacto=False: 2 scroll owners verticales en la misma superficie (ScrollViewer(vp=319,4 ext=244,6 scr=0 192x319); ScrollViewer(vp=292,1 ext=442,4 scr=150,3 653x292)) - s13 pide UNO (resultados)
LIB [inv-vertodo-1080x700-ES] Investigacion 1080x700 SizeClass=Compacto idioma=es compacto=False | categorias principales enteras sin desplazar=10/10 'Ver todo' entero=True | zona de navegacion de categorias 13,164 192x244
LIB [inv-vertodo-1080x700-ES] Investigacion 1080x700 SizeClass=Compacto idioma=es compacto=False | tarjetas raiz: alto ocupado 442px de 292px del viewport (151 %)
LIB [inv-vertodo-1080x700-ES] Investigacion 1080x700 SizeClass=Compacto idioma=es compacto=False | tarjetas de carpeta raiz n=10 enteras sin desplazar=6 celda=212px cols=3 filas=4 ancho usado 636/636px (100 %) | owner=ScrollViewer vp=292,1 ext=442,4 scr=150,3
LIB [inv-vertodo-1080x700-ES] Investigacion 1080x700 SizeClass=Compacto idioma=es compacto=False | estructura: elementos=30 clipH=0 clipV-perdido=0 clipV-tras-scroll-local=0 
LIB [inv-vertodo-1080x700-ES] Investigacion 1080x700 SizeClass=Compacto idioma=es compacto=False | captura -> C:\Users\adrian\Downloads\Keep\Terrasavr-Win\Terrasavr-Native\docs\evidencia\responsive-global\faseD\lib-antes-inv-vertodo-1080x700-ES.png
LIB [inv-categoria-grande-1080x700-ES] Investigacion 1080x700 SizeClass=Compacto idioma=es compacto=False | region 961,2x496,5 | scroll owners V=2: ScrollViewer(vp=319,4 ext=612,6 scr=293,2 192x319); ScrollViewer(vp=288,8 ext=1081,7 scr=792,9 735x289) | scroll exterior que desplaza=ninguno
FALLO: LIBRARY_RESPONSIVE_SOLO-SCROLL-ANIDADO - [inv-categoria-grande-1080x700-ES] Investigacion 1080x700 SizeClass=Compacto idioma=es compacto=False: 2 scroll owners verticales en la misma superficie (ScrollViewer(vp=319,4 ext=612,6 scr=293,2 192x319); ScrollViewer(vp=288,8 ext=1081,7 scr=792,9 735x289)) - s13 pide UNO (resultados)
LIB [inv-categoria-grande-1080x700-ES] Investigacion 1080x700 SizeClass=Compacto idioma=es compacto=False | categorias principales enteras sin desplazar=9/10 'Ver todo' entero=True | zona de navegacion de categorias 13,164 175x612 | NO visibles: Calamity (mod)
FALLO: LIBRARY_RESPONSIVE_SOLO-CATEGORIAS - [inv-categoria-grande-1080x700-ES] Investigacion 1080x700 SizeClass=Compacto idioma=es compacto=False: solo 9/10 categorias principales se ven enteras sin desplazar (faltan: Calamity (mod))
LIB [inv-categoria-grande-1080x700-ES] Investigacion 1080x700 SizeClass=Compacto idioma=es compacto=False | resultados n=100 enteras sin desplazar=25 celda=124,2px cols=67 filas=25 ancho usado 713/718px (99 %) | owner=ScrollViewer vp=288,8 ext=1081,7 scr=792,9
LIB [inv-categoria-grande-1080x700-ES] Investigacion 1080x700 SizeClass=Compacto idioma=es compacto=False | estructura: elementos=66 clipH=0 clipV-perdido=0 clipV-tras-scroll-local=26 ej: V-solo-con-scroll(ScrollViewer) boton "1601-2000" 16,2px | V-solo-con-scroll(ScrollViewer) boton "2001-2400" 22px | V-solo-con-scroll(ScrollViewer) boton "2401-2800" 22px | V-solo-con-scroll(ScrollViewer) boton "2801-3200" 22px
FALLO: LIBRARY_RESPONSIVE_SOLO-CATEGORIAS - [inv-categoria-grande-1080x700-ES] Investigacion 1080x700 SizeClass=Compacto idioma=es compacto=False: 26 elemento(s) de navegacion solo alcanzables desplazando un scroll local (categorias detras de un scroll)
LIB [inv-categoria-grande-1080x700-ES] Investigacion 1080x700 SizeClass=Compacto idioma=es compacto=False | captura -> C:\Users\adrian\Downloads\Keep\Terrasavr-Win\Terrasavr-Native\docs\evidencia\responsive-global\faseD\lib-antes-inv-categoria-grande-1080x700-ES.png
LIB [lib-vertodo-1366x768-ES] Libreria 1366x768 SizeClass=Normal idioma=es compacto=False | region 1171x229,8 | scroll owners V=2: ScrollViewer(vp=151,9 ext=612,6 scr=460,7 192x152); ScrollViewer(vp=124,6 ext=334,5 scr=209,9 865x125) | scroll exterior que desplaza=ninguno
FALLO: LIBRARY_RESPONSIVE_SOLO-SCROLL-ANIDADO - [lib-vertodo-1366x768-ES] Libreria 1366x768 SizeClass=Normal idioma=es compacto=False: 2 scroll owners verticales en la misma superficie (ScrollViewer(vp=151,9 ext=612,6 scr=460,7 192x152); ScrollViewer(vp=124,6 ext=334,5 scr=209,9 865x125)) - s13 pide UNO (resultados)
LIB [lib-vertodo-1366x768-ES] Libreria 1366x768 SizeClass=Normal idioma=es compacto=False | categorias principales enteras sin desplazar=6/10 'Ver todo' entero=True | zona de navegacion de categorias 13,65 175x612 | NO visibles: Mision de Pez, Categorias, Objectos por ID, Calamity (mod)
FALLO: LIBRARY_RESPONSIVE_SOLO-CATEGORIAS - [lib-vertodo-1366x768-ES] Libreria 1366x768 SizeClass=Normal idioma=es compacto=False: solo 6/10 categorias principales se ven enteras sin desplazar (faltan: Mision de Pez, Categorias, Objectos por ID, Calamity (mod))
FALLO: LIBRARY_RESPONSIVE_SOLO-RESULTADOS - [lib-vertodo-1366x768-ES] Libreria 1366x768 SizeClass=Normal idioma=es compacto=False: el viewport de resultados (alto 124,6px) no ense¤a ni una celda entera
LIB [lib-vertodo-1366x768-ES] Libreria 1366x768 SizeClass=Normal idioma=es compacto=False | tarjetas raiz: alto ocupado 334px de 125px del viewport (268 %)
LIB [lib-vertodo-1366x768-ES] Libreria 1366x768 SizeClass=Normal idioma=es compacto=False | tarjetas de carpeta raiz n=10 enteras sin desplazar=0 celda=212px cols=4 filas=3 ancho usado 848/848px (100 %) | owner=ScrollViewer vp=124,6 ext=334,5 scr=209,9
LIB [lib-vertodo-1366x768-ES] Libreria 1366x768 SizeClass=Normal idioma=es compacto=False | estructura: elementos=61 clipH=0 clipV-perdido=0 clipV-tras-scroll-local=40 ej: V-solo-con-scroll(ScrollViewer) boton "Mision de Pez" 22px | V-solo-con-scroll(ScrollViewer) boton "Categorias" 22px | V-solo-con-scroll(ScrollViewer) boton "Objectos por ID" 22px | V-solo-con-scroll(ScrollViewer) boton "1-400" 22px
FALLO: LIBRARY_RESPONSIVE_SOLO-CATEGORIAS - [lib-vertodo-1366x768-ES] Libreria 1366x768 SizeClass=Normal idioma=es compacto=False: 40 elemento(s) de navegacion solo alcanzables desplazando un scroll local (categorias detras de un scroll)
LIB [lib-vertodo-1366x768-ES] Libreria 1366x768 SizeClass=Normal idioma=es compacto=False | captura -> C:\Users\adrian\Downloads\Keep\Terrasavr-Win\Terrasavr-Native\docs\evidencia\responsive-global\faseD\lib-antes-lib-vertodo-1366x768-ES.png
LIB [lib-categoria-grande-1366x768-ES] Libreria 1366x768 SizeClass=Normal idioma=es compacto=False | region 1171x229,8 | scroll owners V=2: ScrollViewer(vp=151,9 ext=244,6 scr=92,7 192x152); ScrollViewer(vp=124,6 ext=392 scr=267,4 945x125) | scroll exterior que desplaza=ninguno
FALLO: LIBRARY_RESPONSIVE_SOLO-SCROLL-ANIDADO - [lib-categoria-grande-1366x768-ES] Libreria 1366x768 SizeClass=Normal idioma=es compacto=False: 2 scroll owners verticales en la misma superficie (ScrollViewer(vp=151,9 ext=244,6 scr=92,7 192x152); ScrollViewer(vp=124,6 ext=392 scr=267,4 945x125)) - s13 pide UNO (resultados)
LIB [lib-categoria-grande-1366x768-ES] Libreria 1366x768 SizeClass=Normal idioma=es compacto=False | categorias principales enteras sin desplazar=6/10 'Ver todo' entero=True | zona de navegacion de categorias 13,65 175x244 | NO visibles: Mision de Pez, Categorias, Objectos por ID, Calamity (mod)
FALLO: LIBRARY_RESPONSIVE_SOLO-CATEGORIAS - [lib-categoria-grande-1366x768-ES] Libreria 1366x768 SizeClass=Normal idioma=es compacto=False: solo 6/10 categorias principales se ven enteras sin desplazar (faltan: Mision de Pez, Categorias, Objectos por ID, Calamity (mod))
FALLO: LIBRARY_RESPONSIVE_SOLO-COLUMNAS - [lib-categoria-grande-1366x768-ES] Libreria 1366x768 SizeClass=Normal idioma=es compacto=False: con 100 resultados la rejilla usa solo 524/928px (56 %) - 12 columnas fijas de 40px
LIB [lib-categoria-grande-1366x768-ES] Libreria 1366x768 SizeClass=Normal idioma=es compacto=False | resultados n=100 enteras sin desplazar=24 celda=40px cols=12 filas=9 ancho usado 524/928px (56 %) | owner=ScrollViewer vp=124,6 ext=392 scr=267,4 | SlotGridPanel Columns=12 Adaptive=False MinCell=40 MaxCell=90
LIB [lib-categoria-grande-1366x768-ES] Libreria 1366x768 SizeClass=Normal idioma=es compacto=False | estructura: elementos=29 clipH=0 clipV-perdido=0 clipV-tras-scroll-local=8 ej: V-solo-con-scroll(ScrollViewer) boton "Mision de Pez" 22px | V-solo-con-scroll(ScrollViewer) boton "Categorias" 22px | V-solo-con-scroll(ScrollViewer) boton "Objectos por ID" 22px | V-solo-con-scroll(ScrollViewer) boton "Calamity (mod)" 22px
FALLO: LIBRARY_RESPONSIVE_SOLO-CATEGORIAS - [lib-categoria-grande-1366x768-ES] Libreria 1366x768 SizeClass=Normal idioma=es compacto=False: 8 elemento(s) de navegacion solo alcanzables desplazando un scroll local (categorias detras de un scroll)
LIB [lib-categoria-grande-1366x768-ES] Libreria 1366x768 SizeClass=Normal idioma=es compacto=False | captura -> C:\Users\adrian\Downloads\Keep\Terrasavr-Win\Terrasavr-Native\docs\evidencia\responsive-global\faseD\lib-antes-lib-categoria-grande-1366x768-ES.png
LIB BUSQUEDA-AMPLIA Libreria 'a' 1366x768-ES: 0 resultados en pantalla (0 resultado(s).) en 313ms (incluye el debounce de 180ms)
LIB [lib-busqueda-amplia-1366x768-ES] Libreria 1366x768 SizeClass=Normal idioma=es compacto=False | region 1171x229,8 | scroll owners V=2: ScrollViewer(vp=151,9 ext=244,6 scr=92,7 192x152); ScrollViewer(vp=124,6 ext=0 scr=0 945x125) | scroll exterior que desplaza=ninguno
FALLO: LIBRARY_RESPONSIVE_SOLO-SCROLL-ANIDADO - [lib-busqueda-amplia-1366x768-ES] Libreria 1366x768 SizeClass=Normal idioma=es compacto=False: 2 scroll owners verticales en la misma superficie (ScrollViewer(vp=151,9 ext=244,6 scr=92,7 192x152); ScrollViewer(vp=124,6 ext=0 scr=0 945x125)) - s13 pide UNO (resultados)
LIB [lib-busqueda-amplia-1366x768-ES] Libreria 1366x768 SizeClass=Normal idioma=es compacto=False | categorias principales enteras sin desplazar=6/10 'Ver todo' entero=True | zona de navegacion de categorias 13,65 175x244 | NO visibles: Mision de Pez, Categorias, Objectos por ID, Calamity (mod)
FALLO: LIBRARY_RESPONSIVE_SOLO-CATEGORIAS - [lib-busqueda-amplia-1366x768-ES] Libreria 1366x768 SizeClass=Normal idioma=es compacto=False: solo 6/10 categorias principales se ven enteras sin desplazar (faltan: Mision de Pez, Categorias, Objectos por ID, Calamity (mod))
LIB [lib-busqueda-amplia-1366x768-ES] Libreria 1366x768 SizeClass=Normal idioma=es compacto=False | resultados n=0 enteras sin desplazar=0 celda=0px cols=0 filas=0 ancho usado 0/945px (0 %) | owner=ScrollViewer vp=124,6 ext=0 scr=0 | SlotGridPanel Columns=12 Adaptive=False MinCell=40 MaxCell=90
LIB [lib-busqueda-amplia-1366x768-ES] Libreria 1366x768 SizeClass=Normal idioma=es compacto=False | estructura: elementos=28 clipH=0 clipV-perdido=0 clipV-tras-scroll-local=8 ej: V-solo-con-scroll(ScrollViewer) boton "Mision de Pez" 22px | V-solo-con-scroll(ScrollViewer) boton "Categorias" 22px | V-solo-con-scroll(ScrollViewer) boton "Objectos por ID" 22px | V-solo-con-scroll(ScrollViewer) boton "Calamity (mod)" 22px
FALLO: LIBRARY_RESPONSIVE_SOLO-CATEGORIAS - [lib-busqueda-amplia-1366x768-ES] Libreria 1366x768 SizeClass=Normal idioma=es compacto=False: 8 elemento(s) de navegacion solo alcanzables desplazando un scroll local (categorias detras de un scroll)
LIB [lib-busqueda-amplia-1366x768-ES] Libreria 1366x768 SizeClass=Normal idioma=es compacto=False | captura -> C:\Users\adrian\Downloads\Keep\Terrasavr-Win\Terrasavr-Native\docs\evidencia\responsive-global\faseD\lib-antes-lib-busqueda-amplia-1366x768-ES.png
LIB [buff-vertodo-1366x768-ES] LibreriaBuffs 1366x768 SizeClass=Normal idioma=es compacto=False | region 1171x225,8 | scroll owners V=2: ScrollViewer(vp=147,9 ext=184 scr=36,1 192x148); ScrollViewer(vp=120,6 ext=208 scr=87,4 865x121) | scroll exterior que desplaza=ninguno
FALLO: LIBRARY_RESPONSIVE_SOLO-SCROLL-ANIDADO - [buff-vertodo-1366x768-ES] LibreriaBuffs 1366x768 SizeClass=Normal idioma=es compacto=False: 2 scroll owners verticales en la misma superficie (ScrollViewer(vp=147,9 ext=184 scr=36,1 192x148); ScrollViewer(vp=120,6 ext=208 scr=87,4 865x121)) - s13 pide UNO (resultados)
LIB [buff-vertodo-1366x768-ES] LibreriaBuffs 1366x768 SizeClass=Normal idioma=es compacto=False | categorias principales enteras sin desplazar=6/8 'Ver todo' entero=True | zona de navegacion de categorias 13,65 175x183 | NO visibles: Öndice (354), Calamity (mod)
FALLO: LIBRARY_RESPONSIVE_SOLO-CATEGORIAS - [buff-vertodo-1366x768-ES] LibreriaBuffs 1366x768 SizeClass=Normal idioma=es compacto=False: solo 6/8 categorias principales se ven enteras sin desplazar (faltan: Öndice (354), Calamity (mod))
LIB [buff-vertodo-1366x768-ES] LibreriaBuffs 1366x768 SizeClass=Normal idioma=es compacto=False | tarjetas raiz: alto ocupado 208px de 121px del viewport (172 %)
LIB [buff-vertodo-1366x768-ES] LibreriaBuffs 1366x768 SizeClass=Normal idioma=es compacto=False | tarjetas de carpeta raiz n=8 enteras sin desplazar=4 celda=212px cols=4 filas=2 ancho usado 848/848px (100 %) | owner=ScrollViewer vp=120,6 ext=208 scr=87,4
LIB [buff-vertodo-1366x768-ES] LibreriaBuffs 1366x768 SizeClass=Normal idioma=es compacto=False | estructura: elementos=23 clipH=0 clipV-perdido=0 clipV-tras-scroll-local=4 ej: V-solo-con-scroll(ScrollViewer) boton "Öndice (354)" 12,1px | V-solo-con-scroll(ScrollViewer) boton "Calamity (mod)" 22px | V-solo-con-scroll(ScrollViewer) texto "Öndice (354)" 8,8px | V-solo-con-scroll(ScrollViewer) texto "Calamity (mod)" 15,3px
FALLO: LIBRARY_RESPONSIVE_SOLO-CATEGORIAS - [buff-vertodo-1366x768-ES] LibreriaBuffs 1366x768 SizeClass=Normal idioma=es compacto=False: 4 elemento(s) de navegacion solo alcanzables desplazando un scroll local (categorias detras de un scroll)
LIB [buff-vertodo-1366x768-ES] LibreriaBuffs 1366x768 SizeClass=Normal idioma=es compacto=False | captura -> C:\Users\adrian\Downloads\Keep\Terrasavr-Win\Terrasavr-Native\docs\evidencia\responsive-global\faseD\lib-antes-buff-vertodo-1366x768-ES.png
LIB [buff-busqueda-amplia-1366x768-ES] LibreriaBuffs 1366x768 SizeClass=Normal idioma=es compacto=False | region 1171x225,8 | scroll owners V=2: ScrollViewer(vp=147,9 ext=184 scr=36,1 192x148); ScrollViewer(vp=120,6 ext=0 scr=0 945x121) | scroll exterior que desplaza=ninguno
FALLO: LIBRARY_RESPONSIVE_SOLO-SCROLL-ANIDADO - [buff-busqueda-amplia-1366x768-ES] LibreriaBuffs 1366x768 SizeClass=Normal idioma=es compacto=False: 2 scroll owners verticales en la misma superficie (ScrollViewer(vp=147,9 ext=184 scr=36,1 192x148); ScrollViewer(vp=120,6 ext=0 scr=0 945x121)) - s13 pide UNO (resultados)
LIB [buff-busqueda-amplia-1366x768-ES] LibreriaBuffs 1366x768 SizeClass=Normal idioma=es compacto=False | categorias principales enteras sin desplazar=6/8 'Ver todo' entero=True | zona de navegacion de categorias 13,65 175x183 | NO visibles: Öndice (354), Calamity (mod)
FALLO: LIBRARY_RESPONSIVE_SOLO-CATEGORIAS - [buff-busqueda-amplia-1366x768-ES] LibreriaBuffs 1366x768 SizeClass=Normal idioma=es compacto=False: solo 6/8 categorias principales se ven enteras sin desplazar (faltan: Öndice (354), Calamity (mod))
LIB [buff-busqueda-amplia-1366x768-ES] LibreriaBuffs 1366x768 SizeClass=Normal idioma=es compacto=False | resultados n=0 enteras sin desplazar=0 celda=0px cols=0 filas=0 ancho usado 0/945px (0 %) | owner=ScrollViewer vp=120,6 ext=0 scr=0 | SlotGridPanel Columns=11 Adaptive=False MinCell=40 MaxCell=90
LIB [buff-busqueda-amplia-1366x768-ES] LibreriaBuffs 1366x768 SizeClass=Normal idioma=es compacto=False | estructura: elementos=22 clipH=0 clipV-perdido=0 clipV-tras-scroll-local=4 ej: V-solo-con-scroll(ScrollViewer) boton "Öndice (354)" 12,1px | V-solo-con-scroll(ScrollViewer) boton "Calamity (mod)" 22px | V-solo-con-scroll(ScrollViewer) texto "Öndice (354)" 8,8px | V-solo-con-scroll(ScrollViewer) texto "Calamity (mod)" 15,3px
FALLO: LIBRARY_RESPONSIVE_SOLO-CATEGORIAS - [buff-busqueda-amplia-1366x768-ES] LibreriaBuffs 1366x768 SizeClass=Normal idioma=es compacto=False: 4 elemento(s) de navegacion solo alcanzables desplazando un scroll local (categorias detras de un scroll)
LIB [buff-busqueda-amplia-1366x768-ES] LibreriaBuffs 1366x768 SizeClass=Normal idioma=es compacto=False | captura -> C:\Users\adrian\Downloads\Keep\Terrasavr-Win\Terrasavr-Native\docs\evidencia\responsive-global\faseD\lib-antes-buff-busqueda-amplia-1366x768-ES.png
LIB [inv-vertodo-1366x768-ES] Investigacion 1366x768 SizeClass=Normal idioma=es compacto=False | region 1171x564,5 | scroll owners V=2: ScrollViewer(vp=387,4 ext=612,6 scr=225,2 192x387); ScrollViewer(vp=360,1 ext=334,5 scr=0 848x360) | scroll exterior que desplaza=ninguno
FALLO: LIBRARY_RESPONSIVE_SOLO-SCROLL-ANIDADO - [inv-vertodo-1366x768-ES] Investigacion 1366x768 SizeClass=Normal idioma=es compacto=False: 2 scroll owners verticales en la misma superficie (ScrollViewer(vp=387,4 ext=612,6 scr=225,2 192x387); ScrollViewer(vp=360,1 ext=334,5 scr=0 848x360)) - s13 pide UNO (resultados)
LIB [inv-vertodo-1366x768-ES] Investigacion 1366x768 SizeClass=Normal idioma=es compacto=False | categorias principales enteras sin desplazar=9/10 'Ver todo' entero=True | zona de navegacion de categorias 13,164 175x612 | NO visibles: Calamity (mod)
FALLO: LIBRARY_RESPONSIVE_SOLO-CATEGORIAS - [inv-vertodo-1366x768-ES] Investigacion 1366x768 SizeClass=Normal idioma=es compacto=False: solo 9/10 categorias principales se ven enteras sin desplazar (faltan: Calamity (mod))
LIB [inv-vertodo-1366x768-ES] Investigacion 1366x768 SizeClass=Normal idioma=es compacto=False | tarjetas raiz: alto ocupado 334px de 360px del viewport (93 %)
LIB [inv-vertodo-1366x768-ES] Investigacion 1366x768 SizeClass=Normal idioma=es compacto=False | tarjetas de carpeta raiz n=10 enteras sin desplazar=10 celda=212px cols=4 filas=3 ancho usado 848/848px (100 %) | owner=ScrollViewer vp=360,1 ext=334,5 scr=0
LIB [inv-vertodo-1366x768-ES] Investigacion 1366x768 SizeClass=Normal idioma=es compacto=False | estructura: elementos=62 clipH=0 clipV-perdido=0 clipV-tras-scroll-local=20 ej: V-solo-con-scroll(ScrollViewer) boton "2801-3200" 17,2px | V-solo-con-scroll(ScrollViewer) boton "3201-3600" 22px | V-solo-con-scroll(ScrollViewer) boton "3601-4000" 22px | V-solo-con-scroll(ScrollViewer) boton "4001-4400" 22px
FALLO: LIBRARY_RESPONSIVE_SOLO-CATEGORIAS - [inv-vertodo-1366x768-ES] Investigacion 1366x768 SizeClass=Normal idioma=es compacto=False: 20 elemento(s) de navegacion solo alcanzables desplazando un scroll local (categorias detras de un scroll)
LIB [inv-vertodo-1366x768-ES] Investigacion 1366x768 SizeClass=Normal idioma=es compacto=False | captura -> C:\Users\adrian\Downloads\Keep\Terrasavr-Win\Terrasavr-Native\docs\evidencia\responsive-global\faseD\lib-antes-inv-vertodo-1366x768-ES.png
LIB [inv-categoria-grande-1366x768-ES] Investigacion 1366x768 SizeClass=Normal idioma=es compacto=False | region 1171x564,5 | scroll owners V=2: ScrollViewer(vp=387,4 ext=244,6 scr=0 192x387); ScrollViewer(vp=356,8 ext=778,8 scr=422 945x357) | scroll exterior que desplaza=ninguno
FALLO: LIBRARY_RESPONSIVE_SOLO-SCROLL-ANIDADO - [inv-categoria-grande-1366x768-ES] Investigacion 1366x768 SizeClass=Normal idioma=es compacto=False: 2 scroll owners verticales en la misma superficie (ScrollViewer(vp=387,4 ext=244,6 scr=0 192x387); ScrollViewer(vp=356,8 ext=778,8 scr=422 945x357)) - s13 pide UNO (resultados)
LIB [inv-categoria-grande-1366x768-ES] Investigacion 1366x768 SizeClass=Normal idioma=es compacto=False | categorias principales enteras sin desplazar=10/10 'Ver todo' entero=True | zona de navegacion de categorias 13,164 192x244
LIB [inv-categoria-grande-1366x768-ES] Investigacion 1366x768 SizeClass=Normal idioma=es compacto=False | resultados n=100 enteras sin desplazar=47 celda=124,2px cols=77 filas=18 ancho usado 925/928px (100 %) | owner=ScrollViewer vp=356,8 ext=778,8 scr=422
LIB [inv-categoria-grande-1366x768-ES] Investigacion 1366x768 SizeClass=Normal idioma=es compacto=False | estructura: elementos=34 clipH=0 clipV-perdido=0 clipV-tras-scroll-local=0 
LIB [inv-categoria-grande-1366x768-ES] Investigacion 1366x768 SizeClass=Normal idioma=es compacto=False | captura -> C:\Users\adrian\Downloads\Keep\Terrasavr-Win\Terrasavr-Native\docs\evidencia\responsive-global\faseD\lib-antes-inv-categoria-grande-1366x768-ES.png
LIB [lib-vertodo-1520x860-ES] Libreria 1520x860 SizeClass=Amplio idioma=es compacto=False | region 1325x266,6 | scroll owners V=2: ScrollViewer(vp=188,7 ext=244,6 scr=55,9 192x189); ScrollViewer(vp=161,4 ext=232,5 scr=71,1 1077x161) | scroll exterior que desplaza=ninguno
FALLO: LIBRARY_RESPONSIVE_SOLO-SCROLL-ANIDADO - [lib-vertodo-1520x860-ES] Libreria 1520x860 SizeClass=Amplio idioma=es compacto=False: 2 scroll owners verticales en la misma superficie (ScrollViewer(vp=188,7 ext=244,6 scr=55,9 192x189); ScrollViewer(vp=161,4 ext=232,5 scr=71,1 1077x161)) - s13 pide UNO (resultados)
LIB [lib-vertodo-1520x860-ES] Libreria 1520x860 SizeClass=Amplio idioma=es compacto=False | categorias principales enteras sin desplazar=7/10 'Ver todo' entero=True | zona de navegacion de categorias 13,65 175x244 | NO visibles: Categorias, Objectos por ID, Calamity (mod)
FALLO: LIBRARY_RESPONSIVE_SOLO-CATEGORIAS - [lib-vertodo-1520x860-ES] Libreria 1520x860 SizeClass=Amplio idioma=es compacto=False: solo 7/10 categorias principales se ven enteras sin desplazar (faltan: Categorias, Objectos por ID, Calamity (mod))
LIB [lib-vertodo-1520x860-ES] Libreria 1520x860 SizeClass=Amplio idioma=es compacto=False | tarjetas raiz: alto ocupado 232px de 161px del viewport (144 %)
LIB [lib-vertodo-1520x860-ES] Libreria 1520x860 SizeClass=Amplio idioma=es compacto=False | tarjetas de carpeta raiz n=10 enteras sin desplazar=5 celda=212px cols=5 filas=2 ancho usado 1060/1060px (100 %) | owner=ScrollViewer vp=161,4 ext=232,5 scr=71,1
LIB [lib-vertodo-1520x860-ES] Libreria 1520x860 SizeClass=Amplio idioma=es compacto=False | estructura: elementos=29 clipH=0 clipV-perdido=0 clipV-tras-scroll-local=6 ej: V-solo-con-scroll(ScrollViewer) boton "Categorias" 8,9px | V-solo-con-scroll(ScrollViewer) boton "Objectos por ID" 22px | V-solo-con-scroll(ScrollViewer) boton "Calamity (mod)" 22px | V-solo-con-scroll(ScrollViewer) texto "Categorias" 5,6px
FALLO: LIBRARY_RESPONSIVE_SOLO-CATEGORIAS - [lib-vertodo-1520x860-ES] Libreria 1520x860 SizeClass=Amplio idioma=es compacto=False: 6 elemento(s) de navegacion solo alcanzables desplazando un scroll local (categorias detras de un scroll)
LIB [lib-vertodo-1520x860-ES] Libreria 1520x860 SizeClass=Amplio idioma=es compacto=False | captura -> C:\Users\adrian\Downloads\Keep\Terrasavr-Win\Terrasavr-Native\docs\evidencia\responsive-global\faseD\lib-antes-lib-vertodo-1520x860-ES.png
LIB [lib-categoria-grande-1520x860-ES] Libreria 1520x860 SizeClass=Amplio idioma=es compacto=False | region 1325x266,6 | scroll owners V=2: ScrollViewer(vp=188,7 ext=612,6 scr=423,9 192x189); ScrollViewer(vp=161,4 ext=392 scr=230,6 1099x161) | scroll exterior que desplaza=ninguno
FALLO: LIBRARY_RESPONSIVE_SOLO-SCROLL-ANIDADO - [lib-categoria-grande-1520x860-ES] Libreria 1520x860 SizeClass=Amplio idioma=es compacto=False: 2 scroll owners verticales en la misma superficie (ScrollViewer(vp=188,7 ext=612,6 scr=423,9 192x189); ScrollViewer(vp=161,4 ext=392 scr=230,6 1099x161)) - s13 pide UNO (resultados)
LIB [lib-categoria-grande-1520x860-ES] Libreria 1520x860 SizeClass=Amplio idioma=es compacto=False | categorias principales enteras sin desplazar=7/10 'Ver todo' entero=True | zona de navegacion de categorias 13,65 175x612 | NO visibles: Categorias, Objectos por ID, Calamity (mod)
FALLO: LIBRARY_RESPONSIVE_SOLO-CATEGORIAS - [lib-categoria-grande-1520x860-ES] Libreria 1520x860 SizeClass=Amplio idioma=es compacto=False: solo 7/10 categorias principales se ven enteras sin desplazar (faltan: Categorias, Objectos por ID, Calamity (mod))
FALLO: LIBRARY_RESPONSIVE_SOLO-COLUMNAS - [lib-categoria-grande-1520x860-ES] Libreria 1520x860 SizeClass=Amplio idioma=es compacto=False: con 100 resultados la rejilla usa solo 524/1082px (48 %) - 12 columnas fijas de 40px
LIB [lib-categoria-grande-1520x860-ES] Libreria 1520x860 SizeClass=Amplio idioma=es compacto=False | resultados n=100 enteras sin desplazar=36 celda=40px cols=12 filas=9 ancho usado 524/1082px (48 %) | owner=ScrollViewer vp=161,4 ext=392 scr=230,6 | SlotGridPanel Columns=12 Adaptive=False MinCell=40 MaxCell=90
LIB [lib-categoria-grande-1520x860-ES] Libreria 1520x860 SizeClass=Amplio idioma=es compacto=False | estructura: elementos=61 clipH=0 clipV-perdido=0 clipV-tras-scroll-local=38 ej: V-solo-con-scroll(ScrollViewer) boton "Categorias" 8,9px | V-solo-con-scroll(ScrollViewer) boton "Objectos por ID" 22px | V-solo-con-scroll(ScrollViewer) boton "1-400" 22px | V-solo-con-scroll(ScrollViewer) boton "401-800" 22px
FALLO: LIBRARY_RESPONSIVE_SOLO-CATEGORIAS - [lib-categoria-grande-1520x860-ES] Libreria 1520x860 SizeClass=Amplio idioma=es compacto=False: 38 elemento(s) de navegacion solo alcanzables desplazando un scroll local (categorias detras de un scroll)
LIB [lib-categoria-grande-1520x860-ES] Libreria 1520x860 SizeClass=Amplio idioma=es compacto=False | captura -> C:\Users\adrian\Downloads\Keep\Terrasavr-Win\Terrasavr-Native\docs\evidencia\responsive-global\faseD\lib-antes-lib-categoria-grande-1520x860-ES.png
LIB BUSQUEDA-AMPLIA Libreria 'a' 1520x860-ES: 0 resultados en pantalla (0 resultado(s).) en 302ms (incluye el debounce de 180ms)
LIB [lib-busqueda-amplia-1520x860-ES] Libreria 1520x860 SizeClass=Amplio idioma=es compacto=False | region 1325x266,6 | scroll owners V=2: ScrollViewer(vp=188,7 ext=612,6 scr=423,9 192x189); ScrollViewer(vp=161,4 ext=0 scr=0 1099x161) | scroll exterior que desplaza=ninguno
FALLO: LIBRARY_RESPONSIVE_SOLO-SCROLL-ANIDADO - [lib-busqueda-amplia-1520x860-ES] Libreria 1520x860 SizeClass=Amplio idioma=es compacto=False: 2 scroll owners verticales en la misma superficie (ScrollViewer(vp=188,7 ext=612,6 scr=423,9 192x189); ScrollViewer(vp=161,4 ext=0 scr=0 1099x161)) - s13 pide UNO (resultados)
LIB [lib-busqueda-amplia-1520x860-ES] Libreria 1520x860 SizeClass=Amplio idioma=es compacto=False | categorias principales enteras sin desplazar=7/10 'Ver todo' entero=True | zona de navegacion de categorias 13,65 175x612 | NO visibles: Categorias, Objectos por ID, Calamity (mod)
FALLO: LIBRARY_RESPONSIVE_SOLO-CATEGORIAS - [lib-busqueda-amplia-1520x860-ES] Libreria 1520x860 SizeClass=Amplio idioma=es compacto=False: solo 7/10 categorias principales se ven enteras sin desplazar (faltan: Categorias, Objectos por ID, Calamity (mod))
LIB [lib-busqueda-amplia-1520x860-ES] Libreria 1520x860 SizeClass=Amplio idioma=es compacto=False | resultados n=0 enteras sin desplazar=0 celda=0px cols=0 filas=0 ancho usado 0/1099px (0 %) | owner=ScrollViewer vp=161,4 ext=0 scr=0 | SlotGridPanel Columns=12 Adaptive=False MinCell=40 MaxCell=90
LIB [lib-busqueda-amplia-1520x860-ES] Libreria 1520x860 SizeClass=Amplio idioma=es compacto=False | estructura: elementos=60 clipH=0 clipV-perdido=0 clipV-tras-scroll-local=38 ej: V-solo-con-scroll(ScrollViewer) boton "Categorias" 8,9px | V-solo-con-scroll(ScrollViewer) boton "Objectos por ID" 22px | V-solo-con-scroll(ScrollViewer) boton "1-400" 22px | V-solo-con-scroll(ScrollViewer) boton "401-800" 22px
FALLO: LIBRARY_RESPONSIVE_SOLO-CATEGORIAS - [lib-busqueda-amplia-1520x860-ES] Libreria 1520x860 SizeClass=Amplio idioma=es compacto=False: 38 elemento(s) de navegacion solo alcanzables desplazando un scroll local (categorias detras de un scroll)
LIB [lib-busqueda-amplia-1520x860-ES] Libreria 1520x860 SizeClass=Amplio idioma=es compacto=False | captura -> C:\Users\adrian\Downloads\Keep\Terrasavr-Win\Terrasavr-Native\docs\evidencia\responsive-global\faseD\lib-antes-lib-busqueda-amplia-1520x860-ES.png
LIB [buff-vertodo-1520x860-ES] LibreriaBuffs 1520x860 SizeClass=Amplio idioma=es compacto=False | region 1325x262,6 | scroll owners V=2: ScrollViewer(vp=184,7 ext=184 scr=0 192x185); ScrollViewer(vp=157,4 ext=208 scr=50,6 1077x157) | scroll exterior que desplaza=ninguno
FALLO: LIBRARY_RESPONSIVE_SOLO-SCROLL-ANIDADO - [buff-vertodo-1520x860-ES] LibreriaBuffs 1520x860 SizeClass=Amplio idioma=es compacto=False: 2 scroll owners verticales en la misma superficie (ScrollViewer(vp=184,7 ext=184 scr=0 192x185); ScrollViewer(vp=157,4 ext=208 scr=50,6 1077x157)) - s13 pide UNO (resultados)
LIB [buff-vertodo-1520x860-ES] LibreriaBuffs 1520x860 SizeClass=Amplio idioma=es compacto=False | categorias principales enteras sin desplazar=8/8 'Ver todo' entero=True | zona de navegacion de categorias 13,65 192x183
LIB [buff-vertodo-1520x860-ES] LibreriaBuffs 1520x860 SizeClass=Amplio idioma=es compacto=False | tarjetas raiz: alto ocupado 208px de 157px del viewport (132 %)
LIB [buff-vertodo-1520x860-ES] LibreriaBuffs 1520x860 SizeClass=Amplio idioma=es compacto=False | tarjetas de carpeta raiz n=8 enteras sin desplazar=5 celda=212px cols=5 filas=2 ancho usado 1060/1060px (100 %) | owner=ScrollViewer vp=157,4 ext=208 scr=50,6
LIB [buff-vertodo-1520x860-ES] LibreriaBuffs 1520x860 SizeClass=Amplio idioma=es compacto=False | estructura: elementos=23 clipH=0 clipV-perdido=0 clipV-tras-scroll-local=0 
LIB [buff-vertodo-1520x860-ES] LibreriaBuffs 1520x860 SizeClass=Amplio idioma=es compacto=False | captura -> C:\Users\adrian\Downloads\Keep\Terrasavr-Win\Terrasavr-Native\docs\evidencia\responsive-global\faseD\lib-antes-buff-vertodo-1520x860-ES.png
LIB [buff-busqueda-amplia-1520x860-ES] LibreriaBuffs 1520x860 SizeClass=Amplio idioma=es compacto=False | region 1325x262,6 | scroll owners V=2: ScrollViewer(vp=184,7 ext=184 scr=0 192x185); ScrollViewer(vp=157,4 ext=0 scr=0 1099x157) | scroll exterior que desplaza=ninguno
FALLO: LIBRARY_RESPONSIVE_SOLO-SCROLL-ANIDADO - [buff-busqueda-amplia-1520x860-ES] LibreriaBuffs 1520x860 SizeClass=Amplio idioma=es compacto=False: 2 scroll owners verticales en la misma superficie (ScrollViewer(vp=184,7 ext=184 scr=0 192x185); ScrollViewer(vp=157,4 ext=0 scr=0 1099x157)) - s13 pide UNO (resultados)
LIB [buff-busqueda-amplia-1520x860-ES] LibreriaBuffs 1520x860 SizeClass=Amplio idioma=es compacto=False | categorias principales enteras sin desplazar=8/8 'Ver todo' entero=True | zona de navegacion de categorias 13,65 192x183
LIB [buff-busqueda-amplia-1520x860-ES] LibreriaBuffs 1520x860 SizeClass=Amplio idioma=es compacto=False | resultados n=0 enteras sin desplazar=0 celda=0px cols=0 filas=0 ancho usado 0/1099px (0 %) | owner=ScrollViewer vp=157,4 ext=0 scr=0 | SlotGridPanel Columns=11 Adaptive=False MinCell=40 MaxCell=90
LIB [buff-busqueda-amplia-1520x860-ES] LibreriaBuffs 1520x860 SizeClass=Amplio idioma=es compacto=False | estructura: elementos=22 clipH=0 clipV-perdido=0 clipV-tras-scroll-local=0 
LIB [buff-busqueda-amplia-1520x860-ES] LibreriaBuffs 1520x860 SizeClass=Amplio idioma=es compacto=False | captura -> C:\Users\adrian\Downloads\Keep\Terrasavr-Win\Terrasavr-Native\docs\evidencia\responsive-global\faseD\lib-antes-buff-busqueda-amplia-1520x860-ES.png
LIB [inv-vertodo-1520x860-ES] Investigacion 1520x860 SizeClass=Amplio idioma=es compacto=False | region 1325x656,5 | scroll owners V=2: ScrollViewer(vp=494 ext=244,6 scr=0 192x494); ScrollViewer(vp=466,7 ext=232,5 scr=0 1060x467) | scroll exterior que desplaza=ninguno
FALLO: LIBRARY_RESPONSIVE_SOLO-SCROLL-ANIDADO - [inv-vertodo-1520x860-ES] Investigacion 1520x860 SizeClass=Amplio idioma=es compacto=False: 2 scroll owners verticales en la misma superficie (ScrollViewer(vp=494 ext=244,6 scr=0 192x494); ScrollViewer(vp=466,7 ext=232,5 scr=0 1060x467)) - s13 pide UNO (resultados)
LIB [inv-vertodo-1520x860-ES] Investigacion 1520x860 SizeClass=Amplio idioma=es compacto=False | categorias principales enteras sin desplazar=10/10 'Ver todo' entero=True | zona de navegacion de categorias 13,150 192x244
LIB [inv-vertodo-1520x860-ES] Investigacion 1520x860 SizeClass=Amplio idioma=es compacto=False | tarjetas raiz: alto ocupado 232px de 467px del viewport (50 %)
LIB [inv-vertodo-1520x860-ES] Investigacion 1520x860 SizeClass=Amplio idioma=es compacto=False | tarjetas de carpeta raiz n=10 enteras sin desplazar=10 celda=212px cols=5 filas=2 ancho usado 1060/1060px (100 %) | owner=ScrollViewer vp=466,7 ext=232,5 scr=0
LIB [inv-vertodo-1520x860-ES] Investigacion 1520x860 SizeClass=Amplio idioma=es compacto=False | estructura: elementos=30 clipH=0 clipV-perdido=0 clipV-tras-scroll-local=0 
LIB [inv-vertodo-1520x860-ES] Investigacion 1520x860 SizeClass=Amplio idioma=es compacto=False | captura -> C:\Users\adrian\Downloads\Keep\Terrasavr-Win\Terrasavr-Native\docs\evidencia\responsive-global\faseD\lib-antes-inv-vertodo-1520x860-ES.png
LIB [inv-categoria-grande-1520x860-ES] Investigacion 1520x860 SizeClass=Amplio idioma=es compacto=False | region 1325x656,5 | scroll owners V=2: ScrollViewer(vp=494 ext=612,6 scr=118,6 192x494); ScrollViewer(vp=463,4 ext=649 scr=185,6 1099x463) | scroll exterior que desplaza=ninguno
FALLO: LIBRARY_RESPONSIVE_SOLO-SCROLL-ANIDADO - [inv-categoria-grande-1520x860-ES] Investigacion 1520x860 SizeClass=Amplio idioma=es compacto=False: 2 scroll owners verticales en la misma superficie (ScrollViewer(vp=494 ext=612,6 scr=118,6 192x494); ScrollViewer(vp=463,4 ext=649 scr=185,6 1099x463)) - s13 pide UNO (resultados)
LIB [inv-categoria-grande-1520x860-ES] Investigacion 1520x860 SizeClass=Amplio idioma=es compacto=False | categorias principales enteras sin desplazar=9/10 'Ver todo' entero=True | zona de navegacion de categorias 13,150 175x612 | NO visibles: Calamity (mod)
FALLO: LIBRARY_RESPONSIVE_SOLO-CATEGORIAS - [inv-categoria-grande-1520x860-ES] Investigacion 1520x860 SizeClass=Amplio idioma=es compacto=False: solo 9/10 categorias principales se ven enteras sin desplazar (faltan: Calamity (mod))
LIB [inv-categoria-grande-1520x860-ES] Investigacion 1520x860 SizeClass=Amplio idioma=es compacto=False | resultados n=100 enteras sin desplazar=67 celda=124,2px cols=81 filas=15 ancho usado 1072/1082px (99 %) | owner=ScrollViewer vp=463,4 ext=649 scr=185,6
LIB [inv-categoria-grande-1520x860-ES] Investigacion 1520x860 SizeClass=Amplio idioma=es compacto=False | estructura: elementos=66 clipH=0 clipV-perdido=0 clipV-tras-scroll-local=11 ej: V-solo-con-scroll(ScrollViewer) boton "4401-4800" 2,6px | V-solo-con-scroll(ScrollViewer) boton "4801-5200" 22px | V-solo-con-scroll(ScrollViewer) boton "5201-5600" 22px | V-solo-con-scroll(ScrollViewer) boton "5601-6000" 22px
FALLO: LIBRARY_RESPONSIVE_SOLO-CATEGORIAS - [inv-categoria-grande-1520x860-ES] Investigacion 1520x860 SizeClass=Amplio idioma=es compacto=False: 11 elemento(s) de navegacion solo alcanzables desplazando un scroll local (categorias detras de un scroll)
LIB [inv-categoria-grande-1520x860-ES] Investigacion 1520x860 SizeClass=Amplio idioma=es compacto=False | captura -> C:\Users\adrian\Downloads\Keep\Terrasavr-Win\Terrasavr-Native\docs\evidencia\responsive-global\faseD\lib-antes-inv-categoria-grande-1520x860-ES.png
LIB [lib-vertodo-1920x1080-ES] Libreria 1920x1080 SizeClass=Extra idioma=es compacto=False | region 1725x354,1 | scroll owners V=2: ScrollViewer(vp=276,2 ext=612,6 scr=336,4 192x276); ScrollViewer(vp=247,5 ext=233,8 scr=0 1484x248) | scroll exterior que desplaza=ninguno
FALLO: LIBRARY_RESPONSIVE_SOLO-SCROLL-ANIDADO - [lib-vertodo-1920x1080-ES] Libreria 1920x1080 SizeClass=Extra idioma=es compacto=False: 2 scroll owners verticales en la misma superficie (ScrollViewer(vp=276,2 ext=612,6 scr=336,4 192x276); ScrollViewer(vp=247,5 ext=233,8 scr=0 1484x248)) - s13 pide UNO (resultados)
LIB [lib-vertodo-1920x1080-ES] Libreria 1920x1080 SizeClass=Extra idioma=es compacto=False | categorias principales enteras sin desplazar=9/10 'Ver todo' entero=True | zona de navegacion de categorias 13,65 175x612 | NO visibles: Calamity (mod)
FALLO: LIBRARY_RESPONSIVE_SOLO-CATEGORIAS - [lib-vertodo-1920x1080-ES] Libreria 1920x1080 SizeClass=Extra idioma=es compacto=False: solo 9/10 categorias principales se ven enteras sin desplazar (faltan: Calamity (mod))
LIB [lib-vertodo-1920x1080-ES] Libreria 1920x1080 SizeClass=Extra idioma=es compacto=False | tarjetas raiz: alto ocupado 234px de 248px del viewport (94 %)
LIB [lib-vertodo-1920x1080-ES] Libreria 1920x1080 SizeClass=Extra idioma=es compacto=False | tarjetas de carpeta raiz n=10 enteras sin desplazar=10 celda=212px cols=7 filas=2 ancho usado 1484/1484px (100 %) | owner=ScrollViewer vp=247,5 ext=233,8 scr=0
LIB [lib-vertodo-1920x1080-ES] Libreria 1920x1080 SizeClass=Extra idioma=es compacto=False | estructura: elementos=61 clipH=0 clipV-perdido=0 clipV-tras-scroll-local=30 ej: V-solo-con-scroll(ScrollViewer) boton "801-1200" 13,4px | V-solo-con-scroll(ScrollViewer) boton "1201-1600" 22px | V-solo-con-scroll(ScrollViewer) boton "1601-2000" 22px | V-solo-con-scroll(ScrollViewer) boton "2001-2400" 22px
FALLO: LIBRARY_RESPONSIVE_SOLO-CATEGORIAS - [lib-vertodo-1920x1080-ES] Libreria 1920x1080 SizeClass=Extra idioma=es compacto=False: 30 elemento(s) de navegacion solo alcanzables desplazando un scroll local (categorias detras de un scroll)
LIB [lib-vertodo-1920x1080-ES] Libreria 1920x1080 SizeClass=Extra idioma=es compacto=False | captura -> C:\Users\adrian\Downloads\Keep\Terrasavr-Win\Terrasavr-Native\docs\evidencia\responsive-global\faseD\lib-antes-lib-vertodo-1920x1080-ES.png
LIB [lib-categoria-grande-1920x1080-ES] Libreria 1920x1080 SizeClass=Extra idioma=es compacto=False | region 1725x354,1 | scroll owners V=2: ScrollViewer(vp=276,2 ext=244,6 scr=0 192x276); ScrollViewer(vp=247,5 ext=392 scr=144,5 1499x248) | scroll exterior que desplaza=ninguno
FALLO: LIBRARY_RESPONSIVE_SOLO-SCROLL-ANIDADO - [lib-categoria-grande-1920x1080-ES] Libreria 1920x1080 SizeClass=Extra idioma=es compacto=False: 2 scroll owners verticales en la misma superficie (ScrollViewer(vp=276,2 ext=244,6 scr=0 192x276); ScrollViewer(vp=247,5 ext=392 scr=144,5 1499x248)) - s13 pide UNO (resultados)
LIB [lib-categoria-grande-1920x1080-ES] Libreria 1920x1080 SizeClass=Extra idioma=es compacto=False | categorias principales enteras sin desplazar=10/10 'Ver todo' entero=True | zona de navegacion de categorias 13,65 192x244
FALLO: LIBRARY_RESPONSIVE_SOLO-COLUMNAS - [lib-categoria-grande-1920x1080-ES] Libreria 1920x1080 SizeClass=Extra idioma=es compacto=False: con 100 resultados la rejilla usa solo 524/1482px (35 %) - 12 columnas fijas de 40px
LIB [lib-categoria-grande-1920x1080-ES] Libreria 1920x1080 SizeClass=Extra idioma=es compacto=False | resultados n=100 enteras sin desplazar=60 celda=40px cols=12 filas=9 ancho usado 524/1482px (35 %) | owner=ScrollViewer vp=247,5 ext=392 scr=144,5 | SlotGridPanel Columns=12 Adaptive=False MinCell=40 MaxCell=90
LIB [lib-categoria-grande-1920x1080-ES] Libreria 1920x1080 SizeClass=Extra idioma=es compacto=False | estructura: elementos=29 clipH=0 clipV-perdido=0 clipV-tras-scroll-local=0 
LIB [lib-categoria-grande-1920x1080-ES] Libreria 1920x1080 SizeClass=Extra idioma=es compacto=False | captura -> C:\Users\adrian\Downloads\Keep\Terrasavr-Win\Terrasavr-Native\docs\evidencia\responsive-global\faseD\lib-antes-lib-categoria-grande-1920x1080-ES.png
LIB BUSQUEDA-AMPLIA Libreria 'a' 1920x1080-ES: 0 resultados en pantalla (0 resultado(s).) en 317ms (incluye el debounce de 180ms)
LIB [lib-busqueda-amplia-1920x1080-ES] Libreria 1920x1080 SizeClass=Extra idioma=es compacto=False | region 1725x354,1 | scroll owners V=2: ScrollViewer(vp=276,2 ext=244,6 scr=0 192x276); ScrollViewer(vp=247,5 ext=0 scr=0 1499x248) | scroll exterior que desplaza=ninguno
FALLO: LIBRARY_RESPONSIVE_SOLO-SCROLL-ANIDADO - [lib-busqueda-amplia-1920x1080-ES] Libreria 1920x1080 SizeClass=Extra idioma=es compacto=False: 2 scroll owners verticales en la misma superficie (ScrollViewer(vp=276,2 ext=244,6 scr=0 192x276); ScrollViewer(vp=247,5 ext=0 scr=0 1499x248)) - s13 pide UNO (resultados)
LIB [lib-busqueda-amplia-1920x1080-ES] Libreria 1920x1080 SizeClass=Extra idioma=es compacto=False | categorias principales enteras sin desplazar=10/10 'Ver todo' entero=True | zona de navegacion de categorias 13,65 192x244
LIB [lib-busqueda-amplia-1920x1080-ES] Libreria 1920x1080 SizeClass=Extra idioma=es compacto=False | resultados n=0 enteras sin desplazar=0 celda=0px cols=0 filas=0 ancho usado 0/1499px (0 %) | owner=ScrollViewer vp=247,5 ext=0 scr=0 | SlotGridPanel Columns=12 Adaptive=False MinCell=40 MaxCell=90
LIB [lib-busqueda-amplia-1920x1080-ES] Libreria 1920x1080 SizeClass=Extra idioma=es compacto=False | estructura: elementos=28 clipH=0 clipV-perdido=0 clipV-tras-scroll-local=0 
LIB [lib-busqueda-amplia-1920x1080-ES] Libreria 1920x1080 SizeClass=Extra idioma=es compacto=False | captura -> C:\Users\adrian\Downloads\Keep\Terrasavr-Win\Terrasavr-Native\docs\evidencia\responsive-global\faseD\lib-antes-lib-busqueda-amplia-1920x1080-ES.png
LIB [buff-vertodo-1920x1080-ES] LibreriaBuffs 1920x1080 SizeClass=Extra idioma=es compacto=False | region 1725x350,1 | scroll owners V=2: ScrollViewer(vp=272,2 ext=184 scr=0 192x272); ScrollViewer(vp=243,5 ext=208 scr=0 1484x244) | scroll exterior que desplaza=ninguno
FALLO: LIBRARY_RESPONSIVE_SOLO-SCROLL-ANIDADO - [buff-vertodo-1920x1080-ES] LibreriaBuffs 1920x1080 SizeClass=Extra idioma=es compacto=False: 2 scroll owners verticales en la misma superficie (ScrollViewer(vp=272,2 ext=184 scr=0 192x272); ScrollViewer(vp=243,5 ext=208 scr=0 1484x244)) - s13 pide UNO (resultados)
LIB [buff-vertodo-1920x1080-ES] LibreriaBuffs 1920x1080 SizeClass=Extra idioma=es compacto=False | categorias principales enteras sin desplazar=8/8 'Ver todo' entero=True | zona de navegacion de categorias 13,65 192x183
LIB [buff-vertodo-1920x1080-ES] LibreriaBuffs 1920x1080 SizeClass=Extra idioma=es compacto=False | tarjetas raiz: alto ocupado 208px de 244px del viewport (85 %)
LIB [buff-vertodo-1920x1080-ES] LibreriaBuffs 1920x1080 SizeClass=Extra idioma=es compacto=False | tarjetas de carpeta raiz n=8 enteras sin desplazar=8 celda=212px cols=7 filas=2 ancho usado 1484/1484px (100 %) | owner=ScrollViewer vp=243,5 ext=208 scr=0
LIB [buff-vertodo-1920x1080-ES] LibreriaBuffs 1920x1080 SizeClass=Extra idioma=es compacto=False | estructura: elementos=23 clipH=0 clipV-perdido=0 clipV-tras-scroll-local=0 
LIB [buff-vertodo-1920x1080-ES] LibreriaBuffs 1920x1080 SizeClass=Extra idioma=es compacto=False | captura -> C:\Users\adrian\Downloads\Keep\Terrasavr-Win\Terrasavr-Native\docs\evidencia\responsive-global\faseD\lib-antes-buff-vertodo-1920x1080-ES.png
LIB [buff-busqueda-amplia-1920x1080-ES] LibreriaBuffs 1920x1080 SizeClass=Extra idioma=es compacto=False | region 1725x350,1 | scroll owners V=2: ScrollViewer(vp=272,2 ext=184 scr=0 192x272); ScrollViewer(vp=243,5 ext=0 scr=0 1499x244) | scroll exterior que desplaza=ninguno
FALLO: LIBRARY_RESPONSIVE_SOLO-SCROLL-ANIDADO - [buff-busqueda-amplia-1920x1080-ES] LibreriaBuffs 1920x1080 SizeClass=Extra idioma=es compacto=False: 2 scroll owners verticales en la misma superficie (ScrollViewer(vp=272,2 ext=184 scr=0 192x272); ScrollViewer(vp=243,5 ext=0 scr=0 1499x244)) - s13 pide UNO (resultados)
LIB [buff-busqueda-amplia-1920x1080-ES] LibreriaBuffs 1920x1080 SizeClass=Extra idioma=es compacto=False | categorias principales enteras sin desplazar=8/8 'Ver todo' entero=True | zona de navegacion de categorias 13,65 192x183
LIB [buff-busqueda-amplia-1920x1080-ES] LibreriaBuffs 1920x1080 SizeClass=Extra idioma=es compacto=False | resultados n=0 enteras sin desplazar=0 celda=0px cols=0 filas=0 ancho usado 0/1499px (0 %) | owner=ScrollViewer vp=243,5 ext=0 scr=0 | SlotGridPanel Columns=11 Adaptive=False MinCell=40 MaxCell=90
LIB [buff-busqueda-amplia-1920x1080-ES] LibreriaBuffs 1920x1080 SizeClass=Extra idioma=es compacto=False | estructura: elementos=22 clipH=0 clipV-perdido=0 clipV-tras-scroll-local=0 
LIB [buff-busqueda-amplia-1920x1080-ES] LibreriaBuffs 1920x1080 SizeClass=Extra idioma=es compacto=False | captura -> C:\Users\adrian\Downloads\Keep\Terrasavr-Win\Terrasavr-Native\docs\evidencia\responsive-global\faseD\lib-antes-buff-busqueda-amplia-1920x1080-ES.png
LIB [inv-vertodo-1920x1080-ES] Investigacion 1920x1080 SizeClass=Extra idioma=es compacto=False | region 1725x875,2 | scroll owners V=2: ScrollViewer(vp=711,4 ext=612,6 scr=0 192x711); ScrollViewer(vp=682,7 ext=233,8 scr=0 1484x683) | scroll exterior que desplaza=ninguno
FALLO: LIBRARY_RESPONSIVE_SOLO-SCROLL-ANIDADO - [inv-vertodo-1920x1080-ES] Investigacion 1920x1080 SizeClass=Extra idioma=es compacto=False: 2 scroll owners verticales en la misma superficie (ScrollViewer(vp=711,4 ext=612,6 scr=0 192x711); ScrollViewer(vp=682,7 ext=233,8 scr=0 1484x683)) - s13 pide UNO (resultados)
LIB [inv-vertodo-1920x1080-ES] Investigacion 1920x1080 SizeClass=Extra idioma=es compacto=False | categorias principales enteras sin desplazar=10/10 'Ver todo' entero=True | zona de navegacion de categorias 13,151 192x612
LIB [inv-vertodo-1920x1080-ES] Investigacion 1920x1080 SizeClass=Extra idioma=es compacto=False | tarjetas raiz: alto ocupado 234px de 683px del viewport (34 %)
LIB [inv-vertodo-1920x1080-ES] Investigacion 1920x1080 SizeClass=Extra idioma=es compacto=False | tarjetas de carpeta raiz n=10 enteras sin desplazar=10 celda=212px cols=7 filas=2 ancho usado 1484/1484px (100 %) | owner=ScrollViewer vp=682,7 ext=233,8 scr=0
LIB [inv-vertodo-1920x1080-ES] Investigacion 1920x1080 SizeClass=Extra idioma=es compacto=False | estructura: elementos=62 clipH=0 clipV-perdido=0 clipV-tras-scroll-local=0 
LIB [inv-vertodo-1920x1080-ES] Investigacion 1920x1080 SizeClass=Extra idioma=es compacto=False | captura -> C:\Users\adrian\Downloads\Keep\Terrasavr-Win\Terrasavr-Native\docs\evidencia\responsive-global\faseD\lib-antes-inv-vertodo-1920x1080-ES.png
LIB [inv-categoria-grande-1920x1080-ES] Investigacion 1920x1080 SizeClass=Extra idioma=es compacto=False | region 1725x875,2 | scroll owners V=2: ScrollViewer(vp=711,4 ext=244,6 scr=0 192x711); ScrollViewer(vp=680,7 ext=535,2 scr=0 1499x681) | scroll exterior que desplaza=ninguno
FALLO: LIBRARY_RESPONSIVE_SOLO-SCROLL-ANIDADO - [inv-categoria-grande-1920x1080-ES] Investigacion 1920x1080 SizeClass=Extra idioma=es compacto=False: 2 scroll owners verticales en la misma superficie (ScrollViewer(vp=711,4 ext=244,6 scr=0 192x711); ScrollViewer(vp=680,7 ext=535,2 scr=0 1499x681)) - s13 pide UNO (resultados)
LIB [inv-categoria-grande-1920x1080-ES] Investigacion 1920x1080 SizeClass=Extra idioma=es compacto=False | categorias principales enteras sin desplazar=10/10 'Ver todo' entero=True | zona de navegacion de categorias 13,151 192x244
LIB [inv-categoria-grande-1920x1080-ES] Investigacion 1920x1080 SizeClass=Extra idioma=es compacto=False | resultados n=100 enteras sin desplazar=100 celda=124,2px cols=83 filas=12 ancho usado 1462/1499px (98 %) | owner=ScrollViewer vp=680,7 ext=535,2 scr=0
LIB [inv-categoria-grande-1920x1080-ES] Investigacion 1920x1080 SizeClass=Extra idioma=es compacto=False | estructura: elementos=34 clipH=0 clipV-perdido=0 clipV-tras-scroll-local=0 
LIB [inv-categoria-grande-1920x1080-ES] Investigacion 1920x1080 SizeClass=Extra idioma=es compacto=False | captura -> C:\Users\adrian\Downloads\Keep\Terrasavr-Win\Terrasavr-Native\docs\evidencia\responsive-global\faseD\lib-antes-inv-categoria-grande-1920x1080-ES.png
LIB [lib-vertodo-2560x1440-ES] Libreria 2560x1440 SizeClass=Extra idioma=es compacto=False | region 2365x690,2 | scroll owners V=2: ScrollViewer(vp=612,3 ext=244,6 scr=0 192x612); ScrollViewer(vp=583,7 ext=131,8 scr=0 2120x584) | scroll exterior que desplaza=ninguno
FALLO: LIBRARY_RESPONSIVE_SOLO-SCROLL-ANIDADO - [lib-vertodo-2560x1440-ES] Libreria 2560x1440 SizeClass=Extra idioma=es compacto=False: 2 scroll owners verticales en la misma superficie (ScrollViewer(vp=612,3 ext=244,6 scr=0 192x612); ScrollViewer(vp=583,7 ext=131,8 scr=0 2120x584)) - s13 pide UNO (resultados)
LIB [lib-vertodo-2560x1440-ES] Libreria 2560x1440 SizeClass=Extra idioma=es compacto=False | categorias principales enteras sin desplazar=10/10 'Ver todo' entero=True | zona de navegacion de categorias 13,65 192x244
LIB [lib-vertodo-2560x1440-ES] Libreria 2560x1440 SizeClass=Extra idioma=es compacto=False | tarjetas raiz: alto ocupado 132px de 584px del viewport (23 %)
LIB [lib-vertodo-2560x1440-ES] Libreria 2560x1440 SizeClass=Extra idioma=es compacto=False | tarjetas de carpeta raiz n=10 enteras sin desplazar=10 celda=212px cols=10 filas=1 ancho usado 2120/2120px (100 %) | owner=ScrollViewer vp=583,7 ext=131,8 scr=0
LIB [lib-vertodo-2560x1440-ES] Libreria 2560x1440 SizeClass=Extra idioma=es compacto=False | estructura: elementos=29 clipH=0 clipV-perdido=0 clipV-tras-scroll-local=0 
LIB [lib-vertodo-2560x1440-ES] Libreria 2560x1440 SizeClass=Extra idioma=es compacto=False | captura -> C:\Users\adrian\Downloads\Keep\Terrasavr-Win\Terrasavr-Native\docs\evidencia\responsive-global\faseD\lib-antes-lib-vertodo-2560x1440-ES.png
LIB [lib-categoria-grande-2560x1440-ES] Libreria 2560x1440 SizeClass=Extra idioma=es compacto=False | region 2365x690,2 | scroll owners V=2: ScrollViewer(vp=612,3 ext=612,6 scr=0,3 192x612); ScrollViewer(vp=583,7 ext=583,7 scr=0 2139x584) | scroll exterior que desplaza=ninguno
FALLO: LIBRARY_RESPONSIVE_SOLO-SCROLL-ANIDADO - [lib-categoria-grande-2560x1440-ES] Libreria 2560x1440 SizeClass=Extra idioma=es compacto=False: 2 scroll owners verticales en la misma superficie (ScrollViewer(vp=612,3 ext=612,6 scr=0,3 192x612); ScrollViewer(vp=583,7 ext=583,7 scr=0 2139x584)) - s13 pide UNO (resultados)
LIB [lib-categoria-grande-2560x1440-ES] Libreria 2560x1440 SizeClass=Extra idioma=es compacto=False | categorias principales enteras sin desplazar=10/10 'Ver todo' entero=True | zona de navegacion de categorias 13,65 175x612
FALLO: LIBRARY_RESPONSIVE_SOLO-COLUMNAS - [lib-categoria-grande-2560x1440-ES] Libreria 2560x1440 SizeClass=Extra idioma=es compacto=False: con 100 resultados la rejilla usa solo 780/2139px (36 %) - 12 columnas fijas de 61,3px
LIB [lib-categoria-grande-2560x1440-ES] Libreria 2560x1440 SizeClass=Extra idioma=es compacto=False | resultados n=100 enteras sin desplazar=100 celda=61,3px cols=12 filas=9 ancho usado 780/2139px (36 %) | owner=ScrollViewer vp=583,7 ext=583,7 scr=0 | SlotGridPanel Columns=12 Adaptive=False MinCell=40 MaxCell=90
LIB [lib-categoria-grande-2560x1440-ES] Libreria 2560x1440 SizeClass=Extra idioma=es compacto=False | estructura: elementos=61 clipH=0 clipV-perdido=0 clipV-tras-scroll-local=0 
LIB [lib-categoria-grande-2560x1440-ES] Libreria 2560x1440 SizeClass=Extra idioma=es compacto=False | captura -> C:\Users\adrian\Downloads\Keep\Terrasavr-Win\Terrasavr-Native\docs\evidencia\responsive-global\faseD\lib-antes-lib-categoria-grande-2560x1440-ES.png
LIB BUSQUEDA-AMPLIA Libreria 'a' 2560x1440-ES: 0 resultados en pantalla (0 resultado(s).) en 316ms (incluye el debounce de 180ms)
LIB [lib-busqueda-amplia-2560x1440-ES] Libreria 2560x1440 SizeClass=Extra idioma=es compacto=False | region 2365x690,2 | scroll owners V=2: ScrollViewer(vp=612,3 ext=612,6 scr=0,3 192x612); ScrollViewer(vp=583,7 ext=0 scr=0 2139x584) | scroll exterior que desplaza=ninguno
FALLO: LIBRARY_RESPONSIVE_SOLO-SCROLL-ANIDADO - [lib-busqueda-amplia-2560x1440-ES] Libreria 2560x1440 SizeClass=Extra idioma=es compacto=False: 2 scroll owners verticales en la misma superficie (ScrollViewer(vp=612,3 ext=612,6 scr=0,3 192x612); ScrollViewer(vp=583,7 ext=0 scr=0 2139x584)) - s13 pide UNO (resultados)
LIB [lib-busqueda-amplia-2560x1440-ES] Libreria 2560x1440 SizeClass=Extra idioma=es compacto=False | categorias principales enteras sin desplazar=10/10 'Ver todo' entero=True | zona de navegacion de categorias 13,65 175x612
LIB [lib-busqueda-amplia-2560x1440-ES] Libreria 2560x1440 SizeClass=Extra idioma=es compacto=False | resultados n=0 enteras sin desplazar=0 celda=0px cols=0 filas=0 ancho usado 0/2139px (0 %) | owner=ScrollViewer vp=583,7 ext=0 scr=0 | SlotGridPanel Columns=12 Adaptive=False MinCell=40 MaxCell=90
LIB [lib-busqueda-amplia-2560x1440-ES] Libreria 2560x1440 SizeClass=Extra idioma=es compacto=False | estructura: elementos=60 clipH=0 clipV-perdido=0 clipV-tras-scroll-local=0 
LIB [lib-busqueda-amplia-2560x1440-ES] Libreria 2560x1440 SizeClass=Extra idioma=es compacto=False | captura -> C:\Users\adrian\Downloads\Keep\Terrasavr-Win\Terrasavr-Native\docs\evidencia\responsive-global\faseD\lib-antes-lib-busqueda-amplia-2560x1440-ES.png
LIB [buff-vertodo-2560x1440-ES] LibreriaBuffs 2560x1440 SizeClass=Extra idioma=es compacto=False | region 2365x494,1 | scroll owners V=2: ScrollViewer(vp=416,2 ext=184 scr=0 192x416); ScrollViewer(vp=387,5 ext=106 scr=0 1696x388) | scroll exterior que desplaza=ninguno
FALLO: LIBRARY_RESPONSIVE_SOLO-SCROLL-ANIDADO - [buff-vertodo-2560x1440-ES] LibreriaBuffs 2560x1440 SizeClass=Extra idioma=es compacto=False: 2 scroll owners verticales en la misma superficie (ScrollViewer(vp=416,2 ext=184 scr=0 192x416); ScrollViewer(vp=387,5 ext=106 scr=0 1696x388)) - s13 pide UNO (resultados)
LIB [buff-vertodo-2560x1440-ES] LibreriaBuffs 2560x1440 SizeClass=Extra idioma=es compacto=False | categorias principales enteras sin desplazar=8/8 'Ver todo' entero=True | zona de navegacion de categorias 13,65 192x183
LIB [buff-vertodo-2560x1440-ES] LibreriaBuffs 2560x1440 SizeClass=Extra idioma=es compacto=False | tarjetas raiz: alto ocupado 106px de 388px del viewport (27 %)
LIB [buff-vertodo-2560x1440-ES] LibreriaBuffs 2560x1440 SizeClass=Extra idioma=es compacto=False | tarjetas de carpeta raiz n=8 enteras sin desplazar=8 celda=212px cols=8 filas=1 ancho usado 1696/1696px (100 %) | owner=ScrollViewer vp=387,5 ext=106 scr=0
LIB [buff-vertodo-2560x1440-ES] LibreriaBuffs 2560x1440 SizeClass=Extra idioma=es compacto=False | estructura: elementos=23 clipH=0 clipV-perdido=0 clipV-tras-scroll-local=0 
LIB [buff-vertodo-2560x1440-ES] LibreriaBuffs 2560x1440 SizeClass=Extra idioma=es compacto=False | captura -> C:\Users\adrian\Downloads\Keep\Terrasavr-Win\Terrasavr-Native\docs\evidencia\responsive-global\faseD\lib-antes-buff-vertodo-2560x1440-ES.png
LIB [buff-busqueda-amplia-2560x1440-ES] LibreriaBuffs 2560x1440 SizeClass=Extra idioma=es compacto=False | region 2365x494,1 | scroll owners V=2: ScrollViewer(vp=416,2 ext=184 scr=0 192x416); ScrollViewer(vp=387,5 ext=0 scr=0 2139x388) | scroll exterior que desplaza=ninguno
FALLO: LIBRARY_RESPONSIVE_SOLO-SCROLL-ANIDADO - [buff-busqueda-amplia-2560x1440-ES] LibreriaBuffs 2560x1440 SizeClass=Extra idioma=es compacto=False: 2 scroll owners verticales en la misma superficie (ScrollViewer(vp=416,2 ext=184 scr=0 192x416); ScrollViewer(vp=387,5 ext=0 scr=0 2139x388)) - s13 pide UNO (resultados)
LIB [buff-busqueda-amplia-2560x1440-ES] LibreriaBuffs 2560x1440 SizeClass=Extra idioma=es compacto=False | categorias principales enteras sin desplazar=8/8 'Ver todo' entero=True | zona de navegacion de categorias 13,65 192x183
LIB [buff-busqueda-amplia-2560x1440-ES] LibreriaBuffs 2560x1440 SizeClass=Extra idioma=es compacto=False | resultados n=0 enteras sin desplazar=0 celda=0px cols=0 filas=0 ancho usado 0/2139px (0 %) | owner=ScrollViewer vp=387,5 ext=0 scr=0 | SlotGridPanel Columns=11 Adaptive=False MinCell=40 MaxCell=90
LIB [buff-busqueda-amplia-2560x1440-ES] LibreriaBuffs 2560x1440 SizeClass=Extra idioma=es compacto=False | estructura: elementos=22 clipH=0 clipV-perdido=0 clipV-tras-scroll-local=0 
LIB [buff-busqueda-amplia-2560x1440-ES] LibreriaBuffs 2560x1440 SizeClass=Extra idioma=es compacto=False | captura -> C:\Users\adrian\Downloads\Keep\Terrasavr-Win\Terrasavr-Native\docs\evidencia\responsive-global\faseD\lib-antes-buff-busqueda-amplia-2560x1440-ES.png
LIB [inv-vertodo-2560x1440-ES] Investigacion 2560x1440 SizeClass=Extra idioma=es compacto=False | region 2365x1235,2 | scroll owners V=2: ScrollViewer(vp=1071,4 ext=244,6 scr=0 192x1071); ScrollViewer(vp=1042,7 ext=131,8 scr=0 2120x1043) | scroll exterior que desplaza=ninguno
FALLO: LIBRARY_RESPONSIVE_SOLO-SCROLL-ANIDADO - [inv-vertodo-2560x1440-ES] Investigacion 2560x1440 SizeClass=Extra idioma=es compacto=False: 2 scroll owners verticales en la misma superficie (ScrollViewer(vp=1071,4 ext=244,6 scr=0 192x1071); ScrollViewer(vp=1042,7 ext=131,8 scr=0 2120x1043)) - s13 pide UNO (resultados)
LIB [inv-vertodo-2560x1440-ES] Investigacion 2560x1440 SizeClass=Extra idioma=es compacto=False | categorias principales enteras sin desplazar=10/10 'Ver todo' entero=True | zona de navegacion de categorias 13,151 192x244
LIB [inv-vertodo-2560x1440-ES] Investigacion 2560x1440 SizeClass=Extra idioma=es compacto=False | tarjetas raiz: alto ocupado 132px de 1043px del viewport (13 %)
LIB [inv-vertodo-2560x1440-ES] Investigacion 2560x1440 SizeClass=Extra idioma=es compacto=False | tarjetas de carpeta raiz n=10 enteras sin desplazar=10 celda=212px cols=10 filas=1 ancho usado 2120/2120px (100 %) | owner=ScrollViewer vp=1042,7 ext=131,8 scr=0
LIB [inv-vertodo-2560x1440-ES] Investigacion 2560x1440 SizeClass=Extra idioma=es compacto=False | estructura: elementos=30 clipH=0 clipV-perdido=0 clipV-tras-scroll-local=0 
LIB [inv-vertodo-2560x1440-ES] Investigacion 2560x1440 SizeClass=Extra idioma=es compacto=False | captura -> C:\Users\adrian\Downloads\Keep\Terrasavr-Win\Terrasavr-Native\docs\evidencia\responsive-global\faseD\lib-antes-inv-vertodo-2560x1440-ES.png
LIB [inv-categoria-grande-2560x1440-ES] Investigacion 2560x1440 SizeClass=Extra idioma=es compacto=False | region 2365x1235,2 | scroll owners V=2: ScrollViewer(vp=1071,4 ext=612,6 scr=0 192x1071); ScrollViewer(vp=1040,7 ext=356,8 scr=0 2139x1041) | scroll exterior que desplaza=ninguno
FALLO: LIBRARY_RESPONSIVE_SOLO-SCROLL-ANIDADO - [inv-categoria-grande-2560x1440-ES] Investigacion 2560x1440 SizeClass=Extra idioma=es compacto=False: 2 scroll owners verticales en la misma superficie (ScrollViewer(vp=1071,4 ext=612,6 scr=0 192x1071); ScrollViewer(vp=1040,7 ext=356,8 scr=0 2139x1041)) - s13 pide UNO (resultados)
LIB [inv-categoria-grande-2560x1440-ES] Investigacion 2560x1440 SizeClass=Extra idioma=es compacto=False | categorias principales enteras sin desplazar=10/10 'Ver todo' entero=True | zona de navegacion de categorias 13,151 192x612
LIB [inv-categoria-grande-2560x1440-ES] Investigacion 2560x1440 SizeClass=Extra idioma=es compacto=False | resultados n=100 enteras sin desplazar=100 celda=124,2px cols=91 filas=8 ancho usado 2132/2139px (100 %) | owner=ScrollViewer vp=1040,7 ext=356,8 scr=0
LIB [inv-categoria-grande-2560x1440-ES] Investigacion 2560x1440 SizeClass=Extra idioma=es compacto=False | estructura: elementos=66 clipH=0 clipV-perdido=0 clipV-tras-scroll-local=0 
LIB [inv-categoria-grande-2560x1440-ES] Investigacion 2560x1440 SizeClass=Extra idioma=es compacto=False | captura -> C:\Users\adrian\Downloads\Keep\Terrasavr-Win\Terrasavr-Native\docs\evidencia\responsive-global\faseD\lib-antes-inv-categoria-grande-2560x1440-ES.png
LIB [lib-vertodo-1080x700-EN] Libreria 1080x700 SizeClass=Compacto idioma=en compacto=False | region 961,2x202,6 | scroll owners V=2: ScrollViewer(vp=124,7 ext=598 scr=473,3 192x125); ScrollViewer(vp=97,4 ext=417,9 scr=320,5 653x97) | scroll exterior que desplaza=ninguno
FALLO: LIBRARY_RESPONSIVE_SOLO-SCROLL-ANIDADO - [lib-vertodo-1080x700-EN] Libreria 1080x700 SizeClass=Compacto idioma=en compacto=False: 2 scroll owners verticales en la misma superficie (ScrollViewer(vp=124,7 ext=598 scr=473,3 192x125); ScrollViewer(vp=97,4 ext=417,9 scr=320,5 653x97)) - s13 pide UNO (resultados)
LIB [lib-vertodo-1080x700-EN] Libreria 1080x700 SizeClass=Compacto idioma=en compacto=False | categorias principales enteras sin desplazar=5/10 'Ver todo' entero=True | zona de navegacion de categorias 13,65 175x597 | NO visibles: Bosses & events, Quest fish, Categories, Items by ID, Calamity (mod)
FALLO: LIBRARY_RESPONSIVE_SOLO-CATEGORIAS - [lib-vertodo-1080x700-EN] Libreria 1080x700 SizeClass=Compacto idioma=en compacto=False: solo 5/10 categorias principales se ven enteras sin desplazar (faltan: Bosses & events, Quest fish, Categories, Items by ID, Calamity (mod))
FALLO: LIBRARY_RESPONSIVE_SOLO-RESULTADOS - [lib-vertodo-1080x700-EN] Libreria 1080x700 SizeClass=Compacto idioma=en compacto=False: el viewport de resultados (alto 97,4px) no ense¤a ni una celda entera
LIB [lib-vertodo-1080x700-EN] Libreria 1080x700 SizeClass=Compacto idioma=en compacto=False | tarjetas raiz: alto ocupado 418px de 97px del viewport (429 %)
LIB [lib-vertodo-1080x700-EN] Libreria 1080x700 SizeClass=Compacto idioma=en compacto=False | tarjetas de carpeta raiz n=10 enteras sin desplazar=0 celda=212px cols=3 filas=4 ancho usado 636/636px (100 %) | owner=ScrollViewer vp=97,4 ext=417,9 scr=320,5
LIB [lib-vertodo-1080x700-EN] Libreria 1080x700 SizeClass=Compacto idioma=en compacto=False | estructura: elementos=61 clipH=0 clipV-perdido=0 clipV-tras-scroll-local=42 ej: V-solo-con-scroll(ScrollViewer) boton "Bosses & events" 12,3px | V-solo-con-scroll(ScrollViewer) boton "Quest fish" 22px | V-solo-con-scroll(ScrollViewer) boton "Categories" 22px | V-solo-con-scroll(ScrollViewer) boton "Items by ID" 22px
FALLO: LIBRARY_RESPONSIVE_SOLO-CATEGORIAS - [lib-vertodo-1080x700-EN] Libreria 1080x700 SizeClass=Compacto idioma=en compacto=False: 42 elemento(s) de navegacion solo alcanzables desplazando un scroll local (categorias detras de un scroll)
LIB [lib-vertodo-1080x700-EN] Libreria 1080x700 SizeClass=Compacto idioma=en compacto=False | captura -> C:\Users\adrian\Downloads\Keep\Terrasavr-Win\Terrasavr-Native\docs\evidencia\responsive-global\faseD\lib-antes-lib-vertodo-1080x700-EN.png
LIB [lib-categoria-grande-1080x700-EN] Libreria 1080x700 SizeClass=Compacto idioma=en compacto=False | region 961,2x202,6 | scroll owners V=2: ScrollViewer(vp=124,7 ext=230 scr=105,3 192x125); ScrollViewer(vp=97,4 ext=392 scr=294,6 735x97) | scroll exterior que desplaza=ninguno
FALLO: LIBRARY_RESPONSIVE_SOLO-SCROLL-ANIDADO - [lib-categoria-grande-1080x700-EN] Libreria 1080x700 SizeClass=Compacto idioma=en compacto=False: 2 scroll owners verticales en la misma superficie (ScrollViewer(vp=124,7 ext=230 scr=105,3 192x125); ScrollViewer(vp=97,4 ext=392 scr=294,6 735x97)) - s13 pide UNO (resultados)
LIB [lib-categoria-grande-1080x700-EN] Libreria 1080x700 SizeClass=Compacto idioma=en compacto=False | categorias principales enteras sin desplazar=5/10 'Ver todo' entero=True | zona de navegacion de categorias 13,65 175x229 | NO visibles: Bosses & events, Quest fish, Categories, Items by ID, Calamity (mod)
FALLO: LIBRARY_RESPONSIVE_SOLO-CATEGORIAS - [lib-categoria-grande-1080x700-EN] Libreria 1080x700 SizeClass=Compacto idioma=en compacto=False: solo 5/10 categorias principales se ven enteras sin desplazar (faltan: Bosses & events, Quest fish, Categories, Items by ID, Calamity (mod))
FALLO: LIBRARY_RESPONSIVE_SOLO-COLUMNAS - [lib-categoria-grande-1080x700-EN] Libreria 1080x700 SizeClass=Compacto idioma=en compacto=False: con 100 resultados la rejilla usa solo 524/718px (73 %) - 12 columnas fijas de 40px
LIB [lib-categoria-grande-1080x700-EN] Libreria 1080x700 SizeClass=Compacto idioma=en compacto=False | resultados n=100 enteras sin desplazar=24 celda=40px cols=12 filas=9 ancho usado 524/718px (73 %) | owner=ScrollViewer vp=97,4 ext=392 scr=294,6 | SlotGridPanel Columns=12 Adaptive=False MinCell=40 MaxCell=90
LIB [lib-categoria-grande-1080x700-EN] Libreria 1080x700 SizeClass=Compacto idioma=en compacto=False | estructura: elementos=29 clipH=0 clipV-perdido=0 clipV-tras-scroll-local=10 ej: V-solo-con-scroll(ScrollViewer) boton "Bosses & events" 12,3px | V-solo-con-scroll(ScrollViewer) boton "Quest fish" 22px | V-solo-con-scroll(ScrollViewer) boton "Categories" 22px | V-solo-con-scroll(ScrollViewer) boton "Items by ID" 22px
FALLO: LIBRARY_RESPONSIVE_SOLO-CATEGORIAS - [lib-categoria-grande-1080x700-EN] Libreria 1080x700 SizeClass=Compacto idioma=en compacto=False: 10 elemento(s) de navegacion solo alcanzables desplazando un scroll local (categorias detras de un scroll)
LIB [lib-categoria-grande-1080x700-EN] Libreria 1080x700 SizeClass=Compacto idioma=en compacto=False | captura -> C:\Users\adrian\Downloads\Keep\Terrasavr-Win\Terrasavr-Native\docs\evidencia\responsive-global\faseD\lib-antes-lib-categoria-grande-1080x700-EN.png
LIB BUSQUEDA-AMPLIA Libreria 'a' 1080x700-EN: 0 resultados en pantalla (0 result(s).) en 313ms (incluye el debounce de 180ms)
LIB [lib-busqueda-amplia-1080x700-EN] Libreria 1080x700 SizeClass=Compacto idioma=en compacto=False | region 961,2x202,6 | scroll owners V=2: ScrollViewer(vp=124,7 ext=230 scr=105,3 192x125); ScrollViewer(vp=97,4 ext=0 scr=0 735x97) | scroll exterior que desplaza=ninguno
FALLO: LIBRARY_RESPONSIVE_SOLO-SCROLL-ANIDADO - [lib-busqueda-amplia-1080x700-EN] Libreria 1080x700 SizeClass=Compacto idioma=en compacto=False: 2 scroll owners verticales en la misma superficie (ScrollViewer(vp=124,7 ext=230 scr=105,3 192x125); ScrollViewer(vp=97,4 ext=0 scr=0 735x97)) - s13 pide UNO (resultados)
LIB [lib-busqueda-amplia-1080x700-EN] Libreria 1080x700 SizeClass=Compacto idioma=en compacto=False | categorias principales enteras sin desplazar=5/10 'Ver todo' entero=True | zona de navegacion de categorias 13,65 175x229 | NO visibles: Bosses & events, Quest fish, Categories, Items by ID, Calamity (mod)
FALLO: LIBRARY_RESPONSIVE_SOLO-CATEGORIAS - [lib-busqueda-amplia-1080x700-EN] Libreria 1080x700 SizeClass=Compacto idioma=en compacto=False: solo 5/10 categorias principales se ven enteras sin desplazar (faltan: Bosses & events, Quest fish, Categories, Items by ID, Calamity (mod))
LIB [lib-busqueda-amplia-1080x700-EN] Libreria 1080x700 SizeClass=Compacto idioma=en compacto=False | resultados n=0 enteras sin desplazar=0 celda=0px cols=0 filas=0 ancho usado 0/735px (0 %) | owner=ScrollViewer vp=97,4 ext=0 scr=0 | SlotGridPanel Columns=12 Adaptive=False MinCell=40 MaxCell=90
LIB [lib-busqueda-amplia-1080x700-EN] Libreria 1080x700 SizeClass=Compacto idioma=en compacto=False | estructura: elementos=28 clipH=0 clipV-perdido=0 clipV-tras-scroll-local=10 ej: V-solo-con-scroll(ScrollViewer) boton "Bosses & events" 12,3px | V-solo-con-scroll(ScrollViewer) boton "Quest fish" 22px | V-solo-con-scroll(ScrollViewer) boton "Categories" 22px | V-solo-con-scroll(ScrollViewer) boton "Items by ID" 22px
FALLO: LIBRARY_RESPONSIVE_SOLO-CATEGORIAS - [lib-busqueda-amplia-1080x700-EN] Libreria 1080x700 SizeClass=Compacto idioma=en compacto=False: 10 elemento(s) de navegacion solo alcanzables desplazando un scroll local (categorias detras de un scroll)
LIB [lib-busqueda-amplia-1080x700-EN] Libreria 1080x700 SizeClass=Compacto idioma=en compacto=False | captura -> C:\Users\adrian\Downloads\Keep\Terrasavr-Win\Terrasavr-Native\docs\evidencia\responsive-global\faseD\lib-antes-lib-busqueda-amplia-1080x700-EN.png
LIB [buff-vertodo-1080x700-EN] LibreriaBuffs 1080x700 SizeClass=Compacto idioma=en compacto=False | region 961,2x200 | scroll owners V=2: ScrollViewer(vp=122,1 ext=184 scr=61,9 192x122); ScrollViewer(vp=94,8 ext=310 scr=215,2 653x95) | scroll exterior que desplaza=ninguno
FALLO: LIBRARY_RESPONSIVE_SOLO-SCROLL-ANIDADO - [buff-vertodo-1080x700-EN] LibreriaBuffs 1080x700 SizeClass=Compacto idioma=en compacto=False: 2 scroll owners verticales en la misma superficie (ScrollViewer(vp=122,1 ext=184 scr=61,9 192x122); ScrollViewer(vp=94,8 ext=310 scr=215,2 653x95)) - s13 pide UNO (resultados)
LIB [buff-vertodo-1080x700-EN] LibreriaBuffs 1080x700 SizeClass=Compacto idioma=en compacto=False | categorias principales enteras sin desplazar=5/8 'Ver todo' entero=True | zona de navegacion de categorias 13,65 175x183 | NO visibles: Negative (26), Index (354), Calamity (mod)
FALLO: LIBRARY_RESPONSIVE_SOLO-CATEGORIAS - [buff-vertodo-1080x700-EN] LibreriaBuffs 1080x700 SizeClass=Compacto idioma=en compacto=False: solo 5/8 categorias principales se ven enteras sin desplazar (faltan: Negative (26), Index (354), Calamity (mod))
FALLO: LIBRARY_RESPONSIVE_SOLO-RESULTADOS - [buff-vertodo-1080x700-EN] LibreriaBuffs 1080x700 SizeClass=Compacto idioma=en compacto=False: el viewport de resultados (alto 94,8px) no ense¤a ni una celda entera
LIB [buff-vertodo-1080x700-EN] LibreriaBuffs 1080x700 SizeClass=Compacto idioma=en compacto=False | tarjetas raiz: alto ocupado 310px de 95px del viewport (327 %)
LIB [buff-vertodo-1080x700-EN] LibreriaBuffs 1080x700 SizeClass=Compacto idioma=en compacto=False | tarjetas de carpeta raiz n=8 enteras sin desplazar=0 celda=212px cols=3 filas=3 ancho usado 636/636px (100 %) | owner=ScrollViewer vp=94,8 ext=310 scr=215,2
LIB [buff-vertodo-1080x700-EN] LibreriaBuffs 1080x700 SizeClass=Compacto idioma=en compacto=False | estructura: elementos=23 clipH=0 clipV-perdido=0 clipV-tras-scroll-local=6 ej: V-solo-con-scroll(ScrollViewer) boton "Negative (26)" 14,9px | V-solo-con-scroll(ScrollViewer) boton "Index (354)" 22px | V-solo-con-scroll(ScrollViewer) boton "Calamity (mod)" 22px | V-solo-con-scroll(ScrollViewer) texto "Negative (26)" 11,6px
FALLO: LIBRARY_RESPONSIVE_SOLO-CATEGORIAS - [buff-vertodo-1080x700-EN] LibreriaBuffs 1080x700 SizeClass=Compacto idioma=en compacto=False: 6 elemento(s) de navegacion solo alcanzables desplazando un scroll local (categorias detras de un scroll)
LIB [buff-vertodo-1080x700-EN] LibreriaBuffs 1080x700 SizeClass=Compacto idioma=en compacto=False | captura -> C:\Users\adrian\Downloads\Keep\Terrasavr-Win\Terrasavr-Native\docs\evidencia\responsive-global\faseD\lib-antes-buff-vertodo-1080x700-EN.png
LIB [buff-busqueda-amplia-1080x700-EN] LibreriaBuffs 1080x700 SizeClass=Compacto idioma=en compacto=False | region 961,2x200 | scroll owners V=2: ScrollViewer(vp=122,1 ext=184 scr=61,9 192x122); ScrollViewer(vp=94,8 ext=0 scr=0 735x95) | scroll exterior que desplaza=ninguno
FALLO: LIBRARY_RESPONSIVE_SOLO-SCROLL-ANIDADO - [buff-busqueda-amplia-1080x700-EN] LibreriaBuffs 1080x700 SizeClass=Compacto idioma=en compacto=False: 2 scroll owners verticales en la misma superficie (ScrollViewer(vp=122,1 ext=184 scr=61,9 192x122); ScrollViewer(vp=94,8 ext=0 scr=0 735x95)) - s13 pide UNO (resultados)
LIB [buff-busqueda-amplia-1080x700-EN] LibreriaBuffs 1080x700 SizeClass=Compacto idioma=en compacto=False | categorias principales enteras sin desplazar=5/8 'Ver todo' entero=True | zona de navegacion de categorias 13,65 175x183 | NO visibles: Negative (26), Index (354), Calamity (mod)
FALLO: LIBRARY_RESPONSIVE_SOLO-CATEGORIAS - [buff-busqueda-amplia-1080x700-EN] LibreriaBuffs 1080x700 SizeClass=Compacto idioma=en compacto=False: solo 5/8 categorias principales se ven enteras sin desplazar (faltan: Negative (26), Index (354), Calamity (mod))
LIB [buff-busqueda-amplia-1080x700-EN] LibreriaBuffs 1080x700 SizeClass=Compacto idioma=en compacto=False | resultados n=0 enteras sin desplazar=0 celda=0px cols=0 filas=0 ancho usado 0/735px (0 %) | owner=ScrollViewer vp=94,8 ext=0 scr=0 | SlotGridPanel Columns=11 Adaptive=False MinCell=40 MaxCell=90
LIB [buff-busqueda-amplia-1080x700-EN] LibreriaBuffs 1080x700 SizeClass=Compacto idioma=en compacto=False | estructura: elementos=22 clipH=0 clipV-perdido=0 clipV-tras-scroll-local=6 ej: V-solo-con-scroll(ScrollViewer) boton "Negative (26)" 14,9px | V-solo-con-scroll(ScrollViewer) boton "Index (354)" 22px | V-solo-con-scroll(ScrollViewer) boton "Calamity (mod)" 22px | V-solo-con-scroll(ScrollViewer) texto "Negative (26)" 11,6px
FALLO: LIBRARY_RESPONSIVE_SOLO-CATEGORIAS - [buff-busqueda-amplia-1080x700-EN] LibreriaBuffs 1080x700 SizeClass=Compacto idioma=en compacto=False: 6 elemento(s) de navegacion solo alcanzables desplazando un scroll local (categorias detras de un scroll)
LIB [buff-busqueda-amplia-1080x700-EN] LibreriaBuffs 1080x700 SizeClass=Compacto idioma=en compacto=False | captura -> C:\Users\adrian\Downloads\Keep\Terrasavr-Win\Terrasavr-Native\docs\evidencia\responsive-global\faseD\lib-antes-buff-busqueda-amplia-1080x700-EN.png
LIB [inv-vertodo-1080x700-EN] Investigacion 1080x700 SizeClass=Compacto idioma=en compacto=False | region 961,2x496,5 | scroll owners V=2: ScrollViewer(vp=319,4 ext=598 scr=278,6 192x319); ScrollViewer(vp=292,1 ext=417,9 scr=125,8 653x292) | scroll exterior que desplaza=ninguno
FALLO: LIBRARY_RESPONSIVE_SOLO-SCROLL-ANIDADO - [inv-vertodo-1080x700-EN] Investigacion 1080x700 SizeClass=Compacto idioma=en compacto=False: 2 scroll owners verticales en la misma superficie (ScrollViewer(vp=319,4 ext=598 scr=278,6 192x319); ScrollViewer(vp=292,1 ext=417,9 scr=125,8 653x292)) - s13 pide UNO (resultados)
LIB [inv-vertodo-1080x700-EN] Investigacion 1080x700 SizeClass=Compacto idioma=en compacto=False | categorias principales enteras sin desplazar=9/10 'Ver todo' entero=True | zona de navegacion de categorias 13,164 175x597 | NO visibles: Calamity (mod)
FALLO: LIBRARY_RESPONSIVE_SOLO-CATEGORIAS - [inv-vertodo-1080x700-EN] Investigacion 1080x700 SizeClass=Compacto idioma=en compacto=False: solo 9/10 categorias principales se ven enteras sin desplazar (faltan: Calamity (mod))
LIB [inv-vertodo-1080x700-EN] Investigacion 1080x700 SizeClass=Compacto idioma=en compacto=False | tarjetas raiz: alto ocupado 418px de 292px del viewport (143 %)
LIB [inv-vertodo-1080x700-EN] Investigacion 1080x700 SizeClass=Compacto idioma=en compacto=False | tarjetas de carpeta raiz n=10 enteras sin desplazar=6 celda=212px cols=3 filas=4 ancho usado 636/636px (100 %) | owner=ScrollViewer vp=292,1 ext=417,9 scr=125,8
LIB [inv-vertodo-1080x700-EN] Investigacion 1080x700 SizeClass=Compacto idioma=en compacto=False | estructura: elementos=62 clipH=0 clipV-perdido=0 clipV-tras-scroll-local=25 ej: V-solo-con-scroll(ScrollViewer) boton "1601-2000" 1,6px | V-solo-con-scroll(ScrollViewer) boton "2001-2400" 22px | V-solo-con-scroll(ScrollViewer) boton "2401-2800" 22px | V-solo-con-scroll(ScrollViewer) boton "2801-3200" 22px
FALLO: LIBRARY_RESPONSIVE_SOLO-CATEGORIAS - [inv-vertodo-1080x700-EN] Investigacion 1080x700 SizeClass=Compacto idioma=en compacto=False: 25 elemento(s) de navegacion solo alcanzables desplazando un scroll local (categorias detras de un scroll)
LIB [inv-vertodo-1080x700-EN] Investigacion 1080x700 SizeClass=Compacto idioma=en compacto=False | captura -> C:\Users\adrian\Downloads\Keep\Terrasavr-Win\Terrasavr-Native\docs\evidencia\responsive-global\faseD\lib-antes-inv-vertodo-1080x700-EN.png
LIB [inv-categoria-grande-1080x700-EN] Investigacion 1080x700 SizeClass=Compacto idioma=en compacto=False | region 961,2x496,5 | scroll owners V=2: ScrollViewer(vp=319,4 ext=230 scr=0 192x319); ScrollViewer(vp=288,8 ext=908,6 scr=619,8 735x289) | scroll exterior que desplaza=ninguno
FALLO: LIBRARY_RESPONSIVE_SOLO-SCROLL-ANIDADO - [inv-categoria-grande-1080x700-EN] Investigacion 1080x700 SizeClass=Compacto idioma=en compacto=False: 2 scroll owners verticales en la misma superficie (ScrollViewer(vp=319,4 ext=230 scr=0 192x319); ScrollViewer(vp=288,8 ext=908,6 scr=619,8 735x289)) - s13 pide UNO (resultados)
LIB [inv-categoria-grande-1080x700-EN] Investigacion 1080x700 SizeClass=Compacto idioma=en compacto=False | categorias principales enteras sin desplazar=10/10 'Ver todo' entero=True | zona de navegacion de categorias 13,164 192x229
LIB [inv-categoria-grande-1080x700-EN] Investigacion 1080x700 SizeClass=Compacto idioma=en compacto=False | resultados n=100 enteras sin desplazar=30 celda=124,2px cols=65 filas=21 ancho usado 717/718px (100 %) | owner=ScrollViewer vp=288,8 ext=908,6 scr=619,8
LIB [inv-categoria-grande-1080x700-EN] Investigacion 1080x700 SizeClass=Compacto idioma=en compacto=False | estructura: elementos=34 clipH=0 clipV-perdido=0 clipV-tras-scroll-local=0 
LIB [inv-categoria-grande-1080x700-EN] Investigacion 1080x700 SizeClass=Compacto idioma=en compacto=False | captura -> C:\Users\adrian\Downloads\Keep\Terrasavr-Win\Terrasavr-Native\docs\evidencia\responsive-global\faseD\lib-antes-inv-categoria-grande-1080x700-EN.png
LIB [lib-vertodo-1366x768-EN] Libreria 1366x768 SizeClass=Normal idioma=en compacto=False | region 1169,6x229,8 | scroll owners V=2: ScrollViewer(vp=151,9 ext=230 scr=78,1 192x152); ScrollViewer(vp=124,6 ext=315,9 scr=191,3 865x125) | scroll exterior que desplaza=ninguno
FALLO: LIBRARY_RESPONSIVE_SOLO-SCROLL-ANIDADO - [lib-vertodo-1366x768-EN] Libreria 1366x768 SizeClass=Normal idioma=en compacto=False: 2 scroll owners verticales en la misma superficie (ScrollViewer(vp=151,9 ext=230 scr=78,1 192x152); ScrollViewer(vp=124,6 ext=315,9 scr=191,3 865x125)) - s13 pide UNO (resultados)
LIB [lib-vertodo-1366x768-EN] Libreria 1366x768 SizeClass=Normal idioma=en compacto=False | categorias principales enteras sin desplazar=6/10 'Ver todo' entero=True | zona de navegacion de categorias 13,65 175x229 | NO visibles: Quest fish, Categories, Items by ID, Calamity (mod)
FALLO: LIBRARY_RESPONSIVE_SOLO-CATEGORIAS - [lib-vertodo-1366x768-EN] Libreria 1366x768 SizeClass=Normal idioma=en compacto=False: solo 6/10 categorias principales se ven enteras sin desplazar (faltan: Quest fish, Categories, Items by ID, Calamity (mod))
LIB [lib-vertodo-1366x768-EN] Libreria 1366x768 SizeClass=Normal idioma=en compacto=False | tarjetas raiz: alto ocupado 316px de 125px del viewport (254 %)
LIB [lib-vertodo-1366x768-EN] Libreria 1366x768 SizeClass=Normal idioma=en compacto=False | tarjetas de carpeta raiz n=10 enteras sin desplazar=4 celda=212px cols=4 filas=3 ancho usado 848/848px (100 %) | owner=ScrollViewer vp=124,6 ext=315,9 scr=191,3
LIB [lib-vertodo-1366x768-EN] Libreria 1366x768 SizeClass=Normal idioma=en compacto=False | estructura: elementos=29 clipH=0 clipV-perdido=0 clipV-tras-scroll-local=8 ej: V-solo-con-scroll(ScrollViewer) boton "Quest fish" 8,1px | V-solo-con-scroll(ScrollViewer) boton "Categories" 22px | V-solo-con-scroll(ScrollViewer) boton "Items by ID" 22px | V-solo-con-scroll(ScrollViewer) boton "Calamity (mod)" 22px
FALLO: LIBRARY_RESPONSIVE_SOLO-CATEGORIAS - [lib-vertodo-1366x768-EN] Libreria 1366x768 SizeClass=Normal idioma=en compacto=False: 8 elemento(s) de navegacion solo alcanzables desplazando un scroll local (categorias detras de un scroll)
LIB [lib-vertodo-1366x768-EN] Libreria 1366x768 SizeClass=Normal idioma=en compacto=False | captura -> C:\Users\adrian\Downloads\Keep\Terrasavr-Win\Terrasavr-Native\docs\evidencia\responsive-global\faseD\lib-antes-lib-vertodo-1366x768-EN.png
LIB [lib-categoria-grande-1366x768-EN] Libreria 1366x768 SizeClass=Normal idioma=en compacto=False | region 1169,6x229,8 | scroll owners V=2: ScrollViewer(vp=151,9 ext=598 scr=446,1 192x152); ScrollViewer(vp=124,6 ext=392 scr=267,4 944x125) | scroll exterior que desplaza=ninguno
FALLO: LIBRARY_RESPONSIVE_SOLO-SCROLL-ANIDADO - [lib-categoria-grande-1366x768-EN] Libreria 1366x768 SizeClass=Normal idioma=en compacto=False: 2 scroll owners verticales en la misma superficie (ScrollViewer(vp=151,9 ext=598 scr=446,1 192x152); ScrollViewer(vp=124,6 ext=392 scr=267,4 944x125)) - s13 pide UNO (resultados)
LIB [lib-categoria-grande-1366x768-EN] Libreria 1366x768 SizeClass=Normal idioma=en compacto=False | categorias principales enteras sin desplazar=6/10 'Ver todo' entero=True | zona de navegacion de categorias 13,65 175x597 | NO visibles: Quest fish, Categories, Items by ID, Calamity (mod)
FALLO: LIBRARY_RESPONSIVE_SOLO-CATEGORIAS - [lib-categoria-grande-1366x768-EN] Libreria 1366x768 SizeClass=Normal idioma=en compacto=False: solo 6/10 categorias principales se ven enteras sin desplazar (faltan: Quest fish, Categories, Items by ID, Calamity (mod))
FALLO: LIBRARY_RESPONSIVE_SOLO-COLUMNAS - [lib-categoria-grande-1366x768-EN] Libreria 1366x768 SizeClass=Normal idioma=en compacto=False: con 100 resultados la rejilla usa solo 524/926px (57 %) - 12 columnas fijas de 40px
LIB [lib-categoria-grande-1366x768-EN] Libreria 1366x768 SizeClass=Normal idioma=en compacto=False | resultados n=100 enteras sin desplazar=24 celda=40px cols=12 filas=9 ancho usado 524/926px (57 %) | owner=ScrollViewer vp=124,6 ext=392 scr=267,4 | SlotGridPanel Columns=12 Adaptive=False MinCell=40 MaxCell=90
LIB [lib-categoria-grande-1366x768-EN] Libreria 1366x768 SizeClass=Normal idioma=en compacto=False | estructura: elementos=61 clipH=0 clipV-perdido=0 clipV-tras-scroll-local=40 ej: V-solo-con-scroll(ScrollViewer) boton "Quest fish" 8,1px | V-solo-con-scroll(ScrollViewer) boton "Categories" 22px | V-solo-con-scroll(ScrollViewer) boton "Items by ID" 22px | V-solo-con-scroll(ScrollViewer) boton "1-400" 22px
FALLO: LIBRARY_RESPONSIVE_SOLO-CATEGORIAS - [lib-categoria-grande-1366x768-EN] Libreria 1366x768 SizeClass=Normal idioma=en compacto=False: 40 elemento(s) de navegacion solo alcanzables desplazando un scroll local (categorias detras de un scroll)
LIB [lib-categoria-grande-1366x768-EN] Libreria 1366x768 SizeClass=Normal idioma=en compacto=False | captura -> C:\Users\adrian\Downloads\Keep\Terrasavr-Win\Terrasavr-Native\docs\evidencia\responsive-global\faseD\lib-antes-lib-categoria-grande-1366x768-EN.png
LIB BUSQUEDA-AMPLIA Libreria 'a' 1366x768-EN: 0 resultados en pantalla (0 result(s).) en 317ms (incluye el debounce de 180ms)
LIB [lib-busqueda-amplia-1366x768-EN] Libreria 1366x768 SizeClass=Normal idioma=en compacto=False | region 1169,6x229,8 | scroll owners V=2: ScrollViewer(vp=151,9 ext=598 scr=446,1 192x152); ScrollViewer(vp=124,6 ext=0 scr=0 944x125) | scroll exterior que desplaza=ninguno
FALLO: LIBRARY_RESPONSIVE_SOLO-SCROLL-ANIDADO - [lib-busqueda-amplia-1366x768-EN] Libreria 1366x768 SizeClass=Normal idioma=en compacto=False: 2 scroll owners verticales en la misma superficie (ScrollViewer(vp=151,9 ext=598 scr=446,1 192x152); ScrollViewer(vp=124,6 ext=0 scr=0 944x125)) - s13 pide UNO (resultados)
LIB [lib-busqueda-amplia-1366x768-EN] Libreria 1366x768 SizeClass=Normal idioma=en compacto=False | categorias principales enteras sin desplazar=6/10 'Ver todo' entero=True | zona de navegacion de categorias 13,65 175x597 | NO visibles: Quest fish, Categories, Items by ID, Calamity (mod)
FALLO: LIBRARY_RESPONSIVE_SOLO-CATEGORIAS - [lib-busqueda-amplia-1366x768-EN] Libreria 1366x768 SizeClass=Normal idioma=en compacto=False: solo 6/10 categorias principales se ven enteras sin desplazar (faltan: Quest fish, Categories, Items by ID, Calamity (mod))
LIB [lib-busqueda-amplia-1366x768-EN] Libreria 1366x768 SizeClass=Normal idioma=en compacto=False | resultados n=0 enteras sin desplazar=0 celda=0px cols=0 filas=0 ancho usado 0/944px (0 %) | owner=ScrollViewer vp=124,6 ext=0 scr=0 | SlotGridPanel Columns=12 Adaptive=False MinCell=40 MaxCell=90
LIB [lib-busqueda-amplia-1366x768-EN] Libreria 1366x768 SizeClass=Normal idioma=en compacto=False | estructura: elementos=60 clipH=0 clipV-perdido=0 clipV-tras-scroll-local=40 ej: V-solo-con-scroll(ScrollViewer) boton "Quest fish" 8,1px | V-solo-con-scroll(ScrollViewer) boton "Categories" 22px | V-solo-con-scroll(ScrollViewer) boton "Items by ID" 22px | V-solo-con-scroll(ScrollViewer) boton "1-400" 22px
FALLO: LIBRARY_RESPONSIVE_SOLO-CATEGORIAS - [lib-busqueda-amplia-1366x768-EN] Libreria 1366x768 SizeClass=Normal idioma=en compacto=False: 40 elemento(s) de navegacion solo alcanzables desplazando un scroll local (categorias detras de un scroll)
LIB [lib-busqueda-amplia-1366x768-EN] Libreria 1366x768 SizeClass=Normal idioma=en compacto=False | captura -> C:\Users\adrian\Downloads\Keep\Terrasavr-Win\Terrasavr-Native\docs\evidencia\responsive-global\faseD\lib-antes-lib-busqueda-amplia-1366x768-EN.png
LIB [buff-vertodo-1366x768-EN] LibreriaBuffs 1366x768 SizeClass=Normal idioma=en compacto=False | region 1169,6x225,8 | scroll owners V=2: ScrollViewer(vp=147,9 ext=184 scr=36,1 192x148); ScrollViewer(vp=120,6 ext=208 scr=87,4 865x121) | scroll exterior que desplaza=ninguno
FALLO: LIBRARY_RESPONSIVE_SOLO-SCROLL-ANIDADO - [buff-vertodo-1366x768-EN] LibreriaBuffs 1366x768 SizeClass=Normal idioma=en compacto=False: 2 scroll owners verticales en la misma superficie (ScrollViewer(vp=147,9 ext=184 scr=36,1 192x148); ScrollViewer(vp=120,6 ext=208 scr=87,4 865x121)) - s13 pide UNO (resultados)
LIB [buff-vertodo-1366x768-EN] LibreriaBuffs 1366x768 SizeClass=Normal idioma=en compacto=False | categorias principales enteras sin desplazar=6/8 'Ver todo' entero=True | zona de navegacion de categorias 13,65 175x183 | NO visibles: Index (354), Calamity (mod)
FALLO: LIBRARY_RESPONSIVE_SOLO-CATEGORIAS - [buff-vertodo-1366x768-EN] LibreriaBuffs 1366x768 SizeClass=Normal idioma=en compacto=False: solo 6/8 categorias principales se ven enteras sin desplazar (faltan: Index (354), Calamity (mod))
LIB [buff-vertodo-1366x768-EN] LibreriaBuffs 1366x768 SizeClass=Normal idioma=en compacto=False | tarjetas raiz: alto ocupado 208px de 121px del viewport (172 %)
LIB [buff-vertodo-1366x768-EN] LibreriaBuffs 1366x768 SizeClass=Normal idioma=en compacto=False | tarjetas de carpeta raiz n=8 enteras sin desplazar=4 celda=212px cols=4 filas=2 ancho usado 848/848px (100 %) | owner=ScrollViewer vp=120,6 ext=208 scr=87,4
LIB [buff-vertodo-1366x768-EN] LibreriaBuffs 1366x768 SizeClass=Normal idioma=en compacto=False | estructura: elementos=23 clipH=0 clipV-perdido=0 clipV-tras-scroll-local=4 ej: V-solo-con-scroll(ScrollViewer) boton "Index (354)" 12,1px | V-solo-con-scroll(ScrollViewer) boton "Calamity (mod)" 22px | V-solo-con-scroll(ScrollViewer) texto "Index (354)" 8,8px | V-solo-con-scroll(ScrollViewer) texto "Calamity (mod)" 15,3px
FALLO: LIBRARY_RESPONSIVE_SOLO-CATEGORIAS - [buff-vertodo-1366x768-EN] LibreriaBuffs 1366x768 SizeClass=Normal idioma=en compacto=False: 4 elemento(s) de navegacion solo alcanzables desplazando un scroll local (categorias detras de un scroll)
LIB [buff-vertodo-1366x768-EN] LibreriaBuffs 1366x768 SizeClass=Normal idioma=en compacto=False | captura -> C:\Users\adrian\Downloads\Keep\Terrasavr-Win\Terrasavr-Native\docs\evidencia\responsive-global\faseD\lib-antes-buff-vertodo-1366x768-EN.png
LIB [buff-busqueda-amplia-1366x768-EN] LibreriaBuffs 1366x768 SizeClass=Normal idioma=en compacto=False | region 1169,6x225,8 | scroll owners V=2: ScrollViewer(vp=147,9 ext=184 scr=36,1 192x148); ScrollViewer(vp=120,6 ext=0 scr=0 944x121) | scroll exterior que desplaza=ninguno
FALLO: LIBRARY_RESPONSIVE_SOLO-SCROLL-ANIDADO - [buff-busqueda-amplia-1366x768-EN] LibreriaBuffs 1366x768 SizeClass=Normal idioma=en compacto=False: 2 scroll owners verticales en la misma superficie (ScrollViewer(vp=147,9 ext=184 scr=36,1 192x148); ScrollViewer(vp=120,6 ext=0 scr=0 944x121)) - s13 pide UNO (resultados)
LIB [buff-busqueda-amplia-1366x768-EN] LibreriaBuffs 1366x768 SizeClass=Normal idioma=en compacto=False | categorias principales enteras sin desplazar=6/8 'Ver todo' entero=True | zona de navegacion de categorias 13,65 175x183 | NO visibles: Index (354), Calamity (mod)
FALLO: LIBRARY_RESPONSIVE_SOLO-CATEGORIAS - [buff-busqueda-amplia-1366x768-EN] LibreriaBuffs 1366x768 SizeClass=Normal idioma=en compacto=False: solo 6/8 categorias principales se ven enteras sin desplazar (faltan: Index (354), Calamity (mod))
LIB [buff-busqueda-amplia-1366x768-EN] LibreriaBuffs 1366x768 SizeClass=Normal idioma=en compacto=False | resultados n=0 enteras sin desplazar=0 celda=0px cols=0 filas=0 ancho usado 0/944px (0 %) | owner=ScrollViewer vp=120,6 ext=0 scr=0 | SlotGridPanel Columns=11 Adaptive=False MinCell=40 MaxCell=90
LIB [buff-busqueda-amplia-1366x768-EN] LibreriaBuffs 1366x768 SizeClass=Normal idioma=en compacto=False | estructura: elementos=22 clipH=0 clipV-perdido=0 clipV-tras-scroll-local=4 ej: V-solo-con-scroll(ScrollViewer) boton "Index (354)" 12,1px | V-solo-con-scroll(ScrollViewer) boton "Calamity (mod)" 22px | V-solo-con-scroll(ScrollViewer) texto "Index (354)" 8,8px | V-solo-con-scroll(ScrollViewer) texto "Calamity (mod)" 15,3px
FALLO: LIBRARY_RESPONSIVE_SOLO-CATEGORIAS - [buff-busqueda-amplia-1366x768-EN] LibreriaBuffs 1366x768 SizeClass=Normal idioma=en compacto=False: 4 elemento(s) de navegacion solo alcanzables desplazando un scroll local (categorias detras de un scroll)
LIB [buff-busqueda-amplia-1366x768-EN] LibreriaBuffs 1366x768 SizeClass=Normal idioma=en compacto=False | captura -> C:\Users\adrian\Downloads\Keep\Terrasavr-Win\Terrasavr-Native\docs\evidencia\responsive-global\faseD\lib-antes-buff-busqueda-amplia-1366x768-EN.png
LIB [inv-vertodo-1366x768-EN] Investigacion 1366x768 SizeClass=Normal idioma=en compacto=False | region 1169,6x564,5 | scroll owners V=2: ScrollViewer(vp=402 ext=230 scr=0 192x402); ScrollViewer(vp=374,7 ext=315,9 scr=0 848x375) | scroll exterior que desplaza=ninguno
FALLO: LIBRARY_RESPONSIVE_SOLO-SCROLL-ANIDADO - [inv-vertodo-1366x768-EN] Investigacion 1366x768 SizeClass=Normal idioma=en compacto=False: 2 scroll owners verticales en la misma superficie (ScrollViewer(vp=402 ext=230 scr=0 192x402); ScrollViewer(vp=374,7 ext=315,9 scr=0 848x375)) - s13 pide UNO (resultados)
LIB [inv-vertodo-1366x768-EN] Investigacion 1366x768 SizeClass=Normal idioma=en compacto=False | categorias principales enteras sin desplazar=10/10 'Ver todo' entero=True | zona de navegacion de categorias 13,150 192x229
LIB [inv-vertodo-1366x768-EN] Investigacion 1366x768 SizeClass=Normal idioma=en compacto=False | tarjetas raiz: alto ocupado 316px de 375px del viewport (84 %)
LIB [inv-vertodo-1366x768-EN] Investigacion 1366x768 SizeClass=Normal idioma=en compacto=False | tarjetas de carpeta raiz n=10 enteras sin desplazar=10 celda=212px cols=4 filas=3 ancho usado 848/848px (100 %) | owner=ScrollViewer vp=374,7 ext=315,9 scr=0
LIB [inv-vertodo-1366x768-EN] Investigacion 1366x768 SizeClass=Normal idioma=en compacto=False | estructura: elementos=30 clipH=0 clipV-perdido=0 clipV-tras-scroll-local=0 
LIB [inv-vertodo-1366x768-EN] Investigacion 1366x768 SizeClass=Normal idioma=en compacto=False | captura -> C:\Users\adrian\Downloads\Keep\Terrasavr-Win\Terrasavr-Native\docs\evidencia\responsive-global\faseD\lib-antes-inv-vertodo-1366x768-EN.png
LIB [inv-categoria-grande-1366x768-EN] Investigacion 1366x768 SizeClass=Normal idioma=en compacto=False | region 1169,6x564,5 | scroll owners V=2: ScrollViewer(vp=402 ext=598 scr=196 192x402); ScrollViewer(vp=371,4 ext=735,5 scr=364,1 944x371) | scroll exterior que desplaza=ninguno
FALLO: LIBRARY_RESPONSIVE_SOLO-SCROLL-ANIDADO - [inv-categoria-grande-1366x768-EN] Investigacion 1366x768 SizeClass=Normal idioma=en compacto=False: 2 scroll owners verticales en la misma superficie (ScrollViewer(vp=402 ext=598 scr=196 192x402); ScrollViewer(vp=371,4 ext=735,5 scr=364,1 944x371)) - s13 pide UNO (resultados)
LIB [inv-categoria-grande-1366x768-EN] Investigacion 1366x768 SizeClass=Normal idioma=en compacto=False | categorias principales enteras sin desplazar=9/10 'Ver todo' entero=True | zona de navegacion de categorias 13,150 175x597 | NO visibles: Calamity (mod)
FALLO: LIBRARY_RESPONSIVE_SOLO-CATEGORIAS - [inv-categoria-grande-1366x768-EN] Investigacion 1366x768 SizeClass=Normal idioma=en compacto=False: solo 9/10 categorias principales se ven enteras sin desplazar (faltan: Calamity (mod))
LIB [inv-categoria-grande-1366x768-EN] Investigacion 1366x768 SizeClass=Normal idioma=en compacto=False | resultados n=100 enteras sin desplazar=49 celda=124,2px cols=68 filas=17 ancho usado 912/926px (98 %) | owner=ScrollViewer vp=371,4 ext=735,5 scr=364,1
LIB [inv-categoria-grande-1366x768-EN] Investigacion 1366x768 SizeClass=Normal idioma=en compacto=False | estructura: elementos=66 clipH=0 clipV-perdido=0 clipV-tras-scroll-local=18 ej: V-solo-con-scroll(ScrollViewer) boton "3201-3600" 11px | V-solo-con-scroll(ScrollViewer) boton "3601-4000" 22px | V-solo-con-scroll(ScrollViewer) boton "4001-4400" 22px | V-solo-con-scroll(ScrollViewer) boton "4401-4800" 22px
FALLO: LIBRARY_RESPONSIVE_SOLO-CATEGORIAS - [inv-categoria-grande-1366x768-EN] Investigacion 1366x768 SizeClass=Normal idioma=en compacto=False: 18 elemento(s) de navegacion solo alcanzables desplazando un scroll local (categorias detras de un scroll)
LIB [inv-categoria-grande-1366x768-EN] Investigacion 1366x768 SizeClass=Normal idioma=en compacto=False | captura -> C:\Users\adrian\Downloads\Keep\Terrasavr-Win\Terrasavr-Native\docs\evidencia\responsive-global\faseD\lib-antes-inv-categoria-grande-1366x768-EN.png
LIB [lib-vertodo-1920x1080-EN] Libreria 1920x1080 SizeClass=Extra idioma=en compacto=False | region 1723,6x354,1 | scroll owners V=2: ScrollViewer(vp=276,2 ext=598 scr=321,8 192x276); ScrollViewer(vp=247,5 ext=215,2 scr=0 1484x248) | scroll exterior que desplaza=ninguno
FALLO: LIBRARY_RESPONSIVE_SOLO-SCROLL-ANIDADO - [lib-vertodo-1920x1080-EN] Libreria 1920x1080 SizeClass=Extra idioma=en compacto=False: 2 scroll owners verticales en la misma superficie (ScrollViewer(vp=276,2 ext=598 scr=321,8 192x276); ScrollViewer(vp=247,5 ext=215,2 scr=0 1484x248)) - s13 pide UNO (resultados)
LIB [lib-vertodo-1920x1080-EN] Libreria 1920x1080 SizeClass=Extra idioma=en compacto=False | categorias principales enteras sin desplazar=9/10 'Ver todo' entero=True | zona de navegacion de categorias 13,65 175x597 | NO visibles: Calamity (mod)
FALLO: LIBRARY_RESPONSIVE_SOLO-CATEGORIAS - [lib-vertodo-1920x1080-EN] Libreria 1920x1080 SizeClass=Extra idioma=en compacto=False: solo 9/10 categorias principales se ven enteras sin desplazar (faltan: Calamity (mod))
LIB [lib-vertodo-1920x1080-EN] Libreria 1920x1080 SizeClass=Extra idioma=en compacto=False | tarjetas raiz: alto ocupado 215px de 248px del viewport (87 %)
LIB [lib-vertodo-1920x1080-EN] Libreria 1920x1080 SizeClass=Extra idioma=en compacto=False | tarjetas de carpeta raiz n=10 enteras sin desplazar=10 celda=212px cols=7 filas=2 ancho usado 1484/1484px (100 %) | owner=ScrollViewer vp=247,5 ext=215,2 scr=0
LIB [lib-vertodo-1920x1080-EN] Libreria 1920x1080 SizeClass=Extra idioma=en compacto=False | estructura: elementos=61 clipH=0 clipV-perdido=0 clipV-tras-scroll-local=28 ej: V-solo-con-scroll(ScrollViewer) boton "1201-1600" 21,8px | V-solo-con-scroll(ScrollViewer) boton "1601-2000" 22px | V-solo-con-scroll(ScrollViewer) boton "2001-2400" 22px | V-solo-con-scroll(ScrollViewer) boton "2401-2800" 22px
FALLO: LIBRARY_RESPONSIVE_SOLO-CATEGORIAS - [lib-vertodo-1920x1080-EN] Libreria 1920x1080 SizeClass=Extra idioma=en compacto=False: 28 elemento(s) de navegacion solo alcanzables desplazando un scroll local (categorias detras de un scroll)
LIB [lib-vertodo-1920x1080-EN] Libreria 1920x1080 SizeClass=Extra idioma=en compacto=False | captura -> C:\Users\adrian\Downloads\Keep\Terrasavr-Win\Terrasavr-Native\docs\evidencia\responsive-global\faseD\lib-antes-lib-vertodo-1920x1080-EN.png
LIB [lib-categoria-grande-1920x1080-EN] Libreria 1920x1080 SizeClass=Extra idioma=en compacto=False | region 1723,6x354,1 | scroll owners V=2: ScrollViewer(vp=276,2 ext=230 scr=0 192x276); ScrollViewer(vp=247,5 ext=392 scr=144,5 1498x248) | scroll exterior que desplaza=ninguno
FALLO: LIBRARY_RESPONSIVE_SOLO-SCROLL-ANIDADO - [lib-categoria-grande-1920x1080-EN] Libreria 1920x1080 SizeClass=Extra idioma=en compacto=False: 2 scroll owners verticales en la misma superficie (ScrollViewer(vp=276,2 ext=230 scr=0 192x276); ScrollViewer(vp=247,5 ext=392 scr=144,5 1498x248)) - s13 pide UNO (resultados)
LIB [lib-categoria-grande-1920x1080-EN] Libreria 1920x1080 SizeClass=Extra idioma=en compacto=False | categorias principales enteras sin desplazar=10/10 'Ver todo' entero=True | zona de navegacion de categorias 13,65 192x229
FALLO: LIBRARY_RESPONSIVE_SOLO-COLUMNAS - [lib-categoria-grande-1920x1080-EN] Libreria 1920x1080 SizeClass=Extra idioma=en compacto=False: con 100 resultados la rejilla usa solo 524/1480px (35 %) - 12 columnas fijas de 40px
LIB [lib-categoria-grande-1920x1080-EN] Libreria 1920x1080 SizeClass=Extra idioma=en compacto=False | resultados n=100 enteras sin desplazar=60 celda=40px cols=12 filas=9 ancho usado 524/1480px (35 %) | owner=ScrollViewer vp=247,5 ext=392 scr=144,5 | SlotGridPanel Columns=12 Adaptive=False MinCell=40 MaxCell=90
LIB [lib-categoria-grande-1920x1080-EN] Libreria 1920x1080 SizeClass=Extra idioma=en compacto=False | estructura: elementos=29 clipH=0 clipV-perdido=0 clipV-tras-scroll-local=0 
LIB [lib-categoria-grande-1920x1080-EN] Libreria 1920x1080 SizeClass=Extra idioma=en compacto=False | captura -> C:\Users\adrian\Downloads\Keep\Terrasavr-Win\Terrasavr-Native\docs\evidencia\responsive-global\faseD\lib-antes-lib-categoria-grande-1920x1080-EN.png
LIB BUSQUEDA-AMPLIA Libreria 'a' 1920x1080-EN: 0 resultados en pantalla (0 result(s).) en 310ms (incluye el debounce de 180ms)
LIB [lib-busqueda-amplia-1920x1080-EN] Libreria 1920x1080 SizeClass=Extra idioma=en compacto=False | region 1723,6x354,1 | scroll owners V=2: ScrollViewer(vp=276,2 ext=230 scr=0 192x276); ScrollViewer(vp=247,5 ext=0 scr=0 1498x248) | scroll exterior que desplaza=ninguno
FALLO: LIBRARY_RESPONSIVE_SOLO-SCROLL-ANIDADO - [lib-busqueda-amplia-1920x1080-EN] Libreria 1920x1080 SizeClass=Extra idioma=en compacto=False: 2 scroll owners verticales en la misma superficie (ScrollViewer(vp=276,2 ext=230 scr=0 192x276); ScrollViewer(vp=247,5 ext=0 scr=0 1498x248)) - s13 pide UNO (resultados)
LIB [lib-busqueda-amplia-1920x1080-EN] Libreria 1920x1080 SizeClass=Extra idioma=en compacto=False | categorias principales enteras sin desplazar=10/10 'Ver todo' entero=True | zona de navegacion de categorias 13,65 192x229
LIB [lib-busqueda-amplia-1920x1080-EN] Libreria 1920x1080 SizeClass=Extra idioma=en compacto=False | resultados n=0 enteras sin desplazar=0 celda=0px cols=0 filas=0 ancho usado 0/1498px (0 %) | owner=ScrollViewer vp=247,5 ext=0 scr=0 | SlotGridPanel Columns=12 Adaptive=False MinCell=40 MaxCell=90
LIB [lib-busqueda-amplia-1920x1080-EN] Libreria 1920x1080 SizeClass=Extra idioma=en compacto=False | estructura: elementos=28 clipH=0 clipV-perdido=0 clipV-tras-scroll-local=0 
LIB [lib-busqueda-amplia-1920x1080-EN] Libreria 1920x1080 SizeClass=Extra idioma=en compacto=False | captura -> C:\Users\adrian\Downloads\Keep\Terrasavr-Win\Terrasavr-Native\docs\evidencia\responsive-global\faseD\lib-antes-lib-busqueda-amplia-1920x1080-EN.png
LIB [buff-vertodo-1920x1080-EN] LibreriaBuffs 1920x1080 SizeClass=Extra idioma=en compacto=False | region 1723,6x350,1 | scroll owners V=2: ScrollViewer(vp=272,2 ext=184 scr=0 192x272); ScrollViewer(vp=243,5 ext=208 scr=0 1484x244) | scroll exterior que desplaza=ninguno
FALLO: LIBRARY_RESPONSIVE_SOLO-SCROLL-ANIDADO - [buff-vertodo-1920x1080-EN] LibreriaBuffs 1920x1080 SizeClass=Extra idioma=en compacto=False: 2 scroll owners verticales en la misma superficie (ScrollViewer(vp=272,2 ext=184 scr=0 192x272); ScrollViewer(vp=243,5 ext=208 scr=0 1484x244)) - s13 pide UNO (resultados)
LIB [buff-vertodo-1920x1080-EN] LibreriaBuffs 1920x1080 SizeClass=Extra idioma=en compacto=False | categorias principales enteras sin desplazar=8/8 'Ver todo' entero=True | zona de navegacion de categorias 13,65 192x183
LIB [buff-vertodo-1920x1080-EN] LibreriaBuffs 1920x1080 SizeClass=Extra idioma=en compacto=False | tarjetas raiz: alto ocupado 208px de 244px del viewport (85 %)
LIB [buff-vertodo-1920x1080-EN] LibreriaBuffs 1920x1080 SizeClass=Extra idioma=en compacto=False | tarjetas de carpeta raiz n=8 enteras sin desplazar=8 celda=212px cols=7 filas=2 ancho usado 1484/1484px (100 %) | owner=ScrollViewer vp=243,5 ext=208 scr=0
LIB [buff-vertodo-1920x1080-EN] LibreriaBuffs 1920x1080 SizeClass=Extra idioma=en compacto=False | estructura: elementos=23 clipH=0 clipV-perdido=0 clipV-tras-scroll-local=0 
LIB [buff-vertodo-1920x1080-EN] LibreriaBuffs 1920x1080 SizeClass=Extra idioma=en compacto=False | captura -> C:\Users\adrian\Downloads\Keep\Terrasavr-Win\Terrasavr-Native\docs\evidencia\responsive-global\faseD\lib-antes-buff-vertodo-1920x1080-EN.png
LIB [buff-busqueda-amplia-1920x1080-EN] LibreriaBuffs 1920x1080 SizeClass=Extra idioma=en compacto=False | region 1723,6x350,1 | scroll owners V=2: ScrollViewer(vp=272,2 ext=184 scr=0 192x272); ScrollViewer(vp=243,5 ext=0 scr=0 1498x244) | scroll exterior que desplaza=ninguno
FALLO: LIBRARY_RESPONSIVE_SOLO-SCROLL-ANIDADO - [buff-busqueda-amplia-1920x1080-EN] LibreriaBuffs 1920x1080 SizeClass=Extra idioma=en compacto=False: 2 scroll owners verticales en la misma superficie (ScrollViewer(vp=272,2 ext=184 scr=0 192x272); ScrollViewer(vp=243,5 ext=0 scr=0 1498x244)) - s13 pide UNO (resultados)
LIB [buff-busqueda-amplia-1920x1080-EN] LibreriaBuffs 1920x1080 SizeClass=Extra idioma=en compacto=False | categorias principales enteras sin desplazar=8/8 'Ver todo' entero=True | zona de navegacion de categorias 13,65 192x183
LIB [buff-busqueda-amplia-1920x1080-EN] LibreriaBuffs 1920x1080 SizeClass=Extra idioma=en compacto=False | resultados n=0 enteras sin desplazar=0 celda=0px cols=0 filas=0 ancho usado 0/1498px (0 %) | owner=ScrollViewer vp=243,5 ext=0 scr=0 | SlotGridPanel Columns=11 Adaptive=False MinCell=40 MaxCell=90
LIB [buff-busqueda-amplia-1920x1080-EN] LibreriaBuffs 1920x1080 SizeClass=Extra idioma=en compacto=False | estructura: elementos=22 clipH=0 clipV-perdido=0 clipV-tras-scroll-local=0 
LIB [buff-busqueda-amplia-1920x1080-EN] LibreriaBuffs 1920x1080 SizeClass=Extra idioma=en compacto=False | captura -> C:\Users\adrian\Downloads\Keep\Terrasavr-Win\Terrasavr-Native\docs\evidencia\responsive-global\faseD\lib-antes-buff-busqueda-amplia-1920x1080-EN.png
LIB [inv-vertodo-1920x1080-EN] Investigacion 1920x1080 SizeClass=Extra idioma=en compacto=False | region 1723,6x875,2 | scroll owners V=2: ScrollViewer(vp=711,4 ext=598 scr=0 192x711); ScrollViewer(vp=682,7 ext=215,2 scr=0 1484x683) | scroll exterior que desplaza=ninguno
FALLO: LIBRARY_RESPONSIVE_SOLO-SCROLL-ANIDADO - [inv-vertodo-1920x1080-EN] Investigacion 1920x1080 SizeClass=Extra idioma=en compacto=False: 2 scroll owners verticales en la misma superficie (ScrollViewer(vp=711,4 ext=598 scr=0 192x711); ScrollViewer(vp=682,7 ext=215,2 scr=0 1484x683)) - s13 pide UNO (resultados)
LIB [inv-vertodo-1920x1080-EN] Investigacion 1920x1080 SizeClass=Extra idioma=en compacto=False | categorias principales enteras sin desplazar=10/10 'Ver todo' entero=True | zona de navegacion de categorias 13,151 192x597
LIB [inv-vertodo-1920x1080-EN] Investigacion 1920x1080 SizeClass=Extra idioma=en compacto=False | tarjetas raiz: alto ocupado 215px de 683px del viewport (32 %)
LIB [inv-vertodo-1920x1080-EN] Investigacion 1920x1080 SizeClass=Extra idioma=en compacto=False | tarjetas de carpeta raiz n=10 enteras sin desplazar=10 celda=212px cols=7 filas=2 ancho usado 1484/1484px (100 %) | owner=ScrollViewer vp=682,7 ext=215,2 scr=0
LIB [inv-vertodo-1920x1080-EN] Investigacion 1920x1080 SizeClass=Extra idioma=en compacto=False | estructura: elementos=62 clipH=0 clipV-perdido=0 clipV-tras-scroll-local=0 
LIB [inv-vertodo-1920x1080-EN] Investigacion 1920x1080 SizeClass=Extra idioma=en compacto=False | captura -> C:\Users\adrian\Downloads\Keep\Terrasavr-Win\Terrasavr-Native\docs\evidencia\responsive-global\faseD\lib-antes-inv-vertodo-1920x1080-EN.png
LIB [inv-categoria-grande-1920x1080-EN] Investigacion 1920x1080 SizeClass=Extra idioma=en compacto=False | region 1723,6x875,2 | scroll owners V=2: ScrollViewer(vp=711,4 ext=230 scr=0 192x711); ScrollViewer(vp=680,7 ext=490,6 scr=0 1498x681) | scroll exterior que desplaza=ninguno
FALLO: LIBRARY_RESPONSIVE_SOLO-SCROLL-ANIDADO - [inv-categoria-grande-1920x1080-EN] Investigacion 1920x1080 SizeClass=Extra idioma=en compacto=False: 2 scroll owners verticales en la misma superficie (ScrollViewer(vp=711,4 ext=230 scr=0 192x711); ScrollViewer(vp=680,7 ext=490,6 scr=0 1498x681)) - s13 pide UNO (resultados)
LIB [inv-categoria-grande-1920x1080-EN] Investigacion 1920x1080 SizeClass=Extra idioma=en compacto=False | categorias principales enteras sin desplazar=10/10 'Ver todo' entero=True | zona de navegacion de categorias 13,151 192x229
LIB [inv-categoria-grande-1920x1080-EN] Investigacion 1920x1080 SizeClass=Extra idioma=en compacto=False | resultados n=100 enteras sin desplazar=100 celda=124,2px cols=81 filas=11 ancho usado 1487/1498px (99 %) | owner=ScrollViewer vp=680,7 ext=490,6 scr=0
LIB [inv-categoria-grande-1920x1080-EN] Investigacion 1920x1080 SizeClass=Extra idioma=en compacto=False | estructura: elementos=34 clipH=0 clipV-perdido=0 clipV-tras-scroll-local=0 
LIB [inv-categoria-grande-1920x1080-EN] Investigacion 1920x1080 SizeClass=Extra idioma=en compacto=False | captura -> C:\Users\adrian\Downloads\Keep\Terrasavr-Win\Terrasavr-Native\docs\evidencia\responsive-global\faseD\lib-antes-inv-categoria-grande-1920x1080-EN.png
LIB [lib-busqueda-amplia-1080x700-compacto] Libreria 1080x700 SizeClass=Compacto idioma=es compacto=True | region 961,2x202,6 | scroll owners V=2: ScrollViewer(vp=124,7 ext=244,6 scr=119,9 192x125); ScrollViewer(vp=97,4 ext=0 scr=0 735x97) | scroll exterior que desplaza=ninguno
FALLO: LIBRARY_RESPONSIVE_SOLO-SCROLL-ANIDADO - [lib-busqueda-amplia-1080x700-compacto] Libreria 1080x700 SizeClass=Compacto idioma=es compacto=True: 2 scroll owners verticales en la misma superficie (ScrollViewer(vp=124,7 ext=244,6 scr=119,9 192x125); ScrollViewer(vp=97,4 ext=0 scr=0 735x97)) - s13 pide UNO (resultados)
LIB [lib-busqueda-amplia-1080x700-compacto] Libreria 1080x700 SizeClass=Compacto idioma=es compacto=True | categorias principales enteras sin desplazar=4/10 'Ver todo' entero=True | zona de navegacion de categorias 13,65 175x244 | NO visibles: Pociones (efectos), Jefes & Eventos, Mision de Pez, Categorias, Objectos por ID, Calamity (mod)
FALLO: LIBRARY_RESPONSIVE_SOLO-CATEGORIAS - [lib-busqueda-amplia-1080x700-compacto] Libreria 1080x700 SizeClass=Compacto idioma=es compacto=True: solo 4/10 categorias principales se ven enteras sin desplazar (faltan: Pociones (efectos), Jefes & Eventos, Mision de Pez, Categorias, Objectos por ID, Calamity (mod))
LIB [lib-busqueda-amplia-1080x700-compacto] Libreria 1080x700 SizeClass=Compacto idioma=es compacto=True | resultados n=0 enteras sin desplazar=0 celda=0px cols=0 filas=0 ancho usado 0/735px (0 %) | owner=ScrollViewer vp=97,4 ext=0 scr=0 | SlotGridPanel Columns=12 Adaptive=False MinCell=32 MaxCell=72
LIB [lib-busqueda-amplia-1080x700-compacto] Libreria 1080x700 SizeClass=Compacto idioma=es compacto=True | estructura: elementos=28 clipH=0 clipV-perdido=0 clipV-tras-scroll-local=11 ej: V-solo-con-scroll(ScrollViewer) boton "Pociones (efectos)" 3,9px | V-solo-con-scroll(ScrollViewer) boton "Jefes & Eventos" 22px | V-solo-con-scroll(ScrollViewer) boton "Mision de Pez" 22px | V-solo-con-scroll(ScrollViewer) boton "Categorias" 22px
FALLO: LIBRARY_RESPONSIVE_SOLO-CATEGORIAS - [lib-busqueda-amplia-1080x700-compacto] Libreria 1080x700 SizeClass=Compacto idioma=es compacto=True: 11 elemento(s) de navegacion solo alcanzables desplazando un scroll local (categorias detras de un scroll)
LIB [lib-busqueda-amplia-1080x700-compacto] Libreria 1080x700 SizeClass=Compacto idioma=es compacto=True | captura -> C:\Users\adrian\Downloads\Keep\Terrasavr-Win\Terrasavr-Native\docs\evidencia\responsive-global\faseD\lib-antes-lib-busqueda-amplia-1080x700-compacto.png
LIB CONTRASTE [contraste-lib-en] Libreria idioma=en categoria seleccionada 'Decorative': pinceles texto=#FF6C63FF fondo=#FF2A2856 -> peor 3,17:1 | pixeles reales fondo=#FF2A2856 texto=#FF6C63FF -> 3,17:1
FALLO: LIBRARY_RESPONSIVE_SOLO-CONTRASTE - [contraste-lib-en] Libreria idioma=en categoria seleccionada 'Decorative': contraste 3,17:1 < 4,5:1
LIB CONTRASTE [contraste-buff-en] LibreriaBuffs idioma=en categoria seleccionada 'Utility (17)': pinceles texto=#FF6C63FF fondo=#FF2A2856 -> peor 3,17:1 | pixeles reales fondo=#FF2A2856 texto=#FF6C63FF -> 3,17:1
FALLO: LIBRARY_RESPONSIVE_SOLO-CONTRASTE - [contraste-buff-en] LibreriaBuffs idioma=en categoria seleccionada 'Utility (17)': contraste 3,17:1 < 4,5:1
LIB CONTRASTE [contraste-inv-en] Investigacion idioma=en categoria seleccionada 'Decorative': pinceles texto=#FF6C63FF fondo=#FF2A2856 -> peor 3,17:1 | pixeles reales fondo=#FF2A2856 texto=#FF6C63FF -> 3,17:1
FALLO: LIBRARY_RESPONSIVE_SOLO-CONTRASTE - [contraste-inv-en] Investigacion idioma=en categoria seleccionada 'Decorative': contraste 3,17:1 < 4,5:1
LIB CONTRASTE [contraste-lib-es] Libreria idioma=es categoria seleccionada 'Decoraciones': pinceles texto=#FF6C63FF fondo=#FF2A2856 -> peor 3,17:1 | pixeles reales fondo=#FF2A2856 texto=#FF6C63FF -> 3,17:1
FALLO: LIBRARY_RESPONSIVE_SOLO-CONTRASTE - [contraste-lib-es] Libreria idioma=es categoria seleccionada 'Decoraciones': contraste 3,17:1 < 4,5:1
LIB CONTRASTE [contraste-buff-es] LibreriaBuffs idioma=es categoria seleccionada 'Utilidad (17)': pinceles texto=#FF6C63FF fondo=#FF2A2856 -> peor 3,17:1 | pixeles reales fondo=#FF2A2856 texto=#FF6C63FF -> 3,17:1
FALLO: LIBRARY_RESPONSIVE_SOLO-CONTRASTE - [contraste-buff-es] LibreriaBuffs idioma=es categoria seleccionada 'Utilidad (17)': contraste 3,17:1 < 4,5:1
LIB CONTRASTE [contraste-inv-es] Investigacion idioma=es categoria seleccionada 'Decoraciones': pinceles texto=#FF6C63FF fondo=#FF2A2856 -> peor 3,17:1 | pixeles reales fondo=#FF2A2856 texto=#FF6C63FF -> 3,17:1
FALLO: LIBRARY_RESPONSIVE_SOLO-CONTRASTE - [contraste-inv-es] Investigacion idioma=es categoria seleccionada 'Decoraciones': contraste 3,17:1 < 4,5:1
LIB EDITAR BARRIDO: 8903 objetos del catalogo, 1701 admiten prefijo, 8031ms. Peores (alto estimado de metas+grupos+prefijos+nombre): #20001905 'Aerial Tracker' meta=1 grupo=1 ~205px | #20001917 'Granada de Plasma' meta=1 grupo=1 ~205px | #20001920 'Pulse Grenade' meta=1 grupo=1 ~205px
LIB EDITAR BARRIDO: Cenit #4956 'C‚nit' peor combinacion meta=1 grupo=0 ~151px
LIB EDITAR [cenit-1080x700-libplegada-es] 1080x700 libPlegada=True idioma=es | PEOR combinacion (meta 1 'Positivos' grupo 0 'Universal +'): Editar 300x451,9 en y=142,3 | ScrollViewer dentro=2 (visibles 2) scr max=38,2px | recorte max=22,6px (boton "Piadoso") | slot=Inventario#9 'C‚nit' metas=3 grupos=3 prefijos=9
FALLO: LIBRARY_RESPONSIVE_SOLO-EDITAR-SCROLL - [cenit-1080x700-libplegada-es] 1080x700 libPlegada=True idioma=es: el panel Editar desplaza 38,2px (Editar 300x451,9 en y=142,3 | ScrollViewer dentro=2 (visibles 2) scr max=38,2px | recorte max=22,6px (boton "Piadoso") | slot=Inventario#9 'C‚nit' metas=3 grupos=3 prefijos=9)
FALLO: LIBRARY_RESPONSIVE_SOLO-EDITAR-CLIP - [cenit-1080x700-libplegada-es] 1080x700 libPlegada=True idioma=es: el panel Editar recorta 22,6px de contenido (Editar 300x451,9 en y=142,3 | ScrollViewer dentro=2 (visibles 2) scr max=38,2px | recorte max=22,6px (boton "Piadoso") | slot=Inventario#9 'C‚nit' metas=3 grupos=3 prefijos=9)
LIB EDITAR [prefijos#20001905-1080x700-libplegada-es] 1080x700 libPlegada=True idioma=es | PEOR combinacion (meta 1 'Positivos' grupo 1 'P¡caro'): Editar 300x451,9 en y=142,3 | ScrollViewer dentro=2 (visibles 2) scr max=93,4px | recorte max=22,6px (boton "Glorioso") | slot=Inventario#9 'Aerial Tracker' metas=3 grupos=2 prefijos=17
FALLO: LIBRARY_RESPONSIVE_SOLO-EDITAR-SCROLL - [prefijos#20001905-1080x700-libplegada-es] 1080x700 libPlegada=True idioma=es: el panel Editar desplaza 93,4px (Editar 300x451,9 en y=142,3 | ScrollViewer dentro=2 (visibles 2) scr max=93,4px | recorte max=22,6px (boton "Glorioso") | slot=Inventario#9 'Aerial Tracker' metas=3 grupos=2 prefijos=17)
FALLO: LIBRARY_RESPONSIVE_SOLO-EDITAR-CLIP - [prefijos#20001905-1080x700-libplegada-es] 1080x700 libPlegada=True idioma=es: el panel Editar recorta 22,6px de contenido (Editar 300x451,9 en y=142,3 | ScrollViewer dentro=2 (visibles 2) scr max=93,4px | recorte max=22,6px (boton "Glorioso") | slot=Inventario#9 'Aerial Tracker' metas=3 grupos=2 prefijos=17)
LIB EDITAR [prefijos#20001917-1080x700-libplegada-es] 1080x700 libPlegada=True idioma=es | PEOR combinacion (meta 1 'Positivos' grupo 1 'P¡caro'): Editar 300x451,9 en y=142,3 | ScrollViewer dentro=2 (visibles 2) scr max=93,4px | recorte max=22,6px (boton "Glorioso") | slot=Inventario#9 'Granada de Plasma' metas=3 grupos=2 prefijos=17
FALLO: LIBRARY_RESPONSIVE_SOLO-EDITAR-SCROLL - [prefijos#20001917-1080x700-libplegada-es] 1080x700 libPlegada=True idioma=es: el panel Editar desplaza 93,4px (Editar 300x451,9 en y=142,3 | ScrollViewer dentro=2 (visibles 2) scr max=93,4px | recorte max=22,6px (boton "Glorioso") | slot=Inventario#9 'Granada de Plasma' metas=3 grupos=2 prefijos=17)
FALLO: LIBRARY_RESPONSIVE_SOLO-EDITAR-CLIP - [prefijos#20001917-1080x700-libplegada-es] 1080x700 libPlegada=True idioma=es: el panel Editar recorta 22,6px de contenido (Editar 300x451,9 en y=142,3 | ScrollViewer dentro=2 (visibles 2) scr max=93,4px | recorte max=22,6px (boton "Glorioso") | slot=Inventario#9 'Granada de Plasma' metas=3 grupos=2 prefijos=17)
LIB EDITAR [prefijos#20001920-1080x700-libplegada-es] 1080x700 libPlegada=True idioma=es | PEOR combinacion (meta 1 'Positivos' grupo 1 'P¡caro'): Editar 300x451,9 en y=142,3 | ScrollViewer dentro=2 (visibles 2) scr max=93,4px | recorte max=22,6px (boton "Glorioso") | slot=Inventario#9 'Pulse Grenade' metas=3 grupos=2 prefijos=17
FALLO: LIBRARY_RESPONSIVE_SOLO-EDITAR-SCROLL - [prefijos#20001920-1080x700-libplegada-es] 1080x700 libPlegada=True idioma=es: el panel Editar desplaza 93,4px (Editar 300x451,9 en y=142,3 | ScrollViewer dentro=2 (visibles 2) scr max=93,4px | recorte max=22,6px (boton "Glorioso") | slot=Inventario#9 'Pulse Grenade' metas=3 grupos=2 prefijos=17)
FALLO: LIBRARY_RESPONSIVE_SOLO-EDITAR-CLIP - [prefijos#20001920-1080x700-libplegada-es] 1080x700 libPlegada=True idioma=es: el panel Editar recorta 22,6px de contenido (Editar 300x451,9 en y=142,3 | ScrollViewer dentro=2 (visibles 2) scr max=93,4px | recorte max=22,6px (boton "Glorioso") | slot=Inventario#9 'Pulse Grenade' metas=3 grupos=2 prefijos=17)
LIB EDITAR [armadura-1080x700-libplegada-es] 1080x700 libPlegada=True idioma=es | Editar 300x451,9 en y=142,3 | ScrollViewer dentro=2 (visibles 1) scr max=0px | recorte max=0px | slot=Loadout 1 - armadura/accesorios#0 'Casco de tortuga' metas=3 grupos=0 prefijos=0
LIB EDITAR [cenit-1080x700-libdesplegada-es] 1080x700 libPlegada=False idioma=es | PEOR combinacion (meta 1 'Positivos' grupo 0 'Universal +'): Editar 300x295,9 en y=142,3 | ScrollViewer dentro=2 (visibles 2) scr max=194,2px | recorte max=22,6px (boton "Biblioteca") | slot=Inventario#9 'C‚nit' metas=3 grupos=3 prefijos=9
FALLO: LIBRARY_RESPONSIVE_SOLO-EDITAR-SCROLL - [cenit-1080x700-libdesplegada-es] 1080x700 libPlegada=False idioma=es: el panel Editar desplaza 194,2px (Editar 300x295,9 en y=142,3 | ScrollViewer dentro=2 (visibles 2) scr max=194,2px | recorte max=22,6px (boton "Biblioteca") | slot=Inventario#9 'C‚nit' metas=3 grupos=3 prefijos=9)
FALLO: LIBRARY_RESPONSIVE_SOLO-EDITAR-CLIP - [cenit-1080x700-libdesplegada-es] 1080x700 libPlegada=False idioma=es: el panel Editar recorta 22,6px de contenido (Editar 300x295,9 en y=142,3 | ScrollViewer dentro=2 (visibles 2) scr max=194,2px | recorte max=22,6px (boton "Biblioteca") | slot=Inventario#9 'C‚nit' metas=3 grupos=3 prefijos=9)
LIB EDITAR [prefijos#20001905-1080x700-libdesplegada-es] 1080x700 libPlegada=False idioma=es | PEOR combinacion (meta 1 'Positivos' grupo 1 'P¡caro'): Editar 300x295,9 en y=142,3 | ScrollViewer dentro=2 (visibles 2) scr max=249,4px | recorte max=22,6px (boton "Biblioteca") | slot=Inventario#9 'Aerial Tracker' metas=3 grupos=2 prefijos=17
FALLO: LIBRARY_RESPONSIVE_SOLO-EDITAR-SCROLL - [prefijos#20001905-1080x700-libdesplegada-es] 1080x700 libPlegada=False idioma=es: el panel Editar desplaza 249,4px (Editar 300x295,9 en y=142,3 | ScrollViewer dentro=2 (visibles 2) scr max=249,4px | recorte max=22,6px (boton "Biblioteca") | slot=Inventario#9 'Aerial Tracker' metas=3 grupos=2 prefijos=17)
FALLO: LIBRARY_RESPONSIVE_SOLO-EDITAR-CLIP - [prefijos#20001905-1080x700-libdesplegada-es] 1080x700 libPlegada=False idioma=es: el panel Editar recorta 22,6px de contenido (Editar 300x295,9 en y=142,3 | ScrollViewer dentro=2 (visibles 2) scr max=249,4px | recorte max=22,6px (boton "Biblioteca") | slot=Inventario#9 'Aerial Tracker' metas=3 grupos=2 prefijos=17)
LIB EDITAR [prefijos#20001917-1080x700-libdesplegada-es] 1080x700 libPlegada=False idioma=es | PEOR combinacion (meta 1 'Positivos' grupo 1 'P¡caro'): Editar 300x295,9 en y=142,3 | ScrollViewer dentro=2 (visibles 2) scr max=249,4px | recorte max=22,6px (boton "Biblioteca") | slot=Inventario#9 'Granada de Plasma' metas=3 grupos=2 prefijos=17
FALLO: LIBRARY_RESPONSIVE_SOLO-EDITAR-SCROLL - [prefijos#20001917-1080x700-libdesplegada-es] 1080x700 libPlegada=False idioma=es: el panel Editar desplaza 249,4px (Editar 300x295,9 en y=142,3 | ScrollViewer dentro=2 (visibles 2) scr max=249,4px | recorte max=22,6px (boton "Biblioteca") | slot=Inventario#9 'Granada de Plasma' metas=3 grupos=2 prefijos=17)
FALLO: LIBRARY_RESPONSIVE_SOLO-EDITAR-CLIP - [prefijos#20001917-1080x700-libdesplegada-es] 1080x700 libPlegada=False idioma=es: el panel Editar recorta 22,6px de contenido (Editar 300x295,9 en y=142,3 | ScrollViewer dentro=2 (visibles 2) scr max=249,4px | recorte max=22,6px (boton "Biblioteca") | slot=Inventario#9 'Granada de Plasma' metas=3 grupos=2 prefijos=17)
LIB EDITAR [prefijos#20001920-1080x700-libdesplegada-es] 1080x700 libPlegada=False idioma=es | PEOR combinacion (meta 1 'Positivos' grupo 1 'P¡caro'): Editar 300x295,9 en y=142,3 | ScrollViewer dentro=2 (visibles 2) scr max=249,4px | recorte max=22,6px (boton "Biblioteca") | slot=Inventario#9 'Pulse Grenade' metas=3 grupos=2 prefijos=17
FALLO: LIBRARY_RESPONSIVE_SOLO-EDITAR-SCROLL - [prefijos#20001920-1080x700-libdesplegada-es] 1080x700 libPlegada=False idioma=es: el panel Editar desplaza 249,4px (Editar 300x295,9 en y=142,3 | ScrollViewer dentro=2 (visibles 2) scr max=249,4px | recorte max=22,6px (boton "Biblioteca") | slot=Inventario#9 'Pulse Grenade' metas=3 grupos=2 prefijos=17)
FALLO: LIBRARY_RESPONSIVE_SOLO-EDITAR-CLIP - [prefijos#20001920-1080x700-libdesplegada-es] 1080x700 libPlegada=False idioma=es: el panel Editar recorta 22,6px de contenido (Editar 300x295,9 en y=142,3 | ScrollViewer dentro=2 (visibles 2) scr max=249,4px | recorte max=22,6px (boton "Biblioteca") | slot=Inventario#9 'Pulse Grenade' metas=3 grupos=2 prefijos=17)
LIB EDITAR [armadura-1080x700-libdesplegada-es] 1080x700 libPlegada=False idioma=es | Editar 300x295,9 en y=142,3 | ScrollViewer dentro=2 (visibles 1) scr max=7,3px | recorte max=3,3px (TextBox) | slot=Loadout 1 - armadura/accesorios#0 'Casco de tortuga' metas=3 grupos=0 prefijos=0
FALLO: LIBRARY_RESPONSIVE_SOLO-EDITAR-SCROLL - [armadura-1080x700-libdesplegada-es] 1080x700 libPlegada=False idioma=es: el panel Editar desplaza 7,3px (Editar 300x295,9 en y=142,3 | ScrollViewer dentro=2 (visibles 1) scr max=7,3px | recorte max=3,3px (TextBox) | slot=Loadout 1 - armadura/accesorios#0 'Casco de tortuga' metas=3 grupos=0 prefijos=0)
FALLO: LIBRARY_RESPONSIVE_SOLO-EDITAR-CLIP - [armadura-1080x700-libdesplegada-es] 1080x700 libPlegada=False idioma=es: el panel Editar recorta 3,3px de contenido (Editar 300x295,9 en y=142,3 | ScrollViewer dentro=2 (visibles 1) scr max=7,3px | recorte max=3,3px (TextBox) | slot=Loadout 1 - armadura/accesorios#0 'Casco de tortuga' metas=3 grupos=0 prefijos=0)
LIB EDITAR [cenit-1366x768-libplegada-es] 1366x768 libPlegada=True idioma=es | PEOR combinacion (inicial): Editar 300x519,9 en y=142,3 | ScrollViewer dentro=2 (visibles 2) scr max=0px | recorte max=0px | slot=Inventario#9 'C‚nit' metas=3 grupos=3 prefijos=4
LIB EDITAR [prefijos#20001905-1366x768-libplegada-es] 1366x768 libPlegada=True idioma=es | PEOR combinacion (meta 1 'Positivos' grupo 1 'P¡caro'): Editar 300x519,9 en y=142,3 | ScrollViewer dentro=2 (visibles 2) scr max=25,4px | recorte max=20,4px (boton "Puntiagudo") | slot=Inventario#9 'Aerial Tracker' metas=3 grupos=2 prefijos=17
FALLO: LIBRARY_RESPONSIVE_SOLO-EDITAR-SCROLL - [prefijos#20001905-1366x768-libplegada-es] 1366x768 libPlegada=True idioma=es: el panel Editar desplaza 25,4px (Editar 300x519,9 en y=142,3 | ScrollViewer dentro=2 (visibles 2) scr max=25,4px | recorte max=20,4px (boton "Puntiagudo") | slot=Inventario#9 'Aerial Tracker' metas=3 grupos=2 prefijos=17)
FALLO: LIBRARY_RESPONSIVE_SOLO-EDITAR-CLIP - [prefijos#20001905-1366x768-libplegada-es] 1366x768 libPlegada=True idioma=es: el panel Editar recorta 20,4px de contenido (Editar 300x519,9 en y=142,3 | ScrollViewer dentro=2 (visibles 2) scr max=25,4px | recorte max=20,4px (boton "Puntiagudo") | slot=Inventario#9 'Aerial Tracker' metas=3 grupos=2 prefijos=17)
LIB EDITAR [prefijos#20001917-1366x768-libplegada-es] 1366x768 libPlegada=True idioma=es | PEOR combinacion (meta 1 'Positivos' grupo 1 'P¡caro'): Editar 300x519,9 en y=142,3 | ScrollViewer dentro=2 (visibles 2) scr max=25,4px | recorte max=20,4px (boton "Puntiagudo") | slot=Inventario#9 'Granada de Plasma' metas=3 grupos=2 prefijos=17
FALLO: LIBRARY_RESPONSIVE_SOLO-EDITAR-SCROLL - [prefijos#20001917-1366x768-libplegada-es] 1366x768 libPlegada=True idioma=es: el panel Editar desplaza 25,4px (Editar 300x519,9 en y=142,3 | ScrollViewer dentro=2 (visibles 2) scr max=25,4px | recorte max=20,4px (boton "Puntiagudo") | slot=Inventario#9 'Granada de Plasma' metas=3 grupos=2 prefijos=17)
FALLO: LIBRARY_RESPONSIVE_SOLO-EDITAR-CLIP - [prefijos#20001917-1366x768-libplegada-es] 1366x768 libPlegada=True idioma=es: el panel Editar recorta 20,4px de contenido (Editar 300x519,9 en y=142,3 | ScrollViewer dentro=2 (visibles 2) scr max=25,4px | recorte max=20,4px (boton "Puntiagudo") | slot=Inventario#9 'Granada de Plasma' metas=3 grupos=2 prefijos=17)
LIB EDITAR [prefijos#20001920-1366x768-libplegada-es] 1366x768 libPlegada=True idioma=es | PEOR combinacion (meta 1 'Positivos' grupo 1 'P¡caro'): Editar 300x519,9 en y=142,3 | ScrollViewer dentro=2 (visibles 2) scr max=25,4px | recorte max=20,4px (boton "Puntiagudo") | slot=Inventario#9 'Pulse Grenade' metas=3 grupos=2 prefijos=17
FALLO: LIBRARY_RESPONSIVE_SOLO-EDITAR-SCROLL - [prefijos#20001920-1366x768-libplegada-es] 1366x768 libPlegada=True idioma=es: el panel Editar desplaza 25,4px (Editar 300x519,9 en y=142,3 | ScrollViewer dentro=2 (visibles 2) scr max=25,4px | recorte max=20,4px (boton "Puntiagudo") | slot=Inventario#9 'Pulse Grenade' metas=3 grupos=2 prefijos=17)
FALLO: LIBRARY_RESPONSIVE_SOLO-EDITAR-CLIP - [prefijos#20001920-1366x768-libplegada-es] 1366x768 libPlegada=True idioma=es: el panel Editar recorta 20,4px de contenido (Editar 300x519,9 en y=142,3 | ScrollViewer dentro=2 (visibles 2) scr max=25,4px | recorte max=20,4px (boton "Puntiagudo") | slot=Inventario#9 'Pulse Grenade' metas=3 grupos=2 prefijos=17)
LIB EDITAR [armadura-1366x768-libplegada-es] 1366x768 libPlegada=True idioma=es | Editar 300x519,9 en y=142,3 | ScrollViewer dentro=2 (visibles 1) scr max=0px | recorte max=0px | slot=Loadout 1 - armadura/accesorios#0 'Casco de tortuga' metas=3 grupos=0 prefijos=0
LIB EDITAR [cenit-1366x768-libdesplegada-es] 1366x768 libPlegada=False idioma=es | PEOR combinacion (meta 1 'Positivos' grupo 0 'Universal +'): Editar 300x336,7 en y=142,3 | ScrollViewer dentro=2 (visibles 2) scr max=153,4px | recorte max=22,6px (boton "Biblioteca") | slot=Inventario#9 'C‚nit' metas=3 grupos=3 prefijos=9
FALLO: LIBRARY_RESPONSIVE_SOLO-EDITAR-SCROLL - [cenit-1366x768-libdesplegada-es] 1366x768 libPlegada=False idioma=es: el panel Editar desplaza 153,4px (Editar 300x336,7 en y=142,3 | ScrollViewer dentro=2 (visibles 2) scr max=153,4px | recorte max=22,6px (boton "Biblioteca") | slot=Inventario#9 'C‚nit' metas=3 grupos=3 prefijos=9)
FALLO: LIBRARY_RESPONSIVE_SOLO-EDITAR-CLIP - [cenit-1366x768-libdesplegada-es] 1366x768 libPlegada=False idioma=es: el panel Editar recorta 22,6px de contenido (Editar 300x336,7 en y=142,3 | ScrollViewer dentro=2 (visibles 2) scr max=153,4px | recorte max=22,6px (boton "Biblioteca") | slot=Inventario#9 'C‚nit' metas=3 grupos=3 prefijos=9)
LIB EDITAR [prefijos#20001905-1366x768-libdesplegada-es] 1366x768 libPlegada=False idioma=es | PEOR combinacion (meta 1 'Positivos' grupo 1 'P¡caro'): Editar 300x336,7 en y=142,3 | ScrollViewer dentro=2 (visibles 2) scr max=208,6px | recorte max=22,6px (boton "Biblioteca") | slot=Inventario#9 'Aerial Tracker' metas=3 grupos=2 prefijos=17
FALLO: LIBRARY_RESPONSIVE_SOLO-EDITAR-SCROLL - [prefijos#20001905-1366x768-libdesplegada-es] 1366x768 libPlegada=False idioma=es: el panel Editar desplaza 208,6px (Editar 300x336,7 en y=142,3 | ScrollViewer dentro=2 (visibles 2) scr max=208,6px | recorte max=22,6px (boton "Biblioteca") | slot=Inventario#9 'Aerial Tracker' metas=3 grupos=2 prefijos=17)
FALLO: LIBRARY_RESPONSIVE_SOLO-EDITAR-CLIP - [prefijos#20001905-1366x768-libdesplegada-es] 1366x768 libPlegada=False idioma=es: el panel Editar recorta 22,6px de contenido (Editar 300x336,7 en y=142,3 | ScrollViewer dentro=2 (visibles 2) scr max=208,6px | recorte max=22,6px (boton "Biblioteca") | slot=Inventario#9 'Aerial Tracker' metas=3 grupos=2 prefijos=17)
LIB EDITAR [prefijos#20001917-1366x768-libdesplegada-es] 1366x768 libPlegada=False idioma=es | PEOR combinacion (meta 1 'Positivos' grupo 1 'P¡caro'): Editar 300x336,7 en y=142,3 | ScrollViewer dentro=2 (visibles 2) scr max=208,6px | recorte max=22,6px (boton "Biblioteca") | slot=Inventario#9 'Granada de Plasma' metas=3 grupos=2 prefijos=17
FALLO: LIBRARY_RESPONSIVE_SOLO-EDITAR-SCROLL - [prefijos#20001917-1366x768-libdesplegada-es] 1366x768 libPlegada=False idioma=es: el panel Editar desplaza 208,6px (Editar 300x336,7 en y=142,3 | ScrollViewer dentro=2 (visibles 2) scr max=208,6px | recorte max=22,6px (boton "Biblioteca") | slot=Inventario#9 'Granada de Plasma' metas=3 grupos=2 prefijos=17)
FALLO: LIBRARY_RESPONSIVE_SOLO-EDITAR-CLIP - [prefijos#20001917-1366x768-libdesplegada-es] 1366x768 libPlegada=False idioma=es: el panel Editar recorta 22,6px de contenido (Editar 300x336,7 en y=142,3 | ScrollViewer dentro=2 (visibles 2) scr max=208,6px | recorte max=22,6px (boton "Biblioteca") | slot=Inventario#9 'Granada de Plasma' metas=3 grupos=2 prefijos=17)
LIB EDITAR [prefijos#20001920-1366x768-libdesplegada-es] 1366x768 libPlegada=False idioma=es | PEOR combinacion (meta 1 'Positivos' grupo 1 'P¡caro'): Editar 300x336,7 en y=142,3 | ScrollViewer dentro=2 (visibles 2) scr max=208,6px | recorte max=22,6px (boton "Biblioteca") | slot=Inventario#9 'Pulse Grenade' metas=3 grupos=2 prefijos=17
FALLO: LIBRARY_RESPONSIVE_SOLO-EDITAR-SCROLL - [prefijos#20001920-1366x768-libdesplegada-es] 1366x768 libPlegada=False idioma=es: el panel Editar desplaza 208,6px (Editar 300x336,7 en y=142,3 | ScrollViewer dentro=2 (visibles 2) scr max=208,6px | recorte max=22,6px (boton "Biblioteca") | slot=Inventario#9 'Pulse Grenade' metas=3 grupos=2 prefijos=17)
FALLO: LIBRARY_RESPONSIVE_SOLO-EDITAR-CLIP - [prefijos#20001920-1366x768-libdesplegada-es] 1366x768 libPlegada=False idioma=es: el panel Editar recorta 22,6px de contenido (Editar 300x336,7 en y=142,3 | ScrollViewer dentro=2 (visibles 2) scr max=208,6px | recorte max=22,6px (boton "Biblioteca") | slot=Inventario#9 'Pulse Grenade' metas=3 grupos=2 prefijos=17)
LIB EDITAR [armadura-1366x768-libdesplegada-es] 1366x768 libPlegada=False idioma=es | Editar 300x336,7 en y=142,3 | ScrollViewer dentro=2 (visibles 1) scr max=0px | recorte max=0px | slot=Loadout 1 - armadura/accesorios#0 'Casco de tortuga' metas=3 grupos=0 prefijos=0
LIB EDITAR [cenit-1520x860-es] 1520x860 libPlegada=False idioma=es | PEOR combinacion (meta 1 'Positivos' grupo 0 'Universal +'): Editar 300x391,9 en y=142,3 | ScrollViewer dentro=2 (visibles 2) scr max=98,2px | recorte max=22,6px (boton "Incisivo") | slot=Inventario#9 'C‚nit' metas=3 grupos=3 prefijos=9
FALLO: LIBRARY_RESPONSIVE_SOLO-EDITAR-SCROLL - [cenit-1520x860-es] 1520x860 libPlegada=False idioma=es: el panel Editar desplaza 98,2px (Editar 300x391,9 en y=142,3 | ScrollViewer dentro=2 (visibles 2) scr max=98,2px | recorte max=22,6px (boton "Incisivo") | slot=Inventario#9 'C‚nit' metas=3 grupos=3 prefijos=9)
FALLO: LIBRARY_RESPONSIVE_SOLO-EDITAR-CLIP - [cenit-1520x860-es] 1520x860 libPlegada=False idioma=es: el panel Editar recorta 22,6px de contenido (Editar 300x391,9 en y=142,3 | ScrollViewer dentro=2 (visibles 2) scr max=98,2px | recorte max=22,6px (boton "Incisivo") | slot=Inventario#9 'C‚nit' metas=3 grupos=3 prefijos=9)
LIB EDITAR [prefijos#20001905-1520x860-es] 1520x860 libPlegada=False idioma=es | PEOR combinacion (meta 1 'Positivos' grupo 1 'P¡caro'): Editar 300x391,9 en y=142,3 | ScrollViewer dentro=2 (visibles 2) scr max=153,4px | recorte max=22,6px (boton "Vicioso") | slot=Inventario#9 'Aerial Tracker' metas=3 grupos=2 prefijos=17
FALLO: LIBRARY_RESPONSIVE_SOLO-EDITAR-SCROLL - [prefijos#20001905-1520x860-es] 1520x860 libPlegada=False idioma=es: el panel Editar desplaza 153,4px (Editar 300x391,9 en y=142,3 | ScrollViewer dentro=2 (visibles 2) scr max=153,4px | recorte max=22,6px (boton "Vicioso") | slot=Inventario#9 'Aerial Tracker' metas=3 grupos=2 prefijos=17)
FALLO: LIBRARY_RESPONSIVE_SOLO-EDITAR-CLIP - [prefijos#20001905-1520x860-es] 1520x860 libPlegada=False idioma=es: el panel Editar recorta 22,6px de contenido (Editar 300x391,9 en y=142,3 | ScrollViewer dentro=2 (visibles 2) scr max=153,4px | recorte max=22,6px (boton "Vicioso") | slot=Inventario#9 'Aerial Tracker' metas=3 grupos=2 prefijos=17)
LIB EDITAR [prefijos#20001917-1520x860-es] 1520x860 libPlegada=False idioma=es | PEOR combinacion (meta 1 'Positivos' grupo 1 'P¡caro'): Editar 300x391,9 en y=142,3 | ScrollViewer dentro=2 (visibles 2) scr max=153,4px | recorte max=22,6px (boton "Vicioso") | slot=Inventario#9 'Granada de Plasma' metas=3 grupos=2 prefijos=17
FALLO: LIBRARY_RESPONSIVE_SOLO-EDITAR-SCROLL - [prefijos#20001917-1520x860-es] 1520x860 libPlegada=False idioma=es: el panel Editar desplaza 153,4px (Editar 300x391,9 en y=142,3 | ScrollViewer dentro=2 (visibles 2) scr max=153,4px | recorte max=22,6px (boton "Vicioso") | slot=Inventario#9 'Granada de Plasma' metas=3 grupos=2 prefijos=17)
FALLO: LIBRARY_RESPONSIVE_SOLO-EDITAR-CLIP - [prefijos#20001917-1520x860-es] 1520x860 libPlegada=False idioma=es: el panel Editar recorta 22,6px de contenido (Editar 300x391,9 en y=142,3 | ScrollViewer dentro=2 (visibles 2) scr max=153,4px | recorte max=22,6px (boton "Vicioso") | slot=Inventario#9 'Granada de Plasma' metas=3 grupos=2 prefijos=17)
LIB EDITAR [prefijos#20001920-1520x860-es] 1520x860 libPlegada=False idioma=es | PEOR combinacion (meta 1 'Positivos' grupo 1 'P¡caro'): Editar 300x391,9 en y=142,3 | ScrollViewer dentro=2 (visibles 2) scr max=153,4px | recorte max=22,6px (boton "Vicioso") | slot=Inventario#9 'Pulse Grenade' metas=3 grupos=2 prefijos=17
FALLO: LIBRARY_RESPONSIVE_SOLO-EDITAR-SCROLL - [prefijos#20001920-1520x860-es] 1520x860 libPlegada=False idioma=es: el panel Editar desplaza 153,4px (Editar 300x391,9 en y=142,3 | ScrollViewer dentro=2 (visibles 2) scr max=153,4px | recorte max=22,6px (boton "Vicioso") | slot=Inventario#9 'Pulse Grenade' metas=3 grupos=2 prefijos=17)
FALLO: LIBRARY_RESPONSIVE_SOLO-EDITAR-CLIP - [prefijos#20001920-1520x860-es] 1520x860 libPlegada=False idioma=es: el panel Editar recorta 22,6px de contenido (Editar 300x391,9 en y=142,3 | ScrollViewer dentro=2 (visibles 2) scr max=153,4px | recorte max=22,6px (boton "Vicioso") | slot=Inventario#9 'Pulse Grenade' metas=3 grupos=2 prefijos=17)
LIB EDITAR [armadura-1520x860-es] 1520x860 libPlegada=False idioma=es | Editar 300x391,9 en y=142,3 | ScrollViewer dentro=2 (visibles 1) scr max=0px | recorte max=0px | slot=Loadout 1 - armadura/accesorios#0 'Casco de tortuga' metas=3 grupos=0 prefijos=0
LIB EDITAR [cenit-1920x1080-es] 1920x1080 libPlegada=False idioma=es | PEOR combinacion (inicial): Editar 300x523,1 en y=143,6 | ScrollViewer dentro=2 (visibles 2) scr max=0px | recorte max=0px | slot=Inventario#9 'C‚nit' metas=3 grupos=3 prefijos=4
LIB EDITAR [prefijos#20001905-1920x1080-es] 1920x1080 libPlegada=False idioma=es | PEOR combinacion (meta 1 'Positivos' grupo 1 'P¡caro'): Editar 300x523,1 en y=143,6 | ScrollViewer dentro=2 (visibles 2) scr max=30,8px | recorte max=22,6px (boton "Puntiagudo") | slot=Inventario#9 'Aerial Tracker' metas=3 grupos=2 prefijos=17
FALLO: LIBRARY_RESPONSIVE_SOLO-EDITAR-SCROLL - [prefijos#20001905-1920x1080-es] 1920x1080 libPlegada=False idioma=es: el panel Editar desplaza 30,8px (Editar 300x523,1 en y=143,6 | ScrollViewer dentro=2 (visibles 2) scr max=30,8px | recorte max=22,6px (boton "Puntiagudo") | slot=Inventario#9 'Aerial Tracker' metas=3 grupos=2 prefijos=17)
FALLO: LIBRARY_RESPONSIVE_SOLO-EDITAR-CLIP - [prefijos#20001905-1920x1080-es] 1920x1080 libPlegada=False idioma=es: el panel Editar recorta 22,6px de contenido (Editar 300x523,1 en y=143,6 | ScrollViewer dentro=2 (visibles 2) scr max=30,8px | recorte max=22,6px (boton "Puntiagudo") | slot=Inventario#9 'Aerial Tracker' metas=3 grupos=2 prefijos=17)
LIB EDITAR [prefijos#20001917-1920x1080-es] 1920x1080 libPlegada=False idioma=es | PEOR combinacion (meta 1 'Positivos' grupo 1 'P¡caro'): Editar 300x523,1 en y=143,6 | ScrollViewer dentro=2 (visibles 2) scr max=30,8px | recorte max=22,6px (boton "Puntiagudo") | slot=Inventario#9 'Granada de Plasma' metas=3 grupos=2 prefijos=17
FALLO: LIBRARY_RESPONSIVE_SOLO-EDITAR-SCROLL - [prefijos#20001917-1920x1080-es] 1920x1080 libPlegada=False idioma=es: el panel Editar desplaza 30,8px (Editar 300x523,1 en y=143,6 | ScrollViewer dentro=2 (visibles 2) scr max=30,8px | recorte max=22,6px (boton "Puntiagudo") | slot=Inventario#9 'Granada de Plasma' metas=3 grupos=2 prefijos=17)
FALLO: LIBRARY_RESPONSIVE_SOLO-EDITAR-CLIP - [prefijos#20001917-1920x1080-es] 1920x1080 libPlegada=False idioma=es: el panel Editar recorta 22,6px de contenido (Editar 300x523,1 en y=143,6 | ScrollViewer dentro=2 (visibles 2) scr max=30,8px | recorte max=22,6px (boton "Puntiagudo") | slot=Inventario#9 'Granada de Plasma' metas=3 grupos=2 prefijos=17)
LIB EDITAR [prefijos#20001920-1920x1080-es] 1920x1080 libPlegada=False idioma=es | PEOR combinacion (meta 1 'Positivos' grupo 1 'P¡caro'): Editar 300x523,1 en y=143,6 | ScrollViewer dentro=2 (visibles 2) scr max=30,8px | recorte max=22,6px (boton "Puntiagudo") | slot=Inventario#9 'Pulse Grenade' metas=3 grupos=2 prefijos=17
FALLO: LIBRARY_RESPONSIVE_SOLO-EDITAR-SCROLL - [prefijos#20001920-1920x1080-es] 1920x1080 libPlegada=False idioma=es: el panel Editar desplaza 30,8px (Editar 300x523,1 en y=143,6 | ScrollViewer dentro=2 (visibles 2) scr max=30,8px | recorte max=22,6px (boton "Puntiagudo") | slot=Inventario#9 'Pulse Grenade' metas=3 grupos=2 prefijos=17)
FALLO: LIBRARY_RESPONSIVE_SOLO-EDITAR-CLIP - [prefijos#20001920-1920x1080-es] 1920x1080 libPlegada=False idioma=es: el panel Editar recorta 22,6px de contenido (Editar 300x523,1 en y=143,6 | ScrollViewer dentro=2 (visibles 2) scr max=30,8px | recorte max=22,6px (boton "Puntiagudo") | slot=Inventario#9 'Pulse Grenade' metas=3 grupos=2 prefijos=17)
LIB EDITAR [armadura-1920x1080-es] 1920x1080 libPlegada=False idioma=es | Editar 300x523,1 en y=143,6 | ScrollViewer dentro=2 (visibles 1) scr max=0px | recorte max=0px | slot=Loadout 1 - armadura/accesorios#0 'Casco de tortuga' metas=3 grupos=0 prefijos=0
LIB EDITAR [cenit-2560x1440-es] 2560x1440 libPlegada=False idioma=es | PEOR combinacion (inicial): Editar 300x547 en y=143,6 | ScrollViewer dentro=2 (visibles 2) scr max=0px | recorte max=0px | slot=Inventario#9 'C‚nit' metas=3 grupos=3 prefijos=4
LIB EDITAR [prefijos#20001905-2560x1440-es] 2560x1440 libPlegada=False idioma=es | PEOR combinacion (inicial): Editar 300x547 en y=143,6 | ScrollViewer dentro=2 (visibles 2) scr max=0px | recorte max=0px | slot=Inventario#9 'Aerial Tracker' metas=3 grupos=1 prefijos=4
LIB EDITAR [prefijos#20001917-2560x1440-es] 2560x1440 libPlegada=False idioma=es | PEOR combinacion (inicial): Editar 300x547 en y=143,6 | ScrollViewer dentro=2 (visibles 2) scr max=0px | recorte max=0px | slot=Inventario#9 'Granada de Plasma' metas=3 grupos=1 prefijos=4
LIB EDITAR [prefijos#20001920-2560x1440-es] 2560x1440 libPlegada=False idioma=es | PEOR combinacion (inicial): Editar 300x547 en y=143,6 | ScrollViewer dentro=2 (visibles 2) scr max=0px | recorte max=0px | slot=Inventario#9 'Pulse Grenade' metas=3 grupos=1 prefijos=4
LIB EDITAR [armadura-2560x1440-es] 2560x1440 libPlegada=False idioma=es | Editar 300x739,1 en y=143,6 | ScrollViewer dentro=2 (visibles 1) scr max=0px | recorte max=0px | slot=Loadout 1 - armadura/accesorios#0 'Casco de tortuga' metas=3 grupos=0 prefijos=0
LIB EDITAR [cenit-1080x700-libplegada-en] 1080x700 libPlegada=True idioma=en | PEOR combinacion (meta 1 'Positive' grupo 0 'Universal+'): Editar 300x451,9 en y=142,3 | ScrollViewer dentro=2 (visibles 2) scr max=38,2px | recorte max=22,6px (boton "Zealous") | slot=Inventory#9 'Zenith' metas=3 grupos=3 prefijos=9
FALLO: LIBRARY_RESPONSIVE_SOLO-EDITAR-SCROLL - [cenit-1080x700-libplegada-en] 1080x700 libPlegada=True idioma=en: el panel Editar desplaza 38,2px (Editar 300x451,9 en y=142,3 | ScrollViewer dentro=2 (visibles 2) scr max=38,2px | recorte max=22,6px (boton "Zealous") | slot=Inventory#9 'Zenith' metas=3 grupos=3 prefijos=9)
FALLO: LIBRARY_RESPONSIVE_SOLO-EDITAR-CLIP - [cenit-1080x700-libplegada-en] 1080x700 libPlegada=True idioma=en: el panel Editar recorta 22,6px de contenido (Editar 300x451,9 en y=142,3 | ScrollViewer dentro=2 (visibles 2) scr max=38,2px | recorte max=22,6px (boton "Zealous") | slot=Inventory#9 'Zenith' metas=3 grupos=3 prefijos=9)
LIB EDITAR [prefijos#20001905-1080x700-libplegada-en] 1080x700 libPlegada=True idioma=en | PEOR combinacion (meta 1 'Positive' grupo 1 'Rogue'): Editar 300x451,9 en y=142,3 | ScrollViewer dentro=2 (visibles 2) scr max=93,4px | recorte max=22,6px (boton "Atrocious") | slot=Inventory#9 'Aerial Tracker' metas=3 grupos=2 prefijos=17
FALLO: LIBRARY_RESPONSIVE_SOLO-EDITAR-SCROLL - [prefijos#20001905-1080x700-libplegada-en] 1080x700 libPlegada=True idioma=en: el panel Editar desplaza 93,4px (Editar 300x451,9 en y=142,3 | ScrollViewer dentro=2 (visibles 2) scr max=93,4px | recorte max=22,6px (boton "Atrocious") | slot=Inventory#9 'Aerial Tracker' metas=3 grupos=2 prefijos=17)
FALLO: LIBRARY_RESPONSIVE_SOLO-EDITAR-CLIP - [prefijos#20001905-1080x700-libplegada-en] 1080x700 libPlegada=True idioma=en: el panel Editar recorta 22,6px de contenido (Editar 300x451,9 en y=142,3 | ScrollViewer dentro=2 (visibles 2) scr max=93,4px | recorte max=22,6px (boton "Atrocious") | slot=Inventory#9 'Aerial Tracker' metas=3 grupos=2 prefijos=17)
LIB EDITAR [prefijos#20001917-1080x700-libplegada-en] 1080x700 libPlegada=True idioma=en | PEOR combinacion (meta 1 'Positive' grupo 1 'Rogue'): Editar 300x451,9 en y=142,3 | ScrollViewer dentro=2 (visibles 2) scr max=93,4px | recorte max=22,6px (boton "Atrocious") | slot=Inventory#9 'Plasma Grenade' metas=3 grupos=2 prefijos=17
FALLO: LIBRARY_RESPONSIVE_SOLO-EDITAR-SCROLL - [prefijos#20001917-1080x700-libplegada-en] 1080x700 libPlegada=True idioma=en: el panel Editar desplaza 93,4px (Editar 300x451,9 en y=142,3 | ScrollViewer dentro=2 (visibles 2) scr max=93,4px | recorte max=22,6px (boton "Atrocious") | slot=Inventory#9 'Plasma Grenade' metas=3 grupos=2 prefijos=17)
FALLO: LIBRARY_RESPONSIVE_SOLO-EDITAR-CLIP - [prefijos#20001917-1080x700-libplegada-en] 1080x700 libPlegada=True idioma=en: el panel Editar recorta 22,6px de contenido (Editar 300x451,9 en y=142,3 | ScrollViewer dentro=2 (visibles 2) scr max=93,4px | recorte max=22,6px (boton "Atrocious") | slot=Inventory#9 'Plasma Grenade' metas=3 grupos=2 prefijos=17)
LIB EDITAR [prefijos#20001920-1080x700-libplegada-en] 1080x700 libPlegada=True idioma=en | PEOR combinacion (meta 1 'Positive' grupo 1 'Rogue'): Editar 300x451,9 en y=142,3 | ScrollViewer dentro=2 (visibles 2) scr max=93,4px | recorte max=22,6px (boton "Atrocious") | slot=Inventory#9 'Pulse Grenade' metas=3 grupos=2 prefijos=17
FALLO: LIBRARY_RESPONSIVE_SOLO-EDITAR-SCROLL - [prefijos#20001920-1080x700-libplegada-en] 1080x700 libPlegada=True idioma=en: el panel Editar desplaza 93,4px (Editar 300x451,9 en y=142,3 | ScrollViewer dentro=2 (visibles 2) scr max=93,4px | recorte max=22,6px (boton "Atrocious") | slot=Inventory#9 'Pulse Grenade' metas=3 grupos=2 prefijos=17)
FALLO: LIBRARY_RESPONSIVE_SOLO-EDITAR-CLIP - [prefijos#20001920-1080x700-libplegada-en] 1080x700 libPlegada=True idioma=en: el panel Editar recorta 22,6px de contenido (Editar 300x451,9 en y=142,3 | ScrollViewer dentro=2 (visibles 2) scr max=93,4px | recorte max=22,6px (boton "Atrocious") | slot=Inventory#9 'Pulse Grenade' metas=3 grupos=2 prefijos=17)
LIB EDITAR [armadura-1080x700-libplegada-en] 1080x700 libPlegada=True idioma=en | Editar 300x451,9 en y=142,3 | ScrollViewer dentro=2 (visibles 1) scr max=0px | recorte max=0px | slot=Loadout 1 - armor/accessories#0 'Turtle Helmet' metas=3 grupos=0 prefijos=0
LIB EDITAR [cenit-1080x700-libdesplegada-en] 1080x700 libPlegada=False idioma=en | PEOR combinacion (meta 1 'Positive' grupo 0 'Universal+'): Editar 300x295,9 en y=142,3 | ScrollViewer dentro=2 (visibles 2) scr max=194,2px | recorte max=22,6px (boton "Library") | slot=Inventory#9 'Zenith' metas=3 grupos=3 prefijos=9
FALLO: LIBRARY_RESPONSIVE_SOLO-EDITAR-SCROLL - [cenit-1080x700-libdesplegada-en] 1080x700 libPlegada=False idioma=en: el panel Editar desplaza 194,2px (Editar 300x295,9 en y=142,3 | ScrollViewer dentro=2 (visibles 2) scr max=194,2px | recorte max=22,6px (boton "Library") | slot=Inventory#9 'Zenith' metas=3 grupos=3 prefijos=9)
FALLO: LIBRARY_RESPONSIVE_SOLO-EDITAR-CLIP - [cenit-1080x700-libdesplegada-en] 1080x700 libPlegada=False idioma=en: el panel Editar recorta 22,6px de contenido (Editar 300x295,9 en y=142,3 | ScrollViewer dentro=2 (visibles 2) scr max=194,2px | recorte max=22,6px (boton "Library") | slot=Inventory#9 'Zenith' metas=3 grupos=3 prefijos=9)
LIB EDITAR [prefijos#20001905-1080x700-libdesplegada-en] 1080x700 libPlegada=False idioma=en | PEOR combinacion (meta 1 'Positive' grupo 1 'Rogue'): Editar 300x295,9 en y=142,3 | ScrollViewer dentro=2 (visibles 2) scr max=249,4px | recorte max=22,6px (boton "Library") | slot=Inventory#9 'Aerial Tracker' metas=3 grupos=2 prefijos=17
FALLO: LIBRARY_RESPONSIVE_SOLO-EDITAR-SCROLL - [prefijos#20001905-1080x700-libdesplegada-en] 1080x700 libPlegada=False idioma=en: el panel Editar desplaza 249,4px (Editar 300x295,9 en y=142,3 | ScrollViewer dentro=2 (visibles 2) scr max=249,4px | recorte max=22,6px (boton "Library") | slot=Inventory#9 'Aerial Tracker' metas=3 grupos=2 prefijos=17)
FALLO: LIBRARY_RESPONSIVE_SOLO-EDITAR-CLIP - [prefijos#20001905-1080x700-libdesplegada-en] 1080x700 libPlegada=False idioma=en: el panel Editar recorta 22,6px de contenido (Editar 300x295,9 en y=142,3 | ScrollViewer dentro=2 (visibles 2) scr max=249,4px | recorte max=22,6px (boton "Library") | slot=Inventory#9 'Aerial Tracker' metas=3 grupos=2 prefijos=17)
LIB EDITAR [prefijos#20001917-1080x700-libdesplegada-en] 1080x700 libPlegada=False idioma=en | PEOR combinacion (meta 1 'Positive' grupo 1 'Rogue'): Editar 300x295,9 en y=142,3 | ScrollViewer dentro=2 (visibles 2) scr max=249,4px | recorte max=22,6px (boton "Library") | slot=Inventory#9 'Plasma Grenade' metas=3 grupos=2 prefijos=17
FALLO: LIBRARY_RESPONSIVE_SOLO-EDITAR-SCROLL - [prefijos#20001917-1080x700-libdesplegada-en] 1080x700 libPlegada=False idioma=en: el panel Editar desplaza 249,4px (Editar 300x295,9 en y=142,3 | ScrollViewer dentro=2 (visibles 2) scr max=249,4px | recorte max=22,6px (boton "Library") | slot=Inventory#9 'Plasma Grenade' metas=3 grupos=2 prefijos=17)
FALLO: LIBRARY_RESPONSIVE_SOLO-EDITAR-CLIP - [prefijos#20001917-1080x700-libdesplegada-en] 1080x700 libPlegada=False idioma=en: el panel Editar recorta 22,6px de contenido (Editar 300x295,9 en y=142,3 | ScrollViewer dentro=2 (visibles 2) scr max=249,4px | recorte max=22,6px (boton "Library") | slot=Inventory#9 'Plasma Grenade' metas=3 grupos=2 prefijos=17)
LIB EDITAR [prefijos#20001920-1080x700-libdesplegada-en] 1080x700 libPlegada=False idioma=en | PEOR combinacion (meta 1 'Positive' grupo 1 'Rogue'): Editar 300x295,9 en y=142,3 | ScrollViewer dentro=2 (visibles 2) scr max=249,4px | recorte max=22,6px (boton "Library") | slot=Inventory#9 'Pulse Grenade' metas=3 grupos=2 prefijos=17
FALLO: LIBRARY_RESPONSIVE_SOLO-EDITAR-SCROLL - [prefijos#20001920-1080x700-libdesplegada-en] 1080x700 libPlegada=False idioma=en: el panel Editar desplaza 249,4px (Editar 300x295,9 en y=142,3 | ScrollViewer dentro=2 (visibles 2) scr max=249,4px | recorte max=22,6px (boton "Library") | slot=Inventory#9 'Pulse Grenade' metas=3 grupos=2 prefijos=17)
FALLO: LIBRARY_RESPONSIVE_SOLO-EDITAR-CLIP - [prefijos#20001920-1080x700-libdesplegada-en] 1080x700 libPlegada=False idioma=en: el panel Editar recorta 22,6px de contenido (Editar 300x295,9 en y=142,3 | ScrollViewer dentro=2 (visibles 2) scr max=249,4px | recorte max=22,6px (boton "Library") | slot=Inventory#9 'Pulse Grenade' metas=3 grupos=2 prefijos=17)
LIB EDITAR [armadura-1080x700-libdesplegada-en] 1080x700 libPlegada=False idioma=en | Editar 300x295,9 en y=142,3 | ScrollViewer dentro=2 (visibles 1) scr max=0px | recorte max=0px | slot=Loadout 1 - armor/accessories#0 'Turtle Helmet' metas=3 grupos=0 prefijos=0
LIB EDITAR [cenit-1366x768-libplegada-en] 1366x768 libPlegada=True idioma=en | PEOR combinacion (inicial): Editar 300x519,9 en y=142,3 | ScrollViewer dentro=2 (visibles 2) scr max=0px | recorte max=0px | slot=Inventory#9 'Zenith' metas=3 grupos=3 prefijos=4
LIB EDITAR [prefijos#20001905-1366x768-libplegada-en] 1366x768 libPlegada=True idioma=en | PEOR combinacion (inicial): Editar 300x519,9 en y=142,3 | ScrollViewer dentro=2 (visibles 2) scr max=0px | recorte max=0px | slot=Inventory#9 'Aerial Tracker' metas=3 grupos=1 prefijos=4
LIB EDITAR [prefijos#20001917-1366x768-libplegada-en] 1366x768 libPlegada=True idioma=en | PEOR combinacion (inicial): Editar 300x519,9 en y=142,3 | ScrollViewer dentro=2 (visibles 2) scr max=0px | recorte max=0px | slot=Inventory#9 'Plasma Grenade' metas=3 grupos=1 prefijos=4
LIB EDITAR [prefijos#20001920-1366x768-libplegada-en] 1366x768 libPlegada=True idioma=en | PEOR combinacion (inicial): Editar 300x519,9 en y=142,3 | ScrollViewer dentro=2 (visibles 2) scr max=0px | recorte max=0px | slot=Inventory#9 'Pulse Grenade' metas=3 grupos=1 prefijos=4
LIB EDITAR [armadura-1366x768-libplegada-en] 1366x768 libPlegada=True idioma=en | Editar 300x519,9 en y=142,3 | ScrollViewer dentro=2 (visibles 1) scr max=0px | recorte max=0px | slot=Loadout 1 - armor/accessories#0 'Turtle Helmet' metas=3 grupos=0 prefijos=0
LIB EDITAR [cenit-1366x768-libdesplegada-en] 1366x768 libPlegada=False idioma=en | PEOR combinacion (meta 1 'Positive' grupo 0 'Universal+'): Editar 300x336,7 en y=142,3 | ScrollViewer dentro=2 (visibles 2) scr max=153,4px | recorte max=22,6px (boton "Library") | slot=Inventory#9 'Zenith' metas=3 grupos=3 prefijos=9
FALLO: LIBRARY_RESPONSIVE_SOLO-EDITAR-SCROLL - [cenit-1366x768-libdesplegada-en] 1366x768 libPlegada=False idioma=en: el panel Editar desplaza 153,4px (Editar 300x336,7 en y=142,3 | ScrollViewer dentro=2 (visibles 2) scr max=153,4px | recorte max=22,6px (boton "Library") | slot=Inventory#9 'Zenith' metas=3 grupos=3 prefijos=9)
FALLO: LIBRARY_RESPONSIVE_SOLO-EDITAR-CLIP - [cenit-1366x768-libdesplegada-en] 1366x768 libPlegada=False idioma=en: el panel Editar recorta 22,6px de contenido (Editar 300x336,7 en y=142,3 | ScrollViewer dentro=2 (visibles 2) scr max=153,4px | recorte max=22,6px (boton "Library") | slot=Inventory#9 'Zenith' metas=3 grupos=3 prefijos=9)
LIB EDITAR [prefijos#20001905-1366x768-libdesplegada-en] 1366x768 libPlegada=False idioma=en | PEOR combinacion (meta 1 'Positive' grupo 1 'Rogue'): Editar 300x336,7 en y=142,3 | ScrollViewer dentro=2 (visibles 2) scr max=208,6px | recorte max=22,6px (boton "Library") | slot=Inventory#9 'Aerial Tracker' metas=3 grupos=2 prefijos=17
FALLO: LIBRARY_RESPONSIVE_SOLO-EDITAR-SCROLL - [prefijos#20001905-1366x768-libdesplegada-en] 1366x768 libPlegada=False idioma=en: el panel Editar desplaza 208,6px (Editar 300x336,7 en y=142,3 | ScrollViewer dentro=2 (visibles 2) scr max=208,6px | recorte max=22,6px (boton "Library") | slot=Inventory#9 'Aerial Tracker' metas=3 grupos=2 prefijos=17)
FALLO: LIBRARY_RESPONSIVE_SOLO-EDITAR-CLIP - [prefijos#20001905-1366x768-libdesplegada-en] 1366x768 libPlegada=False idioma=en: el panel Editar recorta 22,6px de contenido (Editar 300x336,7 en y=142,3 | ScrollViewer dentro=2 (visibles 2) scr max=208,6px | recorte max=22,6px (boton "Library") | slot=Inventory#9 'Aerial Tracker' metas=3 grupos=2 prefijos=17)
LIB EDITAR [prefijos#20001917-1366x768-libdesplegada-en] 1366x768 libPlegada=False idioma=en | PEOR combinacion (meta 1 'Positive' grupo 1 'Rogue'): Editar 300x336,7 en y=142,3 | ScrollViewer dentro=2 (visibles 2) scr max=208,6px | recorte max=22,6px (boton "Library") | slot=Inventory#9 'Plasma Grenade' metas=3 grupos=2 prefijos=17
FALLO: LIBRARY_RESPONSIVE_SOLO-EDITAR-SCROLL - [prefijos#20001917-1366x768-libdesplegada-en] 1366x768 libPlegada=False idioma=en: el panel Editar desplaza 208,6px (Editar 300x336,7 en y=142,3 | ScrollViewer dentro=2 (visibles 2) scr max=208,6px | recorte max=22,6px (boton "Library") | slot=Inventory#9 'Plasma Grenade' metas=3 grupos=2 prefijos=17)
FALLO: LIBRARY_RESPONSIVE_SOLO-EDITAR-CLIP - [prefijos#20001917-1366x768-libdesplegada-en] 1366x768 libPlegada=False idioma=en: el panel Editar recorta 22,6px de contenido (Editar 300x336,7 en y=142,3 | ScrollViewer dentro=2 (visibles 2) scr max=208,6px | recorte max=22,6px (boton "Library") | slot=Inventory#9 'Plasma Grenade' metas=3 grupos=2 prefijos=17)
LIB EDITAR [prefijos#20001920-1366x768-libdesplegada-en] 1366x768 libPlegada=False idioma=en | PEOR combinacion (meta 1 'Positive' grupo 1 'Rogue'): Editar 300x336,7 en y=142,3 | ScrollViewer dentro=2 (visibles 2) scr max=208,6px | recorte max=22,6px (boton "Library") | slot=Inventory#9 'Pulse Grenade' metas=3 grupos=2 prefijos=17
FALLO: LIBRARY_RESPONSIVE_SOLO-EDITAR-SCROLL - [prefijos#20001920-1366x768-libdesplegada-en] 1366x768 libPlegada=False idioma=en: el panel Editar desplaza 208,6px (Editar 300x336,7 en y=142,3 | ScrollViewer dentro=2 (visibles 2) scr max=208,6px | recorte max=22,6px (boton "Library") | slot=Inventory#9 'Pulse Grenade' metas=3 grupos=2 prefijos=17)
FALLO: LIBRARY_RESPONSIVE_SOLO-EDITAR-CLIP - [prefijos#20001920-1366x768-libdesplegada-en] 1366x768 libPlegada=False idioma=en: el panel Editar recorta 22,6px de contenido (Editar 300x336,7 en y=142,3 | ScrollViewer dentro=2 (visibles 2) scr max=208,6px | recorte max=22,6px (boton "Library") | slot=Inventory#9 'Pulse Grenade' metas=3 grupos=2 prefijos=17)
LIB EDITAR [armadura-1366x768-libdesplegada-en] 1366x768 libPlegada=False idioma=en | Editar 300x336,7 en y=142,3 | ScrollViewer dentro=2 (visibles 1) scr max=0px | recorte max=0px | slot=Loadout 1 - armor/accessories#0 'Turtle Helmet' metas=3 grupos=0 prefijos=0
LIB BANDA-EQUIP 1366x768: pagina vp=336,7 ext=390,3 scr=53,5 -> banda vacia bajo el contenido 0px | fila Libreria 229,8px (MaxHeight 460)
LIB BANDA-EQUIP 1920x1080: pagina vp=523,1 ext=392,9 scr=0 -> banda vacia bajo el contenido 130,2px | fila Libreria 354,1px (MaxHeight 640)
FALLO: LIBRARY_RESPONSIVE_SOLO-BANDA-EQUIP - 1920x1080: 130,2px vacios entre el contenido de Equipamiento y la Libreria (s17: ese alto deberia pasar a la Libreria)
LIB BANDA-EQUIP 2560x1440: pagina vp=739,1 ext=392,9 scr=0 -> banda vacia bajo el contenido 346,2px | fila Libreria 498,1px (MaxHeight 640)
FALLO: LIBRARY_RESPONSIVE_SOLO-BANDA-EQUIP - 2560x1440: 346,2px vacios entre el contenido de Equipamiento y la Libreria (s17: ese alto deberia pasar a la Libreria)
LIB ALM-EJE 1080x700: linea y=186,3 con 4 boton(es) de 159 a 655,2 -> centro desviado -8,5px del eje de la rejilla (415,6)
FALLO: LIBRARY_RESPONSIVE_SOLO-ALM-EJE - 1080x700: una linea de pildoras/acciones de Almacenes queda -8,5px fuera del eje de la rejilla
LIB ALM-EJE 1080x700: linea y=213,9 con 5 boton(es) de 159 a 539,1 -> centro desviado -66,5px del eje de la rejilla (415,6)
FALLO: LIBRARY_RESPONSIVE_SOLO-ALM-EJE - 1080x700: una linea de pildoras/acciones de Almacenes queda -66,5px fuera del eje de la rejilla
LIB ALM-EJE 1366x768: linea y=186,3 con 4 boton(es) de 340,2 a 836,3 -> centro desviado -8,5px del eje de la rejilla (596,7)
FALLO: LIBRARY_RESPONSIVE_SOLO-ALM-EJE - 1366x768: una linea de pildoras/acciones de Almacenes queda -8,5px fuera del eje de la rejilla
LIB ALM-EJE 1366x768: linea y=213,9 con 5 boton(es) de 340,2 a 720,2 -> centro desviado -66,5px del eje de la rejilla (596,7)
FALLO: LIBRARY_RESPONSIVE_SOLO-ALM-EJE - 1366x768: una linea de pildoras/acciones de Almacenes queda -66,5px fuera del eje de la rejilla
LIB ALM-EJE 1920x1080: linea y=187,6 con 4 boton(es) de 427,1 a 923,2 -> centro desviado -198,5px del eje de la rejilla (873,7)
FALLO: LIBRARY_RESPONSIVE_SOLO-ALM-EJE - 1920x1080: una linea de pildoras/acciones de Almacenes queda -198,5px fuera del eje de la rejilla
LIB ALM-EJE 1920x1080: linea y=191,4 con 5 boton(es) de 940,2 a 1320,3 -> centro desviado 256,6px del eje de la rejilla (873,7)
FALLO: LIBRARY_RESPONSIVE_SOLO-ALM-EJE - 1920x1080: una linea de pildoras/acciones de Almacenes queda 256,6px fuera del eje de la rejilla
LIB RESIZE grande 1920x1080: mismosVM=True categoriaLib='Materials/Pre-Hardmode' categoriaBuff='Utilidad' categoriaInv='Calamity' busquedaInv='a' slotEditar=igual pagina=1
LIB [lib-resize-grande] Libreria 1920x1080 SizeClass=Extra idioma=es compacto=False | region 1725x354,1 | scroll owners V=2: ScrollViewer(vp=276,2 ext=588,1 scr=311,9 192x276); ScrollViewer(vp=247,5 ext=392 scr=144,5 1499x248) | scroll exterior que desplaza=ninguno
FALLO: LIBRARY_RESPONSIVE_SOLO-SCROLL-ANIDADO - [lib-resize-grande] Libreria 1920x1080 SizeClass=Extra idioma=es compacto=False: 2 scroll owners verticales en la misma superficie (ScrollViewer(vp=276,2 ext=588,1 scr=311,9 192x276); ScrollViewer(vp=247,5 ext=392 scr=144,5 1499x248)) - s13 pide UNO (resultados)
LIB [lib-resize-grande] Libreria 1920x1080 SizeClass=Extra idioma=es compacto=False | categorias principales enteras sin desplazar=1/10 'Ver todo' entero=True | zona de navegacion de categorias 13,65 175x587 | NO visibles: Decoraciones, Mascotas, Monturas, Herramientas, Pociones (regeneracion), Pociones (efectos), Jefes & Eventos, Mision de Pez, Categorias, Objectos por ID, Calamity (mod)
FALLO: LIBRARY_RESPONSIVE_SOLO-CATEGORIAS - [lib-resize-grande] Libreria 1920x1080 SizeClass=Extra idioma=es compacto=False: solo 1/10 categorias principales se ven enteras sin desplazar (faltan: Decoraciones, Mascotas, Monturas, Herramientas, Pociones (regeneracion), Pociones (efectos), Jefes & Eventos, Mision de Pez, Categorias, Objectos por ID, Calamity (mod))
FALLO: LIBRARY_RESPONSIVE_SOLO-COLUMNAS - [lib-resize-grande] Libreria 1920x1080 SizeClass=Extra idioma=es compacto=False: con 100 resultados la rejilla usa solo 524/1482px (35 %) - 12 columnas fijas de 40px
LIB [lib-resize-grande] Libreria 1920x1080 SizeClass=Extra idioma=es compacto=False | resultados n=100 enteras sin desplazar=60 celda=40px cols=12 filas=9 ancho usado 524/1482px (35 %) | owner=ScrollViewer vp=247,5 ext=392 scr=144,5 | SlotGridPanel Columns=12 Adaptive=False MinCell=40 MaxCell=90
LIB [lib-resize-grande] Libreria 1920x1080 SizeClass=Extra idioma=es compacto=False | estructura: elementos=55 clipH=0 clipV-perdido=0 clipV-tras-scroll-local=26 ej: V-solo-con-scroll(ScrollViewer) boton "Modo Dificil" 20,3px | V-solo-con-scroll(ScrollViewer) boton "No-Mineral" 22px | V-solo-con-scroll(ScrollViewer) boton "Madera" 22px | V-solo-con-scroll(ScrollViewer) boton "Plantas & Organico" 22px
FALLO: LIBRARY_RESPONSIVE_SOLO-CATEGORIAS - [lib-resize-grande] Libreria 1920x1080 SizeClass=Extra idioma=es compacto=False: 26 elemento(s) de navegacion solo alcanzables desplazando un scroll local (categorias detras de un scroll)
LIB [lib-resize-grande] Libreria 1920x1080 SizeClass=Extra idioma=es compacto=False | captura -> C:\Users\adrian\Downloads\Keep\Terrasavr-Win\Terrasavr-Native\docs\evidencia\responsive-global\faseD\lib-antes-lib-resize-grande.png
LIB RESIZE normal 1366x768: mismosVM=True categoriaLib='Materials/Pre-Hardmode' categoriaBuff='Utilidad' categoriaInv='Calamity' busquedaInv='a' slotEditar=igual pagina=1
LIB [lib-resize-normal] Libreria 1366x768 SizeClass=Normal idioma=es compacto=False | region 1171x229,8 | scroll owners V=2: ScrollViewer(vp=151,9 ext=588,1 scr=436,2 192x152); ScrollViewer(vp=124,6 ext=392 scr=267,4 945x125) | scroll exterior que desplaza=ninguno
FALLO: LIBRARY_RESPONSIVE_SOLO-SCROLL-ANIDADO - [lib-resize-normal] Libreria 1366x768 SizeClass=Normal idioma=es compacto=False: 2 scroll owners verticales en la misma superficie (ScrollViewer(vp=151,9 ext=588,1 scr=436,2 192x152); ScrollViewer(vp=124,6 ext=392 scr=267,4 945x125)) - s13 pide UNO (resultados)
LIB [lib-resize-normal] Libreria 1366x768 SizeClass=Normal idioma=es compacto=False | categorias principales enteras sin desplazar=1/10 'Ver todo' entero=True | zona de navegacion de categorias 13,65 175x587 | NO visibles: Decoraciones, Mascotas, Monturas, Herramientas, Pociones (regeneracion), Pociones (efectos), Jefes & Eventos, Mision de Pez, Categorias, Objectos por ID, Calamity (mod)
FALLO: LIBRARY_RESPONSIVE_SOLO-CATEGORIAS - [lib-resize-normal] Libreria 1366x768 SizeClass=Normal idioma=es compacto=False: solo 1/10 categorias principales se ven enteras sin desplazar (faltan: Decoraciones, Mascotas, Monturas, Herramientas, Pociones (regeneracion), Pociones (efectos), Jefes & Eventos, Mision de Pez, Categorias, Objectos por ID, Calamity (mod))
FALLO: LIBRARY_RESPONSIVE_SOLO-COLUMNAS - [lib-resize-normal] Libreria 1366x768 SizeClass=Normal idioma=es compacto=False: con 100 resultados la rejilla usa solo 524/928px (56 %) - 12 columnas fijas de 40px
LIB [lib-resize-normal] Libreria 1366x768 SizeClass=Normal idioma=es compacto=False | resultados n=100 enteras sin desplazar=24 celda=40px cols=12 filas=9 ancho usado 524/928px (56 %) | owner=ScrollViewer vp=124,6 ext=392 scr=267,4 | SlotGridPanel Columns=12 Adaptive=False MinCell=40 MaxCell=90
LIB [lib-resize-normal] Libreria 1366x768 SizeClass=Normal idioma=es compacto=False | estructura: elementos=55 clipH=0 clipV-perdido=0 clipV-tras-scroll-local=34 ej: V-solo-con-scroll(ScrollViewer) boton "Mineral Endemoniado & Mineral ..." 38px | V-solo-con-scroll(ScrollViewer) boton "Piedra Infernal & Obsidiana" 36,6px | V-solo-con-scroll(ScrollViewer) boton "Meteorito" 22px | V-solo-con-scroll(ScrollViewer) boton "Otro" 22px
FALLO: LIBRARY_RESPONSIVE_SOLO-CATEGORIAS - [lib-resize-normal] Libreria 1366x768 SizeClass=Normal idioma=es compacto=False: 34 elemento(s) de navegacion solo alcanzables desplazando un scroll local (categorias detras de un scroll)
LIB [lib-resize-normal] Libreria 1366x768 SizeClass=Normal idioma=es compacto=False | captura -> C:\Users\adrian\Downloads\Keep\Terrasavr-Win\Terrasavr-Native\docs\evidencia\responsive-global\faseD\lib-antes-lib-resize-normal.png
LIB RESIZE minimo 1080x700: mismosVM=True categoriaLib='Materials/Pre-Hardmode' categoriaBuff='Utilidad' categoriaInv='Calamity' busquedaInv='a' slotEditar=igual pagina=1
LIB [lib-resize-minimo] Libreria 1080x700 SizeClass=Compacto idioma=es compacto=False | region 961,2x202,6 | scroll owners V=2: ScrollViewer(vp=124,7 ext=588,1 scr=463,4 192x125); ScrollViewer(vp=97,4 ext=392 scr=294,6 735x97) | scroll exterior que desplaza=ninguno
FALLO: LIBRARY_RESPONSIVE_SOLO-SCROLL-ANIDADO - [lib-resize-minimo] Libreria 1080x700 SizeClass=Compacto idioma=es compacto=False: 2 scroll owners verticales en la misma superficie (ScrollViewer(vp=124,7 ext=588,1 scr=463,4 192x125); ScrollViewer(vp=97,4 ext=392 scr=294,6 735x97)) - s13 pide UNO (resultados)
LIB [lib-resize-minimo] Libreria 1080x700 SizeClass=Compacto idioma=es compacto=False | categorias principales enteras sin desplazar=1/10 'Ver todo' entero=True | zona de navegacion de categorias 13,65 175x587 | NO visibles: Decoraciones, Mascotas, Monturas, Herramientas, Pociones (regeneracion), Pociones (efectos), Jefes & Eventos, Mision de Pez, Categorias, Objectos por ID, Calamity (mod)
FALLO: LIBRARY_RESPONSIVE_SOLO-CATEGORIAS - [lib-resize-minimo] Libreria 1080x700 SizeClass=Compacto idioma=es compacto=False: solo 1/10 categorias principales se ven enteras sin desplazar (faltan: Decoraciones, Mascotas, Monturas, Herramientas, Pociones (regeneracion), Pociones (efectos), Jefes & Eventos, Mision de Pez, Categorias, Objectos por ID, Calamity (mod))
FALLO: LIBRARY_RESPONSIVE_SOLO-COLUMNAS - [lib-resize-minimo] Libreria 1080x700 SizeClass=Compacto idioma=es compacto=False: con 100 resultados la rejilla usa solo 524/718px (73 %) - 12 columnas fijas de 40px
LIB [lib-resize-minimo] Libreria 1080x700 SizeClass=Compacto idioma=es compacto=False | resultados n=100 enteras sin desplazar=24 celda=40px cols=12 filas=9 ancho usado 524/718px (73 %) | owner=ScrollViewer vp=97,4 ext=392 scr=294,6 | SlotGridPanel Columns=12 Adaptive=False MinCell=40 MaxCell=90
LIB [lib-resize-minimo] Libreria 1080x700 SizeClass=Compacto idioma=es compacto=False | estructura: elementos=55 clipH=0 clipV-perdido=0 clipV-tras-scroll-local=36 ej: V-solo-con-scroll(ScrollViewer) boton "Oro & Platino" 12,3px | V-solo-con-scroll(ScrollViewer) boton "Mineral Endemoniado & Mineral ..." 51,9px | V-solo-con-scroll(ScrollViewer) boton "Piedra Infernal & Obsidiana" 36,6px | V-solo-con-scroll(ScrollViewer) boton "Meteorito" 22px
FALLO: LIBRARY_RESPONSIVE_SOLO-CATEGORIAS - [lib-resize-minimo] Libreria 1080x700 SizeClass=Compacto idioma=es compacto=False: 36 elemento(s) de navegacion solo alcanzables desplazando un scroll local (categorias detras de un scroll)
LIB [lib-resize-minimo] Libreria 1080x700 SizeClass=Compacto idioma=es compacto=False | captura -> C:\Users\adrian\Downloads\Keep\Terrasavr-Win\Terrasavr-Native\docs\evidencia\responsive-global\faseD\lib-antes-lib-resize-minimo.png
LIB RESIZE grande-vuelta 1920x1080: mismosVM=True categoriaLib='Materials/Pre-Hardmode' categoriaBuff='Utilidad' categoriaInv='Calamity' busquedaInv='a' slotEditar=igual pagina=1
LIB [lib-resize-grande-vuelta] Libreria 1920x1080 SizeClass=Extra idioma=es compacto=False | region 1725x354,1 | scroll owners V=2: ScrollViewer(vp=276,2 ext=588,1 scr=311,9 192x276); ScrollViewer(vp=247,5 ext=392 scr=144,5 1499x248) | scroll exterior que desplaza=ninguno
FALLO: LIBRARY_RESPONSIVE_SOLO-SCROLL-ANIDADO - [lib-resize-grande-vuelta] Libreria 1920x1080 SizeClass=Extra idioma=es compacto=False: 2 scroll owners verticales en la misma superficie (ScrollViewer(vp=276,2 ext=588,1 scr=311,9 192x276); ScrollViewer(vp=247,5 ext=392 scr=144,5 1499x248)) - s13 pide UNO (resultados)
LIB [lib-resize-grande-vuelta] Libreria 1920x1080 SizeClass=Extra idioma=es compacto=False | categorias principales enteras sin desplazar=1/10 'Ver todo' entero=True | zona de navegacion de categorias 13,65 175x587 | NO visibles: Decoraciones, Mascotas, Monturas, Herramientas, Pociones (regeneracion), Pociones (efectos), Jefes & Eventos, Mision de Pez, Categorias, Objectos por ID, Calamity (mod)
FALLO: LIBRARY_RESPONSIVE_SOLO-CATEGORIAS - [lib-resize-grande-vuelta] Libreria 1920x1080 SizeClass=Extra idioma=es compacto=False: solo 1/10 categorias principales se ven enteras sin desplazar (faltan: Decoraciones, Mascotas, Monturas, Herramientas, Pociones (regeneracion), Pociones (efectos), Jefes & Eventos, Mision de Pez, Categorias, Objectos por ID, Calamity (mod))
FALLO: LIBRARY_RESPONSIVE_SOLO-COLUMNAS - [lib-resize-grande-vuelta] Libreria 1920x1080 SizeClass=Extra idioma=es compacto=False: con 100 resultados la rejilla usa solo 524/1482px (35 %) - 12 columnas fijas de 40px
LIB [lib-resize-grande-vuelta] Libreria 1920x1080 SizeClass=Extra idioma=es compacto=False | resultados n=100 enteras sin desplazar=60 celda=40px cols=12 filas=9 ancho usado 524/1482px (35 %) | owner=ScrollViewer vp=247,5 ext=392 scr=144,5 | SlotGridPanel Columns=12 Adaptive=False MinCell=40 MaxCell=90
LIB [lib-resize-grande-vuelta] Libreria 1920x1080 SizeClass=Extra idioma=es compacto=False | estructura: elementos=55 clipH=0 clipV-perdido=0 clipV-tras-scroll-local=26 ej: V-solo-con-scroll(ScrollViewer) boton "Modo Dificil" 20,3px | V-solo-con-scroll(ScrollViewer) boton "No-Mineral" 22px | V-solo-con-scroll(ScrollViewer) boton "Madera" 22px | V-solo-con-scroll(ScrollViewer) boton "Plantas & Organico" 22px
FALLO: LIBRARY_RESPONSIVE_SOLO-CATEGORIAS - [lib-resize-grande-vuelta] Libreria 1920x1080 SizeClass=Extra idioma=es compacto=False: 26 elemento(s) de navegacion solo alcanzables desplazando un scroll local (categorias detras de un scroll)
LIB [lib-resize-grande-vuelta] Libreria 1920x1080 SizeClass=Extra idioma=es compacto=False | captura -> C:\Users\adrian\Downloads\Keep\Terrasavr-Win\Terrasavr-Native\docs\evidencia\responsive-global\faseD\lib-antes-lib-resize-grande-vuelta.png
LIB VIEJO: MainViewModel.LibraryRowMaxHeight existe = True (esperado False)
FALLO: LIBRARY_RESPONSIVE_SOLO-VIEJO - el tope LibraryRowMaxHeight (MaxHeight 460/640 de la fila de la Libreria) sigue existiendo
LIB VIEJO: FilaLibreria con MaxHeight enlazado = True (esperado False)
FALLO: LIBRARY_RESPONSIVE_SOLO-VIEJO - la fila de la Libreria de objetos sigue con MaxHeight enlazado
LIB VIEJO: plantillas del arbol lateral de categorias que siguen existiendo = [CategoryNodeTemplate, ObjetosCategoryNodeTemplate] (esperado ninguna)
FALLO: LIBRARY_RESPONSIVE_SOLO-VIEJO - siguen existiendo las plantillas del arbol lateral con scroll propio: CategoryNodeTemplate, ObjetosCategoryNodeTemplate
LIB VIEJO: Libreria: columnas fijas de 210px = 1 (esperado 0); ScrollViewer en la superficie (visibles o no) = 3 (esperado 1, el de resultados)
FALLO: LIBRARY_RESPONSIVE_SOLO-VIEJO - Libreria: sigue la columna fija de categorias de 210px
FALLO: LIBRARY_RESPONSIVE_SOLO-VIEJO - Libreria: 3 ScrollViewer en la superficie (arbol/tarjetas/resultados con scroll propio cada uno)
LIB VIEJO: LibreriaBuffs: columnas fijas de 210px = 1 (esperado 0); ScrollViewer en la superficie (visibles o no) = 3 (esperado 1, el de resultados)
FALLO: LIBRARY_RESPONSIVE_SOLO-VIEJO - LibreriaBuffs: sigue la columna fija de categorias de 210px
FALLO: LIBRARY_RESPONSIVE_SOLO-VIEJO - LibreriaBuffs: 3 ScrollViewer en la superficie (arbol/tarjetas/resultados con scroll propio cada uno)
LIB VIEJO: Investigacion: columnas fijas de 210px = 1 (esperado 0); ScrollViewer en la superficie (visibles o no) = 3 (esperado 1, el de resultados)
FALLO: LIBRARY_RESPONSIVE_SOLO-VIEJO - Investigacion: sigue la columna fija de categorias de 210px
FALLO: LIBRARY_RESPONSIVE_SOLO-VIEJO - Investigacion: 3 ScrollViewer en la superficie (arbol/tarjetas/resultados con scroll propio cada uno)
LIB VIEJO: ScrollViewer dentro del panel Editar = 2 (esperado 0; antes 2: el de seguridad L-d y el de la lista de prefijos)
FALLO: LIBRARY_RESPONSIVE_SOLO-VIEJO - el panel Editar sigue con 2 ScrollViewer propio(s)
LIB RESUMEN:
  lib-primera-entrada-1080x700: owners V=2 raices=4/10 | tarjetas de carpeta raiz n=10 enteras sin desplazar=0 celda=212px cols=3 filas=4 ancho usado 636/636px (100 %) | owner=ScrollViewer vp=97,4 ext=442,4 scr=345
  buff-primera-entrada-1080x700: owners V=2 raices=5/8 | tarjetas de carpeta raiz n=8 enteras sin desplazar=0 celda=212px cols=3 filas=3 ancho usado 636/636px (100 %) | owner=ScrollViewer vp=94,8 ext=310 scr=215,2
  inv-primera-entrada-1080x700: owners V=2 raices=10/10 | tarjetas de carpeta raiz n=10 enteras sin desplazar=6 celda=212px cols=3 filas=4 ancho usado 636/636px (100 %) | owner=ScrollViewer vp=292,1 ext=442,4 scr=150,3
  lib-vertodo-1080x700-ES: owners V=2 raices=4/10 | tarjetas de carpeta raiz n=10 enteras sin desplazar=0 celda=212px cols=3 filas=4 ancho usado 636/636px (100 %) | owner=ScrollViewer vp=97,4 ext=442,4 scr=345
  lib-categoria-grande-1080x700-ES: owners V=2 raices=4/10 | resultados n=100 enteras sin desplazar=24 celda=40px cols=12 filas=9 ancho usado 524/718px (73 %) | owner=ScrollViewer vp=97,4 ext=392 scr=294,6 | SlotGridPanel Columns=12 Adaptive=False MinCell=40 MaxCell=90
  lib-busqueda-amplia-1080x700-ES: owners V=2 raices=4/10 | resultados n=0 enteras sin desplazar=0 celda=0px cols=0 filas=0 ancho usado 0/735px (0 %) | owner=ScrollViewer vp=97,4 ext=0 scr=0 | SlotGridPanel Columns=12 Adaptive=False MinCell=40 MaxCell=90
  buff-vertodo-1080x700-ES: owners V=2 raices=5/8 | tarjetas de carpeta raiz n=8 enteras sin desplazar=0 celda=212px cols=3 filas=3 ancho usado 636/636px (100 %) | owner=ScrollViewer vp=94,8 ext=310 scr=215,2
  buff-busqueda-amplia-1080x700-ES: owners V=2 raices=5/8 | resultados n=0 enteras sin desplazar=0 celda=0px cols=0 filas=0 ancho usado 0/735px (0 %) | owner=ScrollViewer vp=94,8 ext=0 scr=0 | SlotGridPanel Columns=11 Adaptive=False MinCell=40 MaxCell=90
  inv-vertodo-1080x700-ES: owners V=2 raices=10/10 | tarjetas de carpeta raiz n=10 enteras sin desplazar=6 celda=212px cols=3 filas=4 ancho usado 636/636px (100 %) | owner=ScrollViewer vp=292,1 ext=442,4 scr=150,3
  inv-categoria-grande-1080x700-ES: owners V=2 raices=9/10 | resultados n=100 enteras sin desplazar=25 celda=124,2px cols=67 filas=25 ancho usado 713/718px (99 %) | owner=ScrollViewer vp=288,8 ext=1081,7 scr=792,9
  lib-vertodo-1366x768-ES: owners V=2 raices=6/10 | tarjetas de carpeta raiz n=10 enteras sin desplazar=0 celda=212px cols=4 filas=3 ancho usado 848/848px (100 %) | owner=ScrollViewer vp=124,6 ext=334,5 scr=209,9
  lib-categoria-grande-1366x768-ES: owners V=2 raices=6/10 | resultados n=100 enteras sin desplazar=24 celda=40px cols=12 filas=9 ancho usado 524/928px (56 %) | owner=ScrollViewer vp=124,6 ext=392 scr=267,4 | SlotGridPanel Columns=12 Adaptive=False MinCell=40 MaxCell=90
  lib-busqueda-amplia-1366x768-ES: owners V=2 raices=6/10 | resultados n=0 enteras sin desplazar=0 celda=0px cols=0 filas=0 ancho usado 0/945px (0 %) | owner=ScrollViewer vp=124,6 ext=0 scr=0 | SlotGridPanel Columns=12 Adaptive=False MinCell=40 MaxCell=90
  buff-vertodo-1366x768-ES: owners V=2 raices=6/8 | tarjetas de carpeta raiz n=8 enteras sin desplazar=4 celda=212px cols=4 filas=2 ancho usado 848/848px (100 %) | owner=ScrollViewer vp=120,6 ext=208 scr=87,4
  buff-busqueda-amplia-1366x768-ES: owners V=2 raices=6/8 | resultados n=0 enteras sin desplazar=0 celda=0px cols=0 filas=0 ancho usado 0/945px (0 %) | owner=ScrollViewer vp=120,6 ext=0 scr=0 | SlotGridPanel Columns=11 Adaptive=False MinCell=40 MaxCell=90
  inv-vertodo-1366x768-ES: owners V=2 raices=9/10 | tarjetas de carpeta raiz n=10 enteras sin desplazar=10 celda=212px cols=4 filas=3 ancho usado 848/848px (100 %) | owner=ScrollViewer vp=360,1 ext=334,5 scr=0
  inv-categoria-grande-1366x768-ES: owners V=2 raices=10/10 | resultados n=100 enteras sin desplazar=47 celda=124,2px cols=77 filas=18 ancho usado 925/928px (100 %) | owner=ScrollViewer vp=356,8 ext=778,8 scr=422
  lib-vertodo-1520x860-ES: owners V=2 raices=7/10 | tarjetas de carpeta raiz n=10 enteras sin desplazar=5 celda=212px cols=5 filas=2 ancho usado 1060/1060px (100 %) | owner=ScrollViewer vp=161,4 ext=232,5 scr=71,1
  lib-categoria-grande-1520x860-ES: owners V=2 raices=7/10 | resultados n=100 enteras sin desplazar=36 celda=40px cols=12 filas=9 ancho usado 524/1082px (48 %) | owner=ScrollViewer vp=161,4 ext=392 scr=230,6 | SlotGridPanel Columns=12 Adaptive=False MinCell=40 MaxCell=90
  lib-busqueda-amplia-1520x860-ES: owners V=2 raices=7/10 | resultados n=0 enteras sin desplazar=0 celda=0px cols=0 filas=0 ancho usado 0/1099px (0 %) | owner=ScrollViewer vp=161,4 ext=0 scr=0 | SlotGridPanel Columns=12 Adaptive=False MinCell=40 MaxCell=90
  buff-vertodo-1520x860-ES: owners V=2 raices=8/8 | tarjetas de carpeta raiz n=8 enteras sin desplazar=5 celda=212px cols=5 filas=2 ancho usado 1060/1060px (100 %) | owner=ScrollViewer vp=157,4 ext=208 scr=50,6
  buff-busqueda-amplia-1520x860-ES: owners V=2 raices=8/8 | resultados n=0 enteras sin desplazar=0 celda=0px cols=0 filas=0 ancho usado 0/1099px (0 %) | owner=ScrollViewer vp=157,4 ext=0 scr=0 | SlotGridPanel Columns=11 Adaptive=False MinCell=40 MaxCell=90
  inv-vertodo-1520x860-ES: owners V=2 raices=10/10 | tarjetas de carpeta raiz n=10 enteras sin desplazar=10 celda=212px cols=5 filas=2 ancho usado 1060/1060px (100 %) | owner=ScrollViewer vp=466,7 ext=232,5 scr=0
  inv-categoria-grande-1520x860-ES: owners V=2 raices=9/10 | resultados n=100 enteras sin desplazar=67 celda=124,2px cols=81 filas=15 ancho usado 1072/1082px (99 %) | owner=ScrollViewer vp=463,4 ext=649 scr=185,6
  lib-vertodo-1920x1080-ES: owners V=2 raices=9/10 | tarjetas de carpeta raiz n=10 enteras sin desplazar=10 celda=212px cols=7 filas=2 ancho usado 1484/1484px (100 %) | owner=ScrollViewer vp=247,5 ext=233,8 scr=0
  lib-categoria-grande-1920x1080-ES: owners V=2 raices=10/10 | resultados n=100 enteras sin desplazar=60 celda=40px cols=12 filas=9 ancho usado 524/1482px (35 %) | owner=ScrollViewer vp=247,5 ext=392 scr=144,5 | SlotGridPanel Columns=12 Adaptive=False MinCell=40 MaxCell=90
  lib-busqueda-amplia-1920x1080-ES: owners V=2 raices=10/10 | resultados n=0 enteras sin desplazar=0 celda=0px cols=0 filas=0 ancho usado 0/1499px (0 %) | owner=ScrollViewer vp=247,5 ext=0 scr=0 | SlotGridPanel Columns=12 Adaptive=False MinCell=40 MaxCell=90
  buff-vertodo-1920x1080-ES: owners V=2 raices=8/8 | tarjetas de carpeta raiz n=8 enteras sin desplazar=8 celda=212px cols=7 filas=2 ancho usado 1484/1484px (100 %) | owner=ScrollViewer vp=243,5 ext=208 scr=0
  buff-busqueda-amplia-1920x1080-ES: owners V=2 raices=8/8 | resultados n=0 enteras sin desplazar=0 celda=0px cols=0 filas=0 ancho usado 0/1499px (0 %) | owner=ScrollViewer vp=243,5 ext=0 scr=0 | SlotGridPanel Columns=11 Adaptive=False MinCell=40 MaxCell=90
  inv-vertodo-1920x1080-ES: owners V=2 raices=10/10 | tarjetas de carpeta raiz n=10 enteras sin desplazar=10 celda=212px cols=7 filas=2 ancho usado 1484/1484px (100 %) | owner=ScrollViewer vp=682,7 ext=233,8 scr=0
  inv-categoria-grande-1920x1080-ES: owners V=2 raices=10/10 | resultados n=100 enteras sin desplazar=100 celda=124,2px cols=83 filas=12 ancho usado 1462/1499px (98 %) | owner=ScrollViewer vp=680,7 ext=535,2 scr=0
  lib-vertodo-2560x1440-ES: owners V=2 raices=10/10 | tarjetas de carpeta raiz n=10 enteras sin desplazar=10 celda=212px cols=10 filas=1 ancho usado 2120/2120px (100 %) | owner=ScrollViewer vp=583,7 ext=131,8 scr=0
  lib-categoria-grande-2560x1440-ES: owners V=2 raices=10/10 | resultados n=100 enteras sin desplazar=100 celda=61,3px cols=12 filas=9 ancho usado 780/2139px (36 %) | owner=ScrollViewer vp=583,7 ext=583,7 scr=0 | SlotGridPanel Columns=12 Adaptive=False MinCell=40 MaxCell=90
  lib-busqueda-amplia-2560x1440-ES: owners V=2 raices=10/10 | resultados n=0 enteras sin desplazar=0 celda=0px cols=0 filas=0 ancho usado 0/2139px (0 %) | owner=ScrollViewer vp=583,7 ext=0 scr=0 | SlotGridPanel Columns=12 Adaptive=False MinCell=40 MaxCell=90
  buff-vertodo-2560x1440-ES: owners V=2 raices=8/8 | tarjetas de carpeta raiz n=8 enteras sin desplazar=8 celda=212px cols=8 filas=1 ancho usado 1696/1696px (100 %) | owner=ScrollViewer vp=387,5 ext=106 scr=0
  buff-busqueda-amplia-2560x1440-ES: owners V=2 raices=8/8 | resultados n=0 enteras sin desplazar=0 celda=0px cols=0 filas=0 ancho usado 0/2139px (0 %) | owner=ScrollViewer vp=387,5 ext=0 scr=0 | SlotGridPanel Columns=11 Adaptive=False MinCell=40 MaxCell=90
  inv-vertodo-2560x1440-ES: owners V=2 raices=10/10 | tarjetas de carpeta raiz n=10 enteras sin desplazar=10 celda=212px cols=10 filas=1 ancho usado 2120/2120px (100 %) | owner=ScrollViewer vp=1042,7 ext=131,8 scr=0
  inv-categoria-grande-2560x1440-ES: owners V=2 raices=10/10 | resultados n=100 enteras sin desplazar=100 celda=124,2px cols=91 filas=8 ancho usado 2132/2139px (100 %) | owner=ScrollViewer vp=1040,7 ext=356,8 scr=0
  lib-vertodo-1080x700-EN: owners V=2 raices=5/10 | tarjetas de carpeta raiz n=10 enteras sin desplazar=0 celda=212px cols=3 filas=4 ancho usado 636/636px (100 %) | owner=ScrollViewer vp=97,4 ext=417,9 scr=320,5
  lib-categoria-grande-1080x700-EN: owners V=2 raices=5/10 | resultados n=100 enteras sin desplazar=24 celda=40px cols=12 filas=9 ancho usado 524/718px (73 %) | owner=ScrollViewer vp=97,4 ext=392 scr=294,6 | SlotGridPanel Columns=12 Adaptive=False MinCell=40 MaxCell=90
  lib-busqueda-amplia-1080x700-EN: owners V=2 raices=5/10 | resultados n=0 enteras sin desplazar=0 celda=0px cols=0 filas=0 ancho usado 0/735px (0 %) | owner=ScrollViewer vp=97,4 ext=0 scr=0 | SlotGridPanel Columns=12 Adaptive=False MinCell=40 MaxCell=90
  buff-vertodo-1080x700-EN: owners V=2 raices=5/8 | tarjetas de carpeta raiz n=8 enteras sin desplazar=0 celda=212px cols=3 filas=3 ancho usado 636/636px (100 %) | owner=ScrollViewer vp=94,8 ext=310 scr=215,2
  buff-busqueda-amplia-1080x700-EN: owners V=2 raices=5/8 | resultados n=0 enteras sin desplazar=0 celda=0px cols=0 filas=0 ancho usado 0/735px (0 %) | owner=ScrollViewer vp=94,8 ext=0 scr=0 | SlotGridPanel Columns=11 Adaptive=False MinCell=40 MaxCell=90
  inv-vertodo-1080x700-EN: owners V=2 raices=9/10 | tarjetas de carpeta raiz n=10 enteras sin desplazar=6 celda=212px cols=3 filas=4 ancho usado 636/636px (100 %) | owner=ScrollViewer vp=292,1 ext=417,9 scr=125,8
  inv-categoria-grande-1080x700-EN: owners V=2 raices=10/10 | resultados n=100 enteras sin desplazar=30 celda=124,2px cols=65 filas=21 ancho usado 717/718px (100 %) | owner=ScrollViewer vp=288,8 ext=908,6 scr=619,8
  lib-vertodo-1366x768-EN: owners V=2 raices=6/10 | tarjetas de carpeta raiz n=10 enteras sin desplazar=4 celda=212px cols=4 filas=3 ancho usado 848/848px (100 %) | owner=ScrollViewer vp=124,6 ext=315,9 scr=191,3
  lib-categoria-grande-1366x768-EN: owners V=2 raices=6/10 | resultados n=100 enteras sin desplazar=24 celda=40px cols=12 filas=9 ancho usado 524/926px (57 %) | owner=ScrollViewer vp=124,6 ext=392 scr=267,4 | SlotGridPanel Columns=12 Adaptive=False MinCell=40 MaxCell=90
  lib-busqueda-amplia-1366x768-EN: owners V=2 raices=6/10 | resultados n=0 enteras sin desplazar=0 celda=0px cols=0 filas=0 ancho usado 0/944px (0 %) | owner=ScrollViewer vp=124,6 ext=0 scr=0 | SlotGridPanel Columns=12 Adaptive=False MinCell=40 MaxCell=90
  buff-vertodo-1366x768-EN: owners V=2 raices=6/8 | tarjetas de carpeta raiz n=8 enteras sin desplazar=4 celda=212px cols=4 filas=2 ancho usado 848/848px (100 %) | owner=ScrollViewer vp=120,6 ext=208 scr=87,4
  buff-busqueda-amplia-1366x768-EN: owners V=2 raices=6/8 | resultados n=0 enteras sin desplazar=0 celda=0px cols=0 filas=0 ancho usado 0/944px (0 %) | owner=ScrollViewer vp=120,6 ext=0 scr=0 | SlotGridPanel Columns=11 Adaptive=False MinCell=40 MaxCell=90
  inv-vertodo-1366x768-EN: owners V=2 raices=10/10 | tarjetas de carpeta raiz n=10 enteras sin desplazar=10 celda=212px cols=4 filas=3 ancho usado 848/848px (100 %) | owner=ScrollViewer vp=374,7 ext=315,9 scr=0
  inv-categoria-grande-1366x768-EN: owners V=2 raices=9/10 | resultados n=100 enteras sin desplazar=49 celda=124,2px cols=68 filas=17 ancho usado 912/926px (98 %) | owner=ScrollViewer vp=371,4 ext=735,5 scr=364,1
  lib-vertodo-1920x1080-EN: owners V=2 raices=9/10 | tarjetas de carpeta raiz n=10 enteras sin desplazar=10 celda=212px cols=7 filas=2 ancho usado 1484/1484px (100 %) | owner=ScrollViewer vp=247,5 ext=215,2 scr=0
  lib-categoria-grande-1920x1080-EN: owners V=2 raices=10/10 | resultados n=100 enteras sin desplazar=60 celda=40px cols=12 filas=9 ancho usado 524/1480px (35 %) | owner=ScrollViewer vp=247,5 ext=392 scr=144,5 | SlotGridPanel Columns=12 Adaptive=False MinCell=40 MaxCell=90
  lib-busqueda-amplia-1920x1080-EN: owners V=2 raices=10/10 | resultados n=0 enteras sin desplazar=0 celda=0px cols=0 filas=0 ancho usado 0/1498px (0 %) | owner=ScrollViewer vp=247,5 ext=0 scr=0 | SlotGridPanel Columns=12 Adaptive=False MinCell=40 MaxCell=90
  buff-vertodo-1920x1080-EN: owners V=2 raices=8/8 | tarjetas de carpeta raiz n=8 enteras sin desplazar=8 celda=212px cols=7 filas=2 ancho usado 1484/1484px (100 %) | owner=ScrollViewer vp=243,5 ext=208 scr=0
  buff-busqueda-amplia-1920x1080-EN: owners V=2 raices=8/8 | resultados n=0 enteras sin desplazar=0 celda=0px cols=0 filas=0 ancho usado 0/1498px (0 %) | owner=ScrollViewer vp=243,5 ext=0 scr=0 | SlotGridPanel Columns=11 Adaptive=False MinCell=40 MaxCell=90
  inv-vertodo-1920x1080-EN: owners V=2 raices=10/10 | tarjetas de carpeta raiz n=10 enteras sin desplazar=10 celda=212px cols=7 filas=2 ancho usado 1484/1484px (100 %) | owner=ScrollViewer vp=682,7 ext=215,2 scr=0
  inv-categoria-grande-1920x1080-EN: owners V=2 raices=10/10 | resultados n=100 enteras sin desplazar=100 celda=124,2px cols=81 filas=11 ancho usado 1487/1498px (99 %) | owner=ScrollViewer vp=680,7 ext=490,6 scr=0
  lib-busqueda-amplia-1080x700-compacto: owners V=2 raices=4/10 | resultados n=0 enteras sin desplazar=0 celda=0px cols=0 filas=0 ancho usado 0/735px (0 %) | owner=ScrollViewer vp=97,4 ext=0 scr=0 | SlotGridPanel Columns=12 Adaptive=False MinCell=32 MaxCell=72
  lib-resize-grande: owners V=2 raices=1/10 | resultados n=100 enteras sin desplazar=60 celda=40px cols=12 filas=9 ancho usado 524/1482px (35 %) | owner=ScrollViewer vp=247,5 ext=392 scr=144,5 | SlotGridPanel Columns=12 Adaptive=False MinCell=40 MaxCell=90
  lib-resize-normal: owners V=2 raices=1/10 | resultados n=100 enteras sin desplazar=24 celda=40px cols=12 filas=9 ancho usado 524/928px (56 %) | owner=ScrollViewer vp=124,6 ext=392 scr=267,4 | SlotGridPanel Columns=12 Adaptive=False MinCell=40 MaxCell=90
  lib-resize-minimo: owners V=2 raices=1/10 | resultados n=100 enteras sin desplazar=24 celda=40px cols=12 filas=9 ancho usado 524/718px (73 %) | owner=ScrollViewer vp=97,4 ext=392 scr=294,6 | SlotGridPanel Columns=12 Adaptive=False MinCell=40 MaxCell=90
  lib-resize-grande-vuelta: owners V=2 raices=1/10 | resultados n=100 enteras sin desplazar=60 celda=40px cols=12 filas=9 ancho usado 524/1482px (35 %) | owner=ScrollViewer vp=247,5 ext=392 scr=144,5 | SlotGridPanel Columns=12 Adaptive=False MinCell=40 MaxCell=90
LIBRARY_RESPONSIVE_SOLO: 251 fallo(s)
DONE (LIBRARY_RESPONSIVE_SOLO)
CAPTURAS-VALIDACION: 84 captura(s) de esta ejecucion revisadas, 84 con contenido real, 0 INCONCLUSIVE (en blanco)
AISLAMIENTO: session.json restaurado (ProcessExit)
