SESION-ESTADO: sesion 1 WTSConnectState=WTSActive SM_REMOTESESSION=1 SM_CMONITORS=1 UserInteractive=True; Switch.System.Windows.Media.ShouldRenderEvenWhenNoDisplayDevicesAreAvailable=True
RENDER-SONDA: OK - 64/64 pixeles pintados
AISLAMIENTO: 12 .plr/.tplr y 11 .wld/.twld reales COPIADOS a C:\Users\adrian\AppData\Local\Temp\TerrakeepArnes-129168; carpetas reales de personajes y mundos sustituidas; session.json guardado (existia=True) y se restaurara al salir.
T12-RENDER: local sin RDP -> ShouldForceSoftwareRendering()=True (esperado False en esta maquina)
T12-RENDER: con TERRAKEEP_FORCE_SOFTWARE_RENDER=1 -> ShouldForceSoftwareRendering()=True (esperado True)
T-G-ARRANQUE: new MainWindow() (CharacterFileService + MainViewModel + XAML) tardo 726ms
T-G-ASYNC: IsScanning justo tras new MainWindow() (antes de cualquier DoEvents)=True (esperado True - el escaneo real corre en segundo plano, no bloquea la construccion de la ventana)
T3-RESTAURADO: Left=0 Top=115,60000000000001 Width=1080 Height=1081,2
ARNES-TAMA¥O-BASE: Width=1180 Height=860 (fijado aqui para que el resto del arnes no dependa del tama¤o heredado de window.json)
HOME-SCAN: 6 personaje(s) encontrado(s) en la carpeta AISLADA del arnes (copias de los .plr reales en C:\Users\adrian\AppData\Local\Temp\TerrakeepArnes-129168, nunca los originales)
  - Eldelgas | N£cleo medio | Vanilla=False tModLoader=True Calamity=True | mods='Mods usados la £ltima vez: CalamityModMusic, CalamityMod, CalamityModEsp, HEROsMod, KeepQAFpsProbe, TerrakeepMod, TModLoaderMod' | 28/09/2026 12:22
  - Zenith | Cl sico | Vanilla=False tModLoader=True Calamity=True | mods='Mods usados la £ltima vez: CalamityModMusic, CalamityMod, CalamityModEsp, HEROsMod, KeepQAFpsProbe, TerrakeepMod, TModLoaderMod' | 26/09/2026 11:19
  - Terrariano | Cl sico | Vanilla=True tModLoader=False Calamity=False | mods='Personaje de tModLoader: tiene un archivo .tplr con datos de mods al lado' | 22/09/2026 02:26
  - Eldelgas | Cl sico | Vanilla=True tModLoader=False Calamity=False | mods='Personaje de tModLoader: tiene un archivo .tplr con datos de mods al lado' | 20/09/2026 16:44
  - adrian | Viaje | Vanilla=False tModLoader=True Calamity=True | mods='Mods usados la £ltima vez: CalamityModMusic, CalamityMod, CalamityModEsp, HEROsMod, KeepQAFpsProbe, TerrakeepMod, TModLoaderMod' | 16/09/2026 08:01
  - adrian | Viaje | Vanilla=False tModLoader=True Calamity=True | mods='Mods usados la £ltima vez: CalamityModMusic, CalamityMod, CalamityModEsp' | 29/08/2026 00:21
INSIGNIAS-TMOD-SIN-CALAMITY: Vanilla=False tModLoader=True Calamity=False tooltip='Mods usados la £ltima vez: HEROsMod' (esperado False/True/False)
  Captura -> C:\Users\adrian\Downloads\Keep\Terrasavr-Win\Terrasavr-Native\Terrakeep.App.Tests\bin_faseD\Debug\net10.0-windows\inicio-lanzador.png
HOME-OPEN: click en 'Eldelgas' -> SelectedTabIndex=1 (esperado 1), CharacterName=Eldelgas, IsCharacterLoaded=True
I-a IsCurrent tras abrir 'Eldelgas'=True (esperado True)
A9-13-IDIOMA: Inicio en espa¤ol -> TextBlock encontrado=True, contiene 'Aplicaci¢n nativa de Windows'=True (esperado True en los dos)
A9-13-IDIOMA: tras cambiar a ingles EN VIVO (mismo TextBlock, sin reiniciar) -> contiene 'Native Windows app'=True (esperado True)
A9-13-IDIOMA: vuelta a espa¤ol -> contiene 'Aplicaci¢n nativa de Windows'=True (esperado True)
I-b: 4 item(s) de menu, comandos sin resolver= (esperado ninguno)
H5-04-HISTORIAL: MenuItem 'Historial de versiones' presente=True, comando resuelto=True (esperado True, True)
H6-01-DOLL: copia aislada del personaje real 'Eldelgas' (C:\Users\adrian\AppData\Local\Temp\TerrakeepArnes-129168\tModLoader\Players\Eldelgas.plr), IsMale=True, HairStyle=20, pixeles opacos=1480/2240 (esperado > 700)
Captura doll con brazos, copia aislada del personaje real -> h6-doll-personaje-real.png
MEDICION-PERSONAJE: 20ms
LOAD: OK - Cargado 'UIA-Test' - personaje 100% vanilla (sin .tplr).
BUILDCODE-CANEXECUTE: tras cargar personaje (sin ningun evento de entrada real de por medio) -> BuildCodeButton.IsEnabled=True (esperado True, IsCharacterLoaded=True)
BUILDCODE-CANEXECUTE: captura real -> C:\Users\adrian\Downloads\Keep\Terrasavr-Win\Terrasavr-Native\Terrakeep.App.Tests\bin_faseD\Debug\net10.0-windows\buildcode-boton-activado-tras-cargar.png
LIB AISLAMIENTO: abierto por ruta la COPIA 'C:\Users\adrian\AppData\Local\Temp\TerrakeepArnes-129168\canario-librerias\tModLoader\Players\Eldelgas.plr'
LIB [lib-primera-entrada-1080x700] Libreria 1080x700 SizeClass=Compacto idioma=es compacto=False | region 651,2x202,6 | scroll owners V=1: ScrollViewer#LibreriaResultados(vp=62 ext=978,3 scr=916,2 635x62) | scroll exterior que desplaza=ninguno
LIB [lib-primera-entrada-1080x700] Libreria 1080x700 SizeClass=Compacto idioma=es compacto=False | categorias principales enteras sin desplazar=10/10 'Ver todo' entero=True | zona de navegacion de categorias 12,46 577x1052
LIB [lib-primera-entrada-1080x700] Libreria 1080x700 SizeClass=Compacto idioma=es compacto=False | tarjetas raiz: alto ocupado 978px de 62px del viewport (1.577 %)
LIB [lib-primera-entrada-1080x700] Libreria 1080x700 SizeClass=Compacto idioma=es compacto=False | tarjetas de carpeta raiz n=10 enteras sin desplazar=0 celda=248px cols=2 filas=5 ancho usado 496/618px (80 %) | owner=ScrollViewer#LibreriaResultados vp=62 ext=978,3 scr=916,2
LIB [lib-primera-entrada-1080x700] Libreria 1080x700 SizeClass=Compacto idioma=es compacto=False | estructura: elementos=29 clipH=0 clipV-perdido=0 clipV-tras-scroll-local=0 
LIB [lib-primera-entrada-1080x700] Libreria 1080x700 SizeClass=Compacto idioma=es compacto=False | captura -> C:\Users\adrian\Downloads\Keep\Terrasavr-Win\Terrasavr-Native\docs\evidencia\responsive-global\faseD\lib-despues-lib-primera-entrada-1080x700.png
LIB [buff-primera-entrada-1080x700] LibreriaBuffs 1080x700 SizeClass=Compacto idioma=es compacto=False | region 961,2x200 | scroll owners V=1: ScrollViewer#LibreriaBuffsResultados(vp=105,4 ext=423,7 scr=318,3 945x105) | scroll exterior que desplaza=ninguno
LIB [buff-primera-entrada-1080x700] LibreriaBuffs 1080x700 SizeClass=Compacto idioma=es compacto=False | categorias principales enteras sin desplazar=8/8 'Ver todo' entero=True | zona de navegacion de categorias 12,46 904x451
LIB [buff-primera-entrada-1080x700] LibreriaBuffs 1080x700 SizeClass=Compacto idioma=es compacto=False | tarjetas raiz: alto ocupado 424px de 105px del viewport (402 %)
LIB [buff-primera-entrada-1080x700] LibreriaBuffs 1080x700 SizeClass=Compacto idioma=es compacto=False | tarjetas de carpeta raiz n=8 enteras sin desplazar=3 celda=248px cols=3 filas=3 ancho usado 744/928px (80 %) | owner=ScrollViewer#LibreriaBuffsResultados vp=105,4 ext=423,7 scr=318,3
LIB [buff-primera-entrada-1080x700] LibreriaBuffs 1080x700 SizeClass=Compacto idioma=es compacto=False | estructura: elementos=23 clipH=0 clipV-perdido=0 clipV-tras-scroll-local=0 
LIB [buff-primera-entrada-1080x700] LibreriaBuffs 1080x700 SizeClass=Compacto idioma=es compacto=False | captura -> C:\Users\adrian\Downloads\Keep\Terrasavr-Win\Terrasavr-Native\docs\evidencia\responsive-global\faseD\lib-despues-buff-primera-entrada-1080x700.png
LIB [inv-primera-entrada-1080x700] Investigacion 1080x700 SizeClass=Compacto idioma=es compacto=False | region 961,2x496,5 | scroll owners V=1: ScrollViewer#InvestigacionResultados(vp=243,1 ext=903,3 scr=660,1 945x243) | scroll exterior que desplaza=ninguno
LIB [inv-primera-entrada-1080x700] Investigacion 1080x700 SizeClass=Compacto idioma=es compacto=False | categorias principales enteras sin desplazar=10/10 'Ver todo' entero=True | zona de navegacion de categorias 12,138 885x996
LIB [inv-primera-entrada-1080x700] Investigacion 1080x700 SizeClass=Compacto idioma=es compacto=False | tarjetas raiz: alto ocupado 903px de 243px del viewport (372 %)
LIB [inv-primera-entrada-1080x700] Investigacion 1080x700 SizeClass=Compacto idioma=es compacto=False | tarjetas de carpeta raiz n=10 enteras sin desplazar=3 celda=248px cols=3 filas=4 ancho usado 744/928px (80 %) | owner=ScrollViewer#InvestigacionResultados vp=243,1 ext=903,3 scr=660,1
LIB [inv-primera-entrada-1080x700] Investigacion 1080x700 SizeClass=Compacto idioma=es compacto=False | estructura: elementos=30 clipH=0 clipV-perdido=0 clipV-tras-scroll-local=0 
LIB [inv-primera-entrada-1080x700] Investigacion 1080x700 SizeClass=Compacto idioma=es compacto=False | captura -> C:\Users\adrian\Downloads\Keep\Terrasavr-Win\Terrasavr-Native\docs\evidencia\responsive-global\faseD\lib-despues-inv-primera-entrada-1080x700.png
LIB [lib-vertodo-1080x700-ES] Libreria 1080x700 SizeClass=Compacto idioma=es compacto=False | region 651,2x202,6 | scroll owners V=1: ScrollViewer#LibreriaResultados(vp=62 ext=978,3 scr=916,2 635x62) | scroll exterior que desplaza=ninguno
LIB [lib-vertodo-1080x700-ES] Libreria 1080x700 SizeClass=Compacto idioma=es compacto=False | categorias principales enteras sin desplazar=10/10 'Ver todo' entero=True | zona de navegacion de categorias 12,46 577x1052
LIB [lib-vertodo-1080x700-ES] Libreria 1080x700 SizeClass=Compacto idioma=es compacto=False | tarjetas raiz: alto ocupado 978px de 62px del viewport (1.577 %)
LIB [lib-vertodo-1080x700-ES] Libreria 1080x700 SizeClass=Compacto idioma=es compacto=False | tarjetas de carpeta raiz n=10 enteras sin desplazar=0 celda=248px cols=2 filas=5 ancho usado 496/618px (80 %) | owner=ScrollViewer#LibreriaResultados vp=62 ext=978,3 scr=916,2
LIB [lib-vertodo-1080x700-ES] Libreria 1080x700 SizeClass=Compacto idioma=es compacto=False | estructura: elementos=29 clipH=0 clipV-perdido=0 clipV-tras-scroll-local=0 
LIB [lib-vertodo-1080x700-ES] Libreria 1080x700 SizeClass=Compacto idioma=es compacto=False | captura -> C:\Users\adrian\Downloads\Keep\Terrasavr-Win\Terrasavr-Native\docs\evidencia\responsive-global\faseD\lib-despues-lib-vertodo-1080x700-ES.png
LIB [lib-categoria-grande-1080x700-ES] Libreria 1080x700 SizeClass=Compacto idioma=es compacto=False | region 651,2x202,6 | scroll owners V=1: ScrollViewer#LibreriaResultados(vp=58 ext=348 scr=290 635x58) | scroll exterior que desplaza=ninguno
LIB [lib-categoria-grande-1080x700-ES] Libreria 1080x700 SizeClass=Compacto idioma=es compacto=False | categorias principales enteras sin desplazar=10/10 'Ver todo' entero=True | zona de navegacion de categorias 71,46 518x66
LIB [lib-categoria-grande-1080x700-ES] Libreria 1080x700 SizeClass=Compacto idioma=es compacto=False | resultados n=100 enteras sin desplazar=14 celda=40px cols=14 filas=8 ancho usado 612/618px (99 %) | owner=ScrollViewer#LibreriaResultados vp=58 ext=348 scr=290 | SlotGridPanel Columns=60 Adaptive=True MinCell=40 MaxCell=90
LIB [lib-categoria-grande-1080x700-ES] Libreria 1080x700 SizeClass=Compacto idioma=es compacto=False | estructura: elementos=31 clipH=0 clipV-perdido=0 clipV-tras-scroll-local=0 
LIB [lib-categoria-grande-1080x700-ES] Libreria 1080x700 SizeClass=Compacto idioma=es compacto=False | captura -> C:\Users\adrian\Downloads\Keep\Terrasavr-Win\Terrasavr-Native\docs\evidencia\responsive-global\faseD\lib-despues-lib-categoria-grande-1080x700-ES.png
LIB BUSQUEDA-AMPLIA Libreria '#1-99999999' 1080x700-ES: 100 resultados en pantalla (Mostrando 100 de 8903 resultados - afina la b£squeda.) en 368ms (incluye el debounce de 180ms)
LIB [lib-busqueda-amplia-1080x700-ES] Libreria 1080x700 SizeClass=Compacto idioma=es compacto=False | region 651,2x202,6 | scroll owners V=1: ScrollViewer#LibreriaResultados(vp=62 ext=348 scr=286 635x62) | scroll exterior que desplaza=ninguno
LIB [lib-busqueda-amplia-1080x700-ES] Libreria 1080x700 SizeClass=Compacto idioma=es compacto=False | categorias principales enteras sin desplazar=10/10 'Ver todo' entero=True | zona de navegacion de categorias 71,46 518x66
LIB [lib-busqueda-amplia-1080x700-ES] Libreria 1080x700 SizeClass=Compacto idioma=es compacto=False | resultados n=100 enteras sin desplazar=14 celda=40px cols=14 filas=8 ancho usado 612/618px (99 %) | owner=ScrollViewer#LibreriaResultados vp=62 ext=348 scr=286 | SlotGridPanel Columns=60 Adaptive=True MinCell=40 MaxCell=90
LIB [lib-busqueda-amplia-1080x700-ES] Libreria 1080x700 SizeClass=Compacto idioma=es compacto=False | estructura: elementos=28 clipH=0 clipV-perdido=0 clipV-tras-scroll-local=0 
LIB [lib-busqueda-amplia-1080x700-ES] Libreria 1080x700 SizeClass=Compacto idioma=es compacto=False | captura -> C:\Users\adrian\Downloads\Keep\Terrasavr-Win\Terrasavr-Native\docs\evidencia\responsive-global\faseD\lib-despues-lib-busqueda-amplia-1080x700-ES.png
LIB [buff-vertodo-1080x700-ES] LibreriaBuffs 1080x700 SizeClass=Compacto idioma=es compacto=False | region 961,2x200 | scroll owners V=1: ScrollViewer#LibreriaBuffsResultados(vp=105,4 ext=423,7 scr=318,3 945x105) | scroll exterior que desplaza=ninguno
LIB [buff-vertodo-1080x700-ES] LibreriaBuffs 1080x700 SizeClass=Compacto idioma=es compacto=False | categorias principales enteras sin desplazar=8/8 'Ver todo' entero=True | zona de navegacion de categorias 12,46 904x451
LIB [buff-vertodo-1080x700-ES] LibreriaBuffs 1080x700 SizeClass=Compacto idioma=es compacto=False | tarjetas raiz: alto ocupado 424px de 105px del viewport (402 %)
LIB [buff-vertodo-1080x700-ES] LibreriaBuffs 1080x700 SizeClass=Compacto idioma=es compacto=False | tarjetas de carpeta raiz n=8 enteras sin desplazar=3 celda=248px cols=3 filas=3 ancho usado 744/928px (80 %) | owner=ScrollViewer#LibreriaBuffsResultados vp=105,4 ext=423,7 scr=318,3
LIB [buff-vertodo-1080x700-ES] LibreriaBuffs 1080x700 SizeClass=Compacto idioma=es compacto=False | estructura: elementos=23 clipH=0 clipV-perdido=0 clipV-tras-scroll-local=0 
LIB [buff-vertodo-1080x700-ES] LibreriaBuffs 1080x700 SizeClass=Compacto idioma=es compacto=False | captura -> C:\Users\adrian\Downloads\Keep\Terrasavr-Win\Terrasavr-Native\docs\evidencia\responsive-global\faseD\lib-despues-buff-vertodo-1080x700-ES.png
LIB [buff-busqueda-amplia-1080x700-ES] LibreriaBuffs 1080x700 SizeClass=Compacto idioma=es compacto=False | region 961,2x200 | scroll owners V=1: ScrollViewer#LibreriaBuffsResultados(vp=105,4 ext=656 scr=550,6 945x105) | scroll exterior que desplaza=ninguno
LIB [buff-busqueda-amplia-1080x700-ES] LibreriaBuffs 1080x700 SizeClass=Compacto idioma=es compacto=False | categorias principales enteras sin desplazar=8/8 'Ver todo' entero=True | zona de navegacion de categorias 71,46 845x20
LIB [buff-busqueda-amplia-1080x700-ES] LibreriaBuffs 1080x700 SizeClass=Compacto idioma=es compacto=False | resultados n=300 enteras sin desplazar=42 celda=40px cols=21 filas=15 ancho usado 920/928px (99 %) | owner=ScrollViewer#LibreriaBuffsResultados vp=105,4 ext=656 scr=550,6 | SlotGridPanel Columns=60 Adaptive=True MinCell=40 MaxCell=90
LIB [buff-busqueda-amplia-1080x700-ES] LibreriaBuffs 1080x700 SizeClass=Compacto idioma=es compacto=False | estructura: elementos=22 clipH=0 clipV-perdido=0 clipV-tras-scroll-local=0 
LIB [buff-busqueda-amplia-1080x700-ES] LibreriaBuffs 1080x700 SizeClass=Compacto idioma=es compacto=False | captura -> C:\Users\adrian\Downloads\Keep\Terrasavr-Win\Terrasavr-Native\docs\evidencia\responsive-global\faseD\lib-despues-buff-busqueda-amplia-1080x700-ES.png
LIB [inv-vertodo-1080x700-ES] Investigacion 1080x700 SizeClass=Compacto idioma=es compacto=False | region 961,2x496,5 | scroll owners V=1: ScrollViewer#InvestigacionResultados(vp=243,1 ext=903,3 scr=660,1 945x243) | scroll exterior que desplaza=ninguno
LIB [inv-vertodo-1080x700-ES] Investigacion 1080x700 SizeClass=Compacto idioma=es compacto=False | categorias principales enteras sin desplazar=10/10 'Ver todo' entero=True | zona de navegacion de categorias 12,138 885x996
LIB [inv-vertodo-1080x700-ES] Investigacion 1080x700 SizeClass=Compacto idioma=es compacto=False | tarjetas raiz: alto ocupado 903px de 243px del viewport (372 %)
LIB [inv-vertodo-1080x700-ES] Investigacion 1080x700 SizeClass=Compacto idioma=es compacto=False | tarjetas de carpeta raiz n=10 enteras sin desplazar=3 celda=248px cols=3 filas=4 ancho usado 744/928px (80 %) | owner=ScrollViewer#InvestigacionResultados vp=243,1 ext=903,3 scr=660,1
LIB [inv-vertodo-1080x700-ES] Investigacion 1080x700 SizeClass=Compacto idioma=es compacto=False | estructura: elementos=30 clipH=0 clipV-perdido=0 clipV-tras-scroll-local=0 
LIB [inv-vertodo-1080x700-ES] Investigacion 1080x700 SizeClass=Compacto idioma=es compacto=False | captura -> C:\Users\adrian\Downloads\Keep\Terrasavr-Win\Terrasavr-Native\docs\evidencia\responsive-global\faseD\lib-despues-inv-vertodo-1080x700-ES.png
LIB [inv-categoria-grande-1080x700-ES] Investigacion 1080x700 SizeClass=Compacto idioma=es compacto=False | region 961,2x496,5 | scroll owners V=1: ScrollViewer#InvestigacionResultados(vp=239,1 ext=778,8 scr=539,7 945x239) | scroll exterior que desplaza=ninguno
LIB [inv-categoria-grande-1080x700-ES] Investigacion 1080x700 SizeClass=Compacto idioma=es compacto=False | categorias principales enteras sin desplazar=10/10 'Ver todo' entero=True | zona de navegacion de categorias 71,138 826x43
LIB [inv-categoria-grande-1080x700-ES] Investigacion 1080x700 SizeClass=Compacto idioma=es compacto=False | resultados n=100 enteras sin desplazar=29 celda=124,2px cols=74 filas=18 ancho usado 925/928px (100 %) | owner=ScrollViewer#InvestigacionResultados vp=239,1 ext=778,8 scr=539,7
LIB [inv-categoria-grande-1080x700-ES] Investigacion 1080x700 SizeClass=Compacto idioma=es compacto=False | estructura: elementos=36 clipH=0 clipV-perdido=0 clipV-tras-scroll-local=0 
LIB [inv-categoria-grande-1080x700-ES] Investigacion 1080x700 SizeClass=Compacto idioma=es compacto=False | captura -> C:\Users\adrian\Downloads\Keep\Terrasavr-Win\Terrasavr-Native\docs\evidencia\responsive-global\faseD\lib-despues-inv-categoria-grande-1080x700-ES.png
LIB [lib-vertodo-1366x768-ES] Libreria 1366x768 SizeClass=Normal idioma=es compacto=False | region 861x229,8 | scroll owners V=1: ScrollViewer#LibreriaResultados(vp=112,2 ext=903,3 scr=791 845x112) | scroll exterior que desplaza=ninguno
LIB [lib-vertodo-1366x768-ES] Libreria 1366x768 SizeClass=Normal idioma=es compacto=False | categorias principales enteras sin desplazar=10/10 'Ver todo' entero=True | zona de navegacion de categorias 12,46 766x954
LIB [lib-vertodo-1366x768-ES] Libreria 1366x768 SizeClass=Normal idioma=es compacto=False | tarjetas raiz: alto ocupado 903px de 112px del viewport (805 %)
LIB [lib-vertodo-1366x768-ES] Libreria 1366x768 SizeClass=Normal idioma=es compacto=False | tarjetas de carpeta raiz n=10 enteras sin desplazar=0 celda=248px cols=3 filas=4 ancho usado 744/828px (90 %) | owner=ScrollViewer#LibreriaResultados vp=112,2 ext=903,3 scr=791
LIB [lib-vertodo-1366x768-ES] Libreria 1366x768 SizeClass=Normal idioma=es compacto=False | estructura: elementos=29 clipH=0 clipV-perdido=0 clipV-tras-scroll-local=0 
LIB [lib-vertodo-1366x768-ES] Libreria 1366x768 SizeClass=Normal idioma=es compacto=False | captura -> C:\Users\adrian\Downloads\Keep\Terrasavr-Win\Terrasavr-Native\docs\evidencia\responsive-global\faseD\lib-despues-lib-vertodo-1366x768-ES.png
LIB [lib-categoria-grande-1366x768-ES] Libreria 1366x768 SizeClass=Normal idioma=es compacto=False | region 861x229,8 | scroll owners V=1: ScrollViewer#LibreriaResultados(vp=108,2 ext=260 scr=151,8 845x108) | scroll exterior que desplaza=ninguno
LIB [lib-categoria-grande-1366x768-ES] Libreria 1366x768 SizeClass=Normal idioma=es compacto=False | categorias principales enteras sin desplazar=10/10 'Ver todo' entero=True | zona de navegacion de categorias 71,46 707x43
LIB [lib-categoria-grande-1366x768-ES] Libreria 1366x768 SizeClass=Normal idioma=es compacto=False | resultados n=100 enteras sin desplazar=36 celda=40px cols=18 filas=6 ancho usado 788/828px (95 %) | owner=ScrollViewer#LibreriaResultados vp=108,2 ext=260 scr=151,8 | SlotGridPanel Columns=60 Adaptive=True MinCell=40 MaxCell=90
LIB [lib-categoria-grande-1366x768-ES] Libreria 1366x768 SizeClass=Normal idioma=es compacto=False | estructura: elementos=31 clipH=0 clipV-perdido=0 clipV-tras-scroll-local=0 
LIB [lib-categoria-grande-1366x768-ES] Libreria 1366x768 SizeClass=Normal idioma=es compacto=False | captura -> C:\Users\adrian\Downloads\Keep\Terrasavr-Win\Terrasavr-Native\docs\evidencia\responsive-global\faseD\lib-despues-lib-categoria-grande-1366x768-ES.png
LIB BUSQUEDA-AMPLIA Libreria '#1-99999999' 1366x768-ES: 100 resultados en pantalla (Mostrando 100 de 8903 resultados - afina la b£squeda.) en 327ms (incluye el debounce de 180ms)
LIB [lib-busqueda-amplia-1366x768-ES] Libreria 1366x768 SizeClass=Normal idioma=es compacto=False | region 861x229,8 | scroll owners V=1: ScrollViewer#LibreriaResultados(vp=112,2 ext=260 scr=147,8 845x112) | scroll exterior que desplaza=ninguno
LIB [lib-busqueda-amplia-1366x768-ES] Libreria 1366x768 SizeClass=Normal idioma=es compacto=False | categorias principales enteras sin desplazar=10/10 'Ver todo' entero=True | zona de navegacion de categorias 71,46 707x43
LIB [lib-busqueda-amplia-1366x768-ES] Libreria 1366x768 SizeClass=Normal idioma=es compacto=False | resultados n=100 enteras sin desplazar=36 celda=40px cols=18 filas=6 ancho usado 788/828px (95 %) | owner=ScrollViewer#LibreriaResultados vp=112,2 ext=260 scr=147,8 | SlotGridPanel Columns=60 Adaptive=True MinCell=40 MaxCell=90
LIB [lib-busqueda-amplia-1366x768-ES] Libreria 1366x768 SizeClass=Normal idioma=es compacto=False | estructura: elementos=28 clipH=0 clipV-perdido=0 clipV-tras-scroll-local=0 
LIB [lib-busqueda-amplia-1366x768-ES] Libreria 1366x768 SizeClass=Normal idioma=es compacto=False | captura -> C:\Users\adrian\Downloads\Keep\Terrasavr-Win\Terrasavr-Native\docs\evidencia\responsive-global\faseD\lib-despues-lib-busqueda-amplia-1366x768-ES.png
LIB [buff-vertodo-1366x768-ES] LibreriaBuffs 1366x768 SizeClass=Normal idioma=es compacto=False | region 1171x225,8 | scroll owners V=1: ScrollViewer#LibreriaBuffsResultados(vp=131,2 ext=327 scr=195,8 1155x131) | scroll exterior que desplaza=ninguno
LIB [buff-vertodo-1366x768-ES] LibreriaBuffs 1366x768 SizeClass=Normal idioma=es compacto=False | categorias principales enteras sin desplazar=8/8 'Ver todo' entero=True | zona de navegacion de categorias 71,46 891x355
LIB [buff-vertodo-1366x768-ES] LibreriaBuffs 1366x768 SizeClass=Normal idioma=es compacto=False | tarjetas raiz: alto ocupado 327px de 131px del viewport (249 %)
LIB [buff-vertodo-1366x768-ES] LibreriaBuffs 1366x768 SizeClass=Normal idioma=es compacto=False | tarjetas de carpeta raiz n=8 enteras sin desplazar=4 celda=248px cols=4 filas=2 ancho usado 992/1138px (87 %) | owner=ScrollViewer#LibreriaBuffsResultados vp=131,2 ext=327 scr=195,8
LIB [buff-vertodo-1366x768-ES] LibreriaBuffs 1366x768 SizeClass=Normal idioma=es compacto=False | estructura: elementos=23 clipH=0 clipV-perdido=0 clipV-tras-scroll-local=0 
LIB [buff-vertodo-1366x768-ES] LibreriaBuffs 1366x768 SizeClass=Normal idioma=es compacto=False | captura -> C:\Users\adrian\Downloads\Keep\Terrasavr-Win\Terrasavr-Native\docs\evidencia\responsive-global\faseD\lib-despues-buff-vertodo-1366x768-ES.png
LIB [buff-busqueda-amplia-1366x768-ES] LibreriaBuffs 1366x768 SizeClass=Normal idioma=es compacto=False | region 1171x225,8 | scroll owners V=1: ScrollViewer#LibreriaBuffsResultados(vp=131,2 ext=524 scr=392,8 1155x131) | scroll exterior que desplaza=ninguno
LIB [buff-busqueda-amplia-1366x768-ES] LibreriaBuffs 1366x768 SizeClass=Normal idioma=es compacto=False | categorias principales enteras sin desplazar=8/8 'Ver todo' entero=True | zona de navegacion de categorias 71,46 845x20
LIB [buff-busqueda-amplia-1366x768-ES] LibreriaBuffs 1366x768 SizeClass=Normal idioma=es compacto=False | resultados n=300 enteras sin desplazar=75 celda=40px cols=25 filas=12 ancho usado 1096/1138px (96 %) | owner=ScrollViewer#LibreriaBuffsResultados vp=131,2 ext=524 scr=392,8 | SlotGridPanel Columns=60 Adaptive=True MinCell=40 MaxCell=90
LIB [buff-busqueda-amplia-1366x768-ES] LibreriaBuffs 1366x768 SizeClass=Normal idioma=es compacto=False | estructura: elementos=22 clipH=0 clipV-perdido=0 clipV-tras-scroll-local=0 
LIB [buff-busqueda-amplia-1366x768-ES] LibreriaBuffs 1366x768 SizeClass=Normal idioma=es compacto=False | captura -> C:\Users\adrian\Downloads\Keep\Terrasavr-Win\Terrasavr-Native\docs\evidencia\responsive-global\faseD\lib-despues-buff-busqueda-amplia-1366x768-ES.png
LIB [inv-vertodo-1366x768-ES] Investigacion 1366x768 SizeClass=Normal idioma=es compacto=False | region 1171x564,5 | scroll owners V=1: ScrollViewer#InvestigacionResultados(vp=311,1 ext=698,5 scr=387,4 1155x311) | scroll exterior que desplaza=ninguno
LIB [inv-vertodo-1366x768-ES] Investigacion 1366x768 SizeClass=Normal idioma=es compacto=False | categorias principales enteras sin desplazar=10/10 'Ver todo' entero=True | zona de navegacion de categorias 12,138 1089x791
LIB [inv-vertodo-1366x768-ES] Investigacion 1366x768 SizeClass=Normal idioma=es compacto=False | tarjetas raiz: alto ocupado 698px de 311px del viewport (225 %)
LIB [inv-vertodo-1366x768-ES] Investigacion 1366x768 SizeClass=Normal idioma=es compacto=False | tarjetas de carpeta raiz n=10 enteras sin desplazar=4 celda=248px cols=4 filas=3 ancho usado 992/1138px (87 %) | owner=ScrollViewer#InvestigacionResultados vp=311,1 ext=698,5 scr=387,4
LIB [inv-vertodo-1366x768-ES] Investigacion 1366x768 SizeClass=Normal idioma=es compacto=False | estructura: elementos=30 clipH=0 clipV-perdido=0 clipV-tras-scroll-local=0 
LIB [inv-vertodo-1366x768-ES] Investigacion 1366x768 SizeClass=Normal idioma=es compacto=False | captura -> C:\Users\adrian\Downloads\Keep\Terrasavr-Win\Terrasavr-Native\docs\evidencia\responsive-global\faseD\lib-despues-inv-vertodo-1366x768-ES.png
LIB [inv-categoria-grande-1366x768-ES] Investigacion 1366x768 SizeClass=Normal idioma=es compacto=False | region 1171x564,5 | scroll owners V=1: ScrollViewer#InvestigacionResultados(vp=307,1 ext=649 scr=341,9 1155x307) | scroll exterior que desplaza=ninguno
LIB [inv-categoria-grande-1366x768-ES] Investigacion 1366x768 SizeClass=Normal idioma=es compacto=False | categorias principales enteras sin desplazar=10/10 'Ver todo' entero=True | zona de navegacion de categorias 71,138 1030x43
LIB [inv-categoria-grande-1366x768-ES] Investigacion 1366x768 SizeClass=Normal idioma=es compacto=False | resultados n=100 enteras sin desplazar=49 celda=124,2px cols=81 filas=15 ancho usado 1101/1138px (97 %) | owner=ScrollViewer#InvestigacionResultados vp=307,1 ext=649 scr=341,9
LIB [inv-categoria-grande-1366x768-ES] Investigacion 1366x768 SizeClass=Normal idioma=es compacto=False | estructura: elementos=36 clipH=0 clipV-perdido=0 clipV-tras-scroll-local=0 
LIB [inv-categoria-grande-1366x768-ES] Investigacion 1366x768 SizeClass=Normal idioma=es compacto=False | captura -> C:\Users\adrian\Downloads\Keep\Terrasavr-Win\Terrasavr-Native\docs\evidencia\responsive-global\faseD\lib-despues-inv-categoria-grande-1366x768-ES.png
LIB [lib-vertodo-1520x860-ES] Libreria 1520x860 SizeClass=Amplio idioma=es compacto=False | region 1015x266,6 | scroll owners V=1: ScrollViewer#LibreriaResultados(vp=149 ext=903,3 scr=754,2 999x149) | scroll exterior que desplaza=ninguno
LIB [lib-vertodo-1520x860-ES] Libreria 1520x860 SizeClass=Amplio idioma=es compacto=False | categorias principales enteras sin desplazar=10/10 'Ver todo' entero=True | zona de navegacion de categorias 12,46 885x954
LIB [lib-vertodo-1520x860-ES] Libreria 1520x860 SizeClass=Amplio idioma=es compacto=False | tarjetas raiz: alto ocupado 903px de 149px del viewport (606 %)
LIB [lib-vertodo-1520x860-ES] Libreria 1520x860 SizeClass=Amplio idioma=es compacto=False | tarjetas de carpeta raiz n=10 enteras sin desplazar=0 celda=248px cols=3 filas=4 ancho usado 744/982px (76 %) | owner=ScrollViewer#LibreriaResultados vp=149 ext=903,3 scr=754,2
LIB [lib-vertodo-1520x860-ES] Libreria 1520x860 SizeClass=Amplio idioma=es compacto=False | estructura: elementos=29 clipH=0 clipV-perdido=0 clipV-tras-scroll-local=0 
LIB [lib-vertodo-1520x860-ES] Libreria 1520x860 SizeClass=Amplio idioma=es compacto=False | captura -> C:\Users\adrian\Downloads\Keep\Terrasavr-Win\Terrasavr-Native\docs\evidencia\responsive-global\faseD\lib-despues-lib-vertodo-1520x860-ES.png
LIB [lib-categoria-grande-1520x860-ES] Libreria 1520x860 SizeClass=Amplio idioma=es compacto=False | region 1015x266,6 | scroll owners V=1: ScrollViewer#LibreriaResultados(vp=145 ext=216 scr=71 999x145) | scroll exterior que desplaza=ninguno
LIB [lib-categoria-grande-1520x860-ES] Libreria 1520x860 SizeClass=Amplio idioma=es compacto=False | categorias principales enteras sin desplazar=10/10 'Ver todo' entero=True | zona de navegacion de categorias 71,46 826x43
LIB [lib-categoria-grande-1520x860-ES] Libreria 1520x860 SizeClass=Amplio idioma=es compacto=False | resultados n=100 enteras sin desplazar=66 celda=40px cols=22 filas=5 ancho usado 964/982px (98 %) | owner=ScrollViewer#LibreriaResultados vp=145 ext=216 scr=71 | SlotGridPanel Columns=60 Adaptive=True MinCell=40 MaxCell=90
LIB [lib-categoria-grande-1520x860-ES] Libreria 1520x860 SizeClass=Amplio idioma=es compacto=False | estructura: elementos=31 clipH=0 clipV-perdido=0 clipV-tras-scroll-local=0 
LIB [lib-categoria-grande-1520x860-ES] Libreria 1520x860 SizeClass=Amplio idioma=es compacto=False | captura -> C:\Users\adrian\Downloads\Keep\Terrasavr-Win\Terrasavr-Native\docs\evidencia\responsive-global\faseD\lib-despues-lib-categoria-grande-1520x860-ES.png
LIB BUSQUEDA-AMPLIA Libreria '#1-99999999' 1520x860-ES: 100 resultados en pantalla (Mostrando 100 de 8903 resultados - afina la b£squeda.) en 354ms (incluye el debounce de 180ms)
LIB [lib-busqueda-amplia-1520x860-ES] Libreria 1520x860 SizeClass=Amplio idioma=es compacto=False | region 1015x266,6 | scroll owners V=1: ScrollViewer#LibreriaResultados(vp=149 ext=216 scr=67 999x149) | scroll exterior que desplaza=ninguno
LIB [lib-busqueda-amplia-1520x860-ES] Libreria 1520x860 SizeClass=Amplio idioma=es compacto=False | categorias principales enteras sin desplazar=10/10 'Ver todo' entero=True | zona de navegacion de categorias 71,46 826x43
LIB [lib-busqueda-amplia-1520x860-ES] Libreria 1520x860 SizeClass=Amplio idioma=es compacto=False | resultados n=100 enteras sin desplazar=66 celda=40px cols=22 filas=5 ancho usado 964/982px (98 %) | owner=ScrollViewer#LibreriaResultados vp=149 ext=216 scr=67 | SlotGridPanel Columns=60 Adaptive=True MinCell=40 MaxCell=90
LIB [lib-busqueda-amplia-1520x860-ES] Libreria 1520x860 SizeClass=Amplio idioma=es compacto=False | estructura: elementos=28 clipH=0 clipV-perdido=0 clipV-tras-scroll-local=0 
LIB [lib-busqueda-amplia-1520x860-ES] Libreria 1520x860 SizeClass=Amplio idioma=es compacto=False | captura -> C:\Users\adrian\Downloads\Keep\Terrasavr-Win\Terrasavr-Native\docs\evidencia\responsive-global\faseD\lib-despues-lib-busqueda-amplia-1520x860-ES.png
LIB [buff-vertodo-1520x860-ES] LibreriaBuffs 1520x860 SizeClass=Amplio idioma=es compacto=False | region 1325x262,6 | scroll owners V=1: ScrollViewer#LibreriaBuffsResultados(vp=168 ext=327 scr=159 1309x168) | scroll exterior que desplaza=ninguno
LIB [buff-vertodo-1520x860-ES] LibreriaBuffs 1520x860 SizeClass=Amplio idioma=es compacto=False | categorias principales enteras sin desplazar=8/8 'Ver todo' entero=True | zona de navegacion de categorias 71,46 845x355
LIB [buff-vertodo-1520x860-ES] LibreriaBuffs 1520x860 SizeClass=Amplio idioma=es compacto=False | tarjetas raiz: alto ocupado 327px de 168px del viewport (195 %)
LIB [buff-vertodo-1520x860-ES] LibreriaBuffs 1520x860 SizeClass=Amplio idioma=es compacto=False | tarjetas de carpeta raiz n=8 enteras sin desplazar=5 celda=248px cols=5 filas=2 ancho usado 1240/1292px (96 %) | owner=ScrollViewer#LibreriaBuffsResultados vp=168 ext=327 scr=159
LIB [buff-vertodo-1520x860-ES] LibreriaBuffs 1520x860 SizeClass=Amplio idioma=es compacto=False | estructura: elementos=23 clipH=0 clipV-perdido=0 clipV-tras-scroll-local=0 
LIB [buff-vertodo-1520x860-ES] LibreriaBuffs 1520x860 SizeClass=Amplio idioma=es compacto=False | captura -> C:\Users\adrian\Downloads\Keep\Terrasavr-Win\Terrasavr-Native\docs\evidencia\responsive-global\faseD\lib-despues-buff-vertodo-1520x860-ES.png
LIB [buff-busqueda-amplia-1520x860-ES] LibreriaBuffs 1520x860 SizeClass=Amplio idioma=es compacto=False | region 1325x262,6 | scroll owners V=1: ScrollViewer#LibreriaBuffsResultados(vp=168 ext=480 scr=312 1309x168) | scroll exterior que desplaza=ninguno
LIB [buff-busqueda-amplia-1520x860-ES] LibreriaBuffs 1520x860 SizeClass=Amplio idioma=es compacto=False | categorias principales enteras sin desplazar=8/8 'Ver todo' entero=True | zona de navegacion de categorias 71,46 845x20
LIB [buff-busqueda-amplia-1520x860-ES] LibreriaBuffs 1520x860 SizeClass=Amplio idioma=es compacto=False | resultados n=300 enteras sin desplazar=87 celda=40px cols=29 filas=11 ancho usado 1272/1292px (98 %) | owner=ScrollViewer#LibreriaBuffsResultados vp=168 ext=480 scr=312 | SlotGridPanel Columns=60 Adaptive=True MinCell=40 MaxCell=90
LIB [buff-busqueda-amplia-1520x860-ES] LibreriaBuffs 1520x860 SizeClass=Amplio idioma=es compacto=False | estructura: elementos=22 clipH=0 clipV-perdido=0 clipV-tras-scroll-local=0 
LIB [buff-busqueda-amplia-1520x860-ES] LibreriaBuffs 1520x860 SizeClass=Amplio idioma=es compacto=False | captura -> C:\Users\adrian\Downloads\Keep\Terrasavr-Win\Terrasavr-Native\docs\evidencia\responsive-global\faseD\lib-despues-buff-busqueda-amplia-1520x860-ES.png
LIB [inv-vertodo-1520x860-ES] Investigacion 1520x860 SizeClass=Amplio idioma=es compacto=False | region 1325x656,5 | scroll owners V=1: ScrollViewer#InvestigacionResultados(vp=417,7 ext=558,6 scr=140,8 1309x418) | scroll exterior que desplaza=ninguno
LIB [inv-vertodo-1520x860-ES] Investigacion 1520x860 SizeClass=Amplio idioma=es compacto=False | categorias principales enteras sin desplazar=10/10 'Ver todo' entero=True | zona de navegacion de categorias 12,123 1218x651
LIB [inv-vertodo-1520x860-ES] Investigacion 1520x860 SizeClass=Amplio idioma=es compacto=False | tarjetas raiz: alto ocupado 559px de 418px del viewport (134 %)
LIB [inv-vertodo-1520x860-ES] Investigacion 1520x860 SizeClass=Amplio idioma=es compacto=False | tarjetas de carpeta raiz n=10 enteras sin desplazar=5 celda=248px cols=5 filas=2 ancho usado 1240/1292px (96 %) | owner=ScrollViewer#InvestigacionResultados vp=417,7 ext=558,6 scr=140,8
LIB [inv-vertodo-1520x860-ES] Investigacion 1520x860 SizeClass=Amplio idioma=es compacto=False | estructura: elementos=30 clipH=0 clipV-perdido=0 clipV-tras-scroll-local=0 
LIB [inv-vertodo-1520x860-ES] Investigacion 1520x860 SizeClass=Amplio idioma=es compacto=False | captura -> C:\Users\adrian\Downloads\Keep\Terrasavr-Win\Terrasavr-Native\docs\evidencia\responsive-global\faseD\lib-despues-inv-vertodo-1520x860-ES.png
LIB [inv-categoria-grande-1520x860-ES] Investigacion 1520x860 SizeClass=Amplio idioma=es compacto=False | region 1325x656,5 | scroll owners V=1: ScrollViewer#InvestigacionResultados(vp=413,7 ext=562,5 scr=148,7 1309x414) | scroll exterior que desplaza=ninguno
LIB [inv-categoria-grande-1520x860-ES] Investigacion 1520x860 SizeClass=Amplio idioma=es compacto=False | categorias principales enteras sin desplazar=10/10 'Ver todo' entero=True | zona de navegacion de categorias 71,123 1150x43
LIB [inv-categoria-grande-1520x860-ES] Investigacion 1520x860 SizeClass=Amplio idioma=es compacto=False | resultados n=100 enteras sin desplazar=73 celda=124,2px cols=85 filas=13 ancho usado 1290/1292px (100 %) | owner=ScrollViewer#InvestigacionResultados vp=413,7 ext=562,5 scr=148,7
LIB [inv-categoria-grande-1520x860-ES] Investigacion 1520x860 SizeClass=Amplio idioma=es compacto=False | estructura: elementos=36 clipH=0 clipV-perdido=0 clipV-tras-scroll-local=0 
LIB [inv-categoria-grande-1520x860-ES] Investigacion 1520x860 SizeClass=Amplio idioma=es compacto=False | captura -> C:\Users\adrian\Downloads\Keep\Terrasavr-Win\Terrasavr-Native\docs\evidencia\responsive-global\faseD\lib-despues-inv-categoria-grande-1520x860-ES.png
LIB [lib-vertodo-1920x1080-ES] Libreria 1920x1080 SizeClass=Extra idioma=es compacto=False | region 1415x354,1 | scroll owners V=1: ScrollViewer#LibreriaResultados(vp=258,2 ext=561,2 scr=303,1 1399x258) | scroll exterior que desplaza=ninguno
LIB [lib-vertodo-1920x1080-ES] Libreria 1920x1080 SizeClass=Extra idioma=es compacto=False | categorias principales enteras sin desplazar=10/10 'Ver todo' entero=True | zona de navegacion de categorias 12,46 1326x590
LIB [lib-vertodo-1920x1080-ES] Libreria 1920x1080 SizeClass=Extra idioma=es compacto=False | tarjetas raiz: alto ocupado 561px de 258px del viewport (217 %)
LIB [lib-vertodo-1920x1080-ES] Libreria 1920x1080 SizeClass=Extra idioma=es compacto=False | tarjetas de carpeta raiz n=10 enteras sin desplazar=5 celda=248px cols=5 filas=2 ancho usado 1240/1382px (90 %) | owner=ScrollViewer#LibreriaResultados vp=258,2 ext=561,2 scr=303,1
LIB [lib-vertodo-1920x1080-ES] Libreria 1920x1080 SizeClass=Extra idioma=es compacto=False | estructura: elementos=29 clipH=0 clipV-perdido=0 clipV-tras-scroll-local=0 
LIB [lib-vertodo-1920x1080-ES] Libreria 1920x1080 SizeClass=Extra idioma=es compacto=False | captura -> C:\Users\adrian\Downloads\Keep\Terrasavr-Win\Terrasavr-Native\docs\evidencia\responsive-global\faseD\lib-despues-lib-vertodo-1920x1080-ES.png
LIB [lib-categoria-grande-1920x1080-ES] Libreria 1920x1080 SizeClass=Extra idioma=es compacto=False | region 1415x354,1 | scroll owners V=1: ScrollViewer#LibreriaResultados(vp=255,5 ext=220,5 scr=0 1399x255) | scroll exterior que desplaza=ninguno
LIB [lib-categoria-grande-1920x1080-ES] Libreria 1920x1080 SizeClass=Extra idioma=es compacto=False | categorias principales enteras sin desplazar=10/10 'Ver todo' entero=True | zona de navegacion de categorias 71,46 1267x20
LIB [lib-categoria-grande-1920x1080-ES] Libreria 1920x1080 SizeClass=Extra idioma=es compacto=False | resultados n=100 enteras sin desplazar=100 celda=52,1px cols=25 filas=4 ancho usado 1399/1399px (100 %) | owner=ScrollViewer#LibreriaResultados vp=255,5 ext=220,5 scr=0 | SlotGridPanel Columns=60 Adaptive=True MinCell=40 MaxCell=90
LIB [lib-categoria-grande-1920x1080-ES] Libreria 1920x1080 SizeClass=Extra idioma=es compacto=False | estructura: elementos=31 clipH=0 clipV-perdido=0 clipV-tras-scroll-local=0 
LIB [lib-categoria-grande-1920x1080-ES] Libreria 1920x1080 SizeClass=Extra idioma=es compacto=False | captura -> C:\Users\adrian\Downloads\Keep\Terrasavr-Win\Terrasavr-Native\docs\evidencia\responsive-global\faseD\lib-despues-lib-categoria-grande-1920x1080-ES.png
LIB BUSQUEDA-AMPLIA Libreria '#1-99999999' 1920x1080-ES: 100 resultados en pantalla (Mostrando 100 de 8903 resultados - afina la b£squeda.) en 314ms (incluye el debounce de 180ms)
LIB [lib-busqueda-amplia-1920x1080-ES] Libreria 1920x1080 SizeClass=Extra idioma=es compacto=False | region 1415x354,1 | scroll owners V=1: ScrollViewer#LibreriaResultados(vp=258,2 ext=220,5 scr=0 1399x258) | scroll exterior que desplaza=ninguno
LIB [lib-busqueda-amplia-1920x1080-ES] Libreria 1920x1080 SizeClass=Extra idioma=es compacto=False | categorias principales enteras sin desplazar=10/10 'Ver todo' entero=True | zona de navegacion de categorias 71,46 1267x20
LIB [lib-busqueda-amplia-1920x1080-ES] Libreria 1920x1080 SizeClass=Extra idioma=es compacto=False | resultados n=100 enteras sin desplazar=100 celda=52,1px cols=25 filas=4 ancho usado 1399/1399px (100 %) | owner=ScrollViewer#LibreriaResultados vp=258,2 ext=220,5 scr=0 | SlotGridPanel Columns=60 Adaptive=True MinCell=40 MaxCell=90
LIB [lib-busqueda-amplia-1920x1080-ES] Libreria 1920x1080 SizeClass=Extra idioma=es compacto=False | estructura: elementos=28 clipH=0 clipV-perdido=0 clipV-tras-scroll-local=0 
LIB [lib-busqueda-amplia-1920x1080-ES] Libreria 1920x1080 SizeClass=Extra idioma=es compacto=False | captura -> C:\Users\adrian\Downloads\Keep\Terrasavr-Win\Terrasavr-Native\docs\evidencia\responsive-global\faseD\lib-despues-lib-busqueda-amplia-1920x1080-ES.png
LIB [buff-vertodo-1920x1080-ES] LibreriaBuffs 1920x1080 SizeClass=Extra idioma=es compacto=False | region 1725x350,1 | scroll owners V=1: ScrollViewer#LibreriaBuffsResultados(vp=254,2 ext=329,7 scr=75,5 1709x254) | scroll exterior que desplaza=ninguno
LIB [buff-vertodo-1920x1080-ES] LibreriaBuffs 1920x1080 SizeClass=Extra idioma=es compacto=False | categorias principales enteras sin desplazar=8/8 'Ver todo' entero=True | zona de navegacion de categorias 12,46 904x359
LIB [buff-vertodo-1920x1080-ES] LibreriaBuffs 1920x1080 SizeClass=Extra idioma=es compacto=False | tarjetas raiz: alto ocupado 330px de 254px del viewport (130 %)
LIB [buff-vertodo-1920x1080-ES] LibreriaBuffs 1920x1080 SizeClass=Extra idioma=es compacto=False | tarjetas de carpeta raiz n=8 enteras sin desplazar=6 celda=248px cols=6 filas=2 ancho usado 1488/1692px (88 %) | owner=ScrollViewer#LibreriaBuffsResultados vp=254,2 ext=329,7 scr=75,5
LIB [buff-vertodo-1920x1080-ES] LibreriaBuffs 1920x1080 SizeClass=Extra idioma=es compacto=False | estructura: elementos=23 clipH=0 clipV-perdido=0 clipV-tras-scroll-local=0 
LIB [buff-vertodo-1920x1080-ES] LibreriaBuffs 1920x1080 SizeClass=Extra idioma=es compacto=False | captura -> C:\Users\adrian\Downloads\Keep\Terrasavr-Win\Terrasavr-Native\docs\evidencia\responsive-global\faseD\lib-despues-buff-vertodo-1920x1080-ES.png
LIB [buff-busqueda-amplia-1920x1080-ES] LibreriaBuffs 1920x1080 SizeClass=Extra idioma=es compacto=False | region 1725x350,1 | scroll owners V=1: ScrollViewer#LibreriaBuffsResultados(vp=254,2 ext=348 scr=93,8 1709x254) | scroll exterior que desplaza=ninguno
LIB [buff-busqueda-amplia-1920x1080-ES] LibreriaBuffs 1920x1080 SizeClass=Extra idioma=es compacto=False | categorias principales enteras sin desplazar=8/8 'Ver todo' entero=True | zona de navegacion de categorias 71,46 845x20
LIB [buff-busqueda-amplia-1920x1080-ES] LibreriaBuffs 1920x1080 SizeClass=Extra idioma=es compacto=False | resultados n=300 enteras sin desplazar=190 celda=40px cols=38 filas=8 ancho usado 1668/1692px (99 %) | owner=ScrollViewer#LibreriaBuffsResultados vp=254,2 ext=348 scr=93,8 | SlotGridPanel Columns=60 Adaptive=True MinCell=40 MaxCell=90
LIB [buff-busqueda-amplia-1920x1080-ES] LibreriaBuffs 1920x1080 SizeClass=Extra idioma=es compacto=False | estructura: elementos=22 clipH=0 clipV-perdido=0 clipV-tras-scroll-local=0 
LIB [buff-busqueda-amplia-1920x1080-ES] LibreriaBuffs 1920x1080 SizeClass=Extra idioma=es compacto=False | captura -> C:\Users\adrian\Downloads\Keep\Terrasavr-Win\Terrasavr-Native\docs\evidencia\responsive-global\faseD\lib-despues-buff-busqueda-amplia-1920x1080-ES.png
LIB [inv-vertodo-1920x1080-ES] Investigacion 1920x1080 SizeClass=Extra idioma=es compacto=False | region 1725x875,2 | scroll owners V=1: ScrollViewer#InvestigacionResultados(vp=656,7 ext=561,2 scr=0 1709x657) | scroll exterior que desplaza=ninguno
LIB [inv-vertodo-1920x1080-ES] Investigacion 1920x1080 SizeClass=Extra idioma=es compacto=False | categorias principales enteras sin desplazar=10/10 'Ver todo' entero=True | zona de navegacion de categorias 12,125 1326x632
LIB [inv-vertodo-1920x1080-ES] Investigacion 1920x1080 SizeClass=Extra idioma=es compacto=False | tarjetas raiz: alto ocupado 561px de 657px del viewport (85 %)
LIB [inv-vertodo-1920x1080-ES] Investigacion 1920x1080 SizeClass=Extra idioma=es compacto=False | tarjetas de carpeta raiz n=10 enteras sin desplazar=10 celda=248px cols=6 filas=2 ancho usado 1488/1709px (87 %) | owner=ScrollViewer#InvestigacionResultados vp=656,7 ext=561,2 scr=0
LIB [inv-vertodo-1920x1080-ES] Investigacion 1920x1080 SizeClass=Extra idioma=es compacto=False | estructura: elementos=30 clipH=0 clipV-perdido=0 clipV-tras-scroll-local=0 
LIB [inv-vertodo-1920x1080-ES] Investigacion 1920x1080 SizeClass=Extra idioma=es compacto=False | captura -> C:\Users\adrian\Downloads\Keep\Terrasavr-Win\Terrasavr-Native\docs\evidencia\responsive-global\faseD\lib-despues-inv-vertodo-1920x1080-ES.png
LIB [inv-categoria-grande-1920x1080-ES] Investigacion 1920x1080 SizeClass=Extra idioma=es compacto=False | region 1725x875,2 | scroll owners V=1: ScrollViewer#InvestigacionResultados(vp=654,1 ext=446 scr=0 1709x654) | scroll exterior que desplaza=ninguno
LIB [inv-categoria-grande-1920x1080-ES] Investigacion 1920x1080 SizeClass=Extra idioma=es compacto=False | categorias principales enteras sin desplazar=10/10 'Ver todo' entero=True | zona de navegacion de categorias 71,125 1267x20
LIB [inv-categoria-grande-1920x1080-ES] Investigacion 1920x1080 SizeClass=Extra idioma=es compacto=False | resultados n=100 enteras sin desplazar=100 celda=124,2px cols=84 filas=10 ancho usado 1691/1709px (99 %) | owner=ScrollViewer#InvestigacionResultados vp=654,1 ext=446 scr=0
LIB [inv-categoria-grande-1920x1080-ES] Investigacion 1920x1080 SizeClass=Extra idioma=es compacto=False | estructura: elementos=36 clipH=0 clipV-perdido=0 clipV-tras-scroll-local=0 
LIB [inv-categoria-grande-1920x1080-ES] Investigacion 1920x1080 SizeClass=Extra idioma=es compacto=False | captura -> C:\Users\adrian\Downloads\Keep\Terrasavr-Win\Terrasavr-Native\docs\evidencia\responsive-global\faseD\lib-despues-inv-categoria-grande-1920x1080-ES.png
LIB [lib-vertodo-2560x1440-ES] Libreria 2560x1440 SizeClass=Extra idioma=es compacto=False | region 2055x690,2 | scroll owners V=1: ScrollViewer#LibreriaResultados(vp=594,3 ext=561,2 scr=0 2039x594) | scroll exterior que desplaza=ninguno
LIB [lib-vertodo-2560x1440-ES] Libreria 2560x1440 SizeClass=Extra idioma=es compacto=False | categorias principales enteras sin desplazar=10/10 'Ver todo' entero=True | zona de navegacion de categorias 12,46 1940x590
LIB [lib-vertodo-2560x1440-ES] Libreria 2560x1440 SizeClass=Extra idioma=es compacto=False | tarjetas raiz: alto ocupado 561px de 594px del viewport (94 %)
LIB [lib-vertodo-2560x1440-ES] Libreria 2560x1440 SizeClass=Extra idioma=es compacto=False | tarjetas de carpeta raiz n=10 enteras sin desplazar=10 celda=248px cols=8 filas=2 ancho usado 1984/2039px (97 %) | owner=ScrollViewer#LibreriaResultados vp=594,3 ext=561,2 scr=0
LIB [lib-vertodo-2560x1440-ES] Libreria 2560x1440 SizeClass=Extra idioma=es compacto=False | estructura: elementos=29 clipH=0 clipV-perdido=0 clipV-tras-scroll-local=0 
LIB [lib-vertodo-2560x1440-ES] Libreria 2560x1440 SizeClass=Extra idioma=es compacto=False | captura -> C:\Users\adrian\Downloads\Keep\Terrasavr-Win\Terrasavr-Native\docs\evidencia\responsive-global\faseD\lib-despues-lib-vertodo-2560x1440-ES.png
LIB [lib-categoria-grande-2560x1440-ES] Libreria 2560x1440 SizeClass=Extra idioma=es compacto=False | region 2055x690,2 | scroll owners V=1: ScrollViewer#LibreriaResultados(vp=591,7 ext=466 scr=0 2039x592) | scroll exterior que desplaza=ninguno
LIB [lib-categoria-grande-2560x1440-ES] Libreria 2560x1440 SizeClass=Extra idioma=es compacto=False | categorias principales enteras sin desplazar=10/10 'Ver todo' entero=True | zona de navegacion de categorias 71,46 1267x20
LIB [lib-categoria-grande-2560x1440-ES] Libreria 2560x1440 SizeClass=Extra idioma=es compacto=False | resultados n=100 enteras sin desplazar=100 celda=90px cols=21 filas=5 ancho usado 1970/2039px (97 %) | owner=ScrollViewer#LibreriaResultados vp=591,7 ext=466 scr=0 | SlotGridPanel Columns=60 Adaptive=True MinCell=40 MaxCell=90
LIB [lib-categoria-grande-2560x1440-ES] Libreria 2560x1440 SizeClass=Extra idioma=es compacto=False | estructura: elementos=31 clipH=0 clipV-perdido=0 clipV-tras-scroll-local=0 
LIB [lib-categoria-grande-2560x1440-ES] Libreria 2560x1440 SizeClass=Extra idioma=es compacto=False | captura -> C:\Users\adrian\Downloads\Keep\Terrasavr-Win\Terrasavr-Native\docs\evidencia\responsive-global\faseD\lib-despues-lib-categoria-grande-2560x1440-ES.png
LIB BUSQUEDA-AMPLIA Libreria '#1-99999999' 2560x1440-ES: 100 resultados en pantalla (Mostrando 100 de 8903 resultados - afina la b£squeda.) en 308ms (incluye el debounce de 180ms)
LIB [lib-busqueda-amplia-2560x1440-ES] Libreria 2560x1440 SizeClass=Extra idioma=es compacto=False | region 2055x690,2 | scroll owners V=1: ScrollViewer#LibreriaResultados(vp=594,3 ext=466 scr=0 2039x594) | scroll exterior que desplaza=ninguno
LIB [lib-busqueda-amplia-2560x1440-ES] Libreria 2560x1440 SizeClass=Extra idioma=es compacto=False | categorias principales enteras sin desplazar=10/10 'Ver todo' entero=True | zona de navegacion de categorias 71,46 1267x20
LIB [lib-busqueda-amplia-2560x1440-ES] Libreria 2560x1440 SizeClass=Extra idioma=es compacto=False | resultados n=100 enteras sin desplazar=100 celda=90px cols=21 filas=5 ancho usado 1970/2039px (97 %) | owner=ScrollViewer#LibreriaResultados vp=594,3 ext=466 scr=0 | SlotGridPanel Columns=60 Adaptive=True MinCell=40 MaxCell=90
LIB [lib-busqueda-amplia-2560x1440-ES] Libreria 2560x1440 SizeClass=Extra idioma=es compacto=False | estructura: elementos=28 clipH=0 clipV-perdido=0 clipV-tras-scroll-local=0 
LIB [lib-busqueda-amplia-2560x1440-ES] Libreria 2560x1440 SizeClass=Extra idioma=es compacto=False | captura -> C:\Users\adrian\Downloads\Keep\Terrasavr-Win\Terrasavr-Native\docs\evidencia\responsive-global\faseD\lib-despues-lib-busqueda-amplia-2560x1440-ES.png
LIB [buff-vertodo-2560x1440-ES] LibreriaBuffs 2560x1440 SizeClass=Extra idioma=es compacto=False | region 2365x494,1 | scroll owners V=1: ScrollViewer#LibreriaBuffsResultados(vp=398,2 ext=231,7 scr=0 2349x398) | scroll exterior que desplaza=ninguno
LIB [buff-vertodo-2560x1440-ES] LibreriaBuffs 2560x1440 SizeClass=Extra idioma=es compacto=False | categorias principales enteras sin desplazar=8/8 'Ver todo' entero=True | zona de navegacion de categorias 71,46 1883x261
LIB [buff-vertodo-2560x1440-ES] LibreriaBuffs 2560x1440 SizeClass=Extra idioma=es compacto=False | tarjetas raiz: alto ocupado 232px de 398px del viewport (58 %)
LIB [buff-vertodo-2560x1440-ES] LibreriaBuffs 2560x1440 SizeClass=Extra idioma=es compacto=False | tarjetas de carpeta raiz n=8 enteras sin desplazar=8 celda=248px cols=8 filas=1 ancho usado 1984/2349px (84 %) | owner=ScrollViewer#LibreriaBuffsResultados vp=398,2 ext=231,7 scr=0
LIB [buff-vertodo-2560x1440-ES] LibreriaBuffs 2560x1440 SizeClass=Extra idioma=es compacto=False | estructura: elementos=23 clipH=0 clipV-perdido=0 clipV-tras-scroll-local=0 
LIB [buff-vertodo-2560x1440-ES] LibreriaBuffs 2560x1440 SizeClass=Extra idioma=es compacto=False | captura -> C:\Users\adrian\Downloads\Keep\Terrasavr-Win\Terrasavr-Native\docs\evidencia\responsive-global\faseD\lib-despues-buff-vertodo-2560x1440-ES.png
LIB [buff-busqueda-amplia-2560x1440-ES] LibreriaBuffs 2560x1440 SizeClass=Extra idioma=es compacto=False | region 2365x494,1 | scroll owners V=1: ScrollViewer#LibreriaBuffsResultados(vp=398,2 ext=379 scr=0 2349x398) | scroll exterior que desplaza=ninguno
LIB [buff-busqueda-amplia-2560x1440-ES] LibreriaBuffs 2560x1440 SizeClass=Extra idioma=es compacto=False | categorias principales enteras sin desplazar=8/8 'Ver todo' entero=True | zona de navegacion de categorias 71,46 845x20
LIB [buff-busqueda-amplia-2560x1440-ES] LibreriaBuffs 2560x1440 SizeClass=Extra idioma=es compacto=False | resultados n=300 enteras sin desplazar=300 celda=50,7px cols=43 filas=7 ancho usado 2349/2349px (100 %) | owner=ScrollViewer#LibreriaBuffsResultados vp=398,2 ext=379 scr=0 | SlotGridPanel Columns=60 Adaptive=True MinCell=40 MaxCell=90
LIB [buff-busqueda-amplia-2560x1440-ES] LibreriaBuffs 2560x1440 SizeClass=Extra idioma=es compacto=False | estructura: elementos=22 clipH=0 clipV-perdido=0 clipV-tras-scroll-local=0 
LIB [buff-busqueda-amplia-2560x1440-ES] LibreriaBuffs 2560x1440 SizeClass=Extra idioma=es compacto=False | captura -> C:\Users\adrian\Downloads\Keep\Terrasavr-Win\Terrasavr-Native\docs\evidencia\responsive-global\faseD\lib-despues-buff-busqueda-amplia-2560x1440-ES.png
LIB [inv-vertodo-2560x1440-ES] Investigacion 2560x1440 SizeClass=Extra idioma=es compacto=False | region 2365x1235,2 | scroll owners V=1: ScrollViewer#InvestigacionResultados(vp=1016,7 ext=610,9 scr=0 2349x1017) | scroll exterior que desplaza=ninguno
LIB [inv-vertodo-2560x1440-ES] Investigacion 2560x1440 SizeClass=Extra idioma=es compacto=False | categorias principales enteras sin desplazar=10/10 'Ver todo' entero=True | zona de navegacion de categorias 12,125 2194x682
LIB [inv-vertodo-2560x1440-ES] Investigacion 2560x1440 SizeClass=Extra idioma=es compacto=False | tarjetas raiz: alto ocupado 611px de 1017px del viewport (60 %)
LIB [inv-vertodo-2560x1440-ES] Investigacion 2560x1440 SizeClass=Extra idioma=es compacto=False | tarjetas de carpeta raiz n=10 enteras sin desplazar=10 celda=248px cols=9 filas=2 ancho usado 2232/2349px (95 %) | owner=ScrollViewer#InvestigacionResultados vp=1016,7 ext=610,9 scr=0
LIB [inv-vertodo-2560x1440-ES] Investigacion 2560x1440 SizeClass=Extra idioma=es compacto=False | estructura: elementos=30 clipH=0 clipV-perdido=0 clipV-tras-scroll-local=0 
LIB [inv-vertodo-2560x1440-ES] Investigacion 2560x1440 SizeClass=Extra idioma=es compacto=False | captura -> C:\Users\adrian\Downloads\Keep\Terrasavr-Win\Terrasavr-Native\docs\evidencia\responsive-global\faseD\lib-despues-inv-vertodo-2560x1440-ES.png
LIB [inv-categoria-grande-2560x1440-ES] Investigacion 2560x1440 SizeClass=Extra idioma=es compacto=False | region 2365x1235,2 | scroll owners V=1: ScrollViewer#InvestigacionResultados(vp=1014,1 ext=312,2 scr=0 2349x1014) | scroll exterior que desplaza=ninguno
LIB [inv-categoria-grande-2560x1440-ES] Investigacion 2560x1440 SizeClass=Extra idioma=es compacto=False | categorias principales enteras sin desplazar=10/10 'Ver todo' entero=True | zona de navegacion de categorias 71,125 1267x20
LIB [inv-categoria-grande-2560x1440-ES] Investigacion 2560x1440 SizeClass=Extra idioma=es compacto=False | resultados n=100 enteras sin desplazar=100 celda=124,2px cols=91 filas=7 ancho usado 2349/2349px (100 %) | owner=ScrollViewer#InvestigacionResultados vp=1014,1 ext=312,2 scr=0
LIB [inv-categoria-grande-2560x1440-ES] Investigacion 2560x1440 SizeClass=Extra idioma=es compacto=False | estructura: elementos=36 clipH=0 clipV-perdido=0 clipV-tras-scroll-local=0 
LIB [inv-categoria-grande-2560x1440-ES] Investigacion 2560x1440 SizeClass=Extra idioma=es compacto=False | captura -> C:\Users\adrian\Downloads\Keep\Terrasavr-Win\Terrasavr-Native\docs\evidencia\responsive-global\faseD\lib-despues-inv-categoria-grande-2560x1440-ES.png
LIB [lib-vertodo-1080x700-EN] Libreria 1080x700 SizeClass=Compacto idioma=en compacto=False | region 651,2x202,6 | scroll owners V=1: ScrollViewer#LibreriaResultados(vp=62 ext=854,9 scr=792,8 635x62) | scroll exterior que desplaza=ninguno
LIB [lib-vertodo-1080x700-EN] Libreria 1080x700 SizeClass=Compacto idioma=en compacto=False | categorias principales enteras sin desplazar=10/10 'Ver todo' entero=True | zona de navegacion de categorias 12,46 577x928
LIB [lib-vertodo-1080x700-EN] Libreria 1080x700 SizeClass=Compacto idioma=en compacto=False | tarjetas raiz: alto ocupado 855px de 62px del viewport (1.378 %)
LIB [lib-vertodo-1080x700-EN] Libreria 1080x700 SizeClass=Compacto idioma=en compacto=False | tarjetas de carpeta raiz n=10 enteras sin desplazar=0 celda=248px cols=2 filas=5 ancho usado 496/618px (80 %) | owner=ScrollViewer#LibreriaResultados vp=62 ext=854,9 scr=792,8
LIB [lib-vertodo-1080x700-EN] Libreria 1080x700 SizeClass=Compacto idioma=en compacto=False | estructura: elementos=29 clipH=0 clipV-perdido=0 clipV-tras-scroll-local=0 
LIB [lib-vertodo-1080x700-EN] Libreria 1080x700 SizeClass=Compacto idioma=en compacto=False | captura -> C:\Users\adrian\Downloads\Keep\Terrasavr-Win\Terrasavr-Native\docs\evidencia\responsive-global\faseD\lib-despues-lib-vertodo-1080x700-EN.png
LIB [lib-categoria-grande-1080x700-EN] Libreria 1080x700 SizeClass=Compacto idioma=en compacto=False | region 651,2x202,6 | scroll owners V=1: ScrollViewer#LibreriaResultados(vp=58 ext=348 scr=290 635x58) | scroll exterior que desplaza=ninguno
LIB [lib-categoria-grande-1080x700-EN] Libreria 1080x700 SizeClass=Compacto idioma=en compacto=False | categorias principales enteras sin desplazar=10/10 'Ver todo' entero=True | zona de navegacion de categorias 66,46 524x66
LIB [lib-categoria-grande-1080x700-EN] Libreria 1080x700 SizeClass=Compacto idioma=en compacto=False | resultados n=100 enteras sin desplazar=14 celda=40px cols=14 filas=8 ancho usado 612/618px (99 %) | owner=ScrollViewer#LibreriaResultados vp=58 ext=348 scr=290 | SlotGridPanel Columns=60 Adaptive=True MinCell=40 MaxCell=90
LIB [lib-categoria-grande-1080x700-EN] Libreria 1080x700 SizeClass=Compacto idioma=en compacto=False | estructura: elementos=31 clipH=0 clipV-perdido=0 clipV-tras-scroll-local=0 
LIB [lib-categoria-grande-1080x700-EN] Libreria 1080x700 SizeClass=Compacto idioma=en compacto=False | captura -> C:\Users\adrian\Downloads\Keep\Terrasavr-Win\Terrasavr-Native\docs\evidencia\responsive-global\faseD\lib-despues-lib-categoria-grande-1080x700-EN.png
LIB BUSQUEDA-AMPLIA Libreria '#1-99999999' 1080x700-EN: 100 resultados en pantalla (Showing 100 of 8903 results - refine your search.) en 333ms (incluye el debounce de 180ms)
LIB [lib-busqueda-amplia-1080x700-EN] Libreria 1080x700 SizeClass=Compacto idioma=en compacto=False | region 651,2x202,6 | scroll owners V=1: ScrollViewer#LibreriaResultados(vp=62 ext=348 scr=286 635x62) | scroll exterior que desplaza=ninguno
LIB [lib-busqueda-amplia-1080x700-EN] Libreria 1080x700 SizeClass=Compacto idioma=en compacto=False | categorias principales enteras sin desplazar=10/10 'Ver todo' entero=True | zona de navegacion de categorias 66,46 524x66
LIB [lib-busqueda-amplia-1080x700-EN] Libreria 1080x700 SizeClass=Compacto idioma=en compacto=False | resultados n=100 enteras sin desplazar=14 celda=40px cols=14 filas=8 ancho usado 612/618px (99 %) | owner=ScrollViewer#LibreriaResultados vp=62 ext=348 scr=286 | SlotGridPanel Columns=60 Adaptive=True MinCell=40 MaxCell=90
LIB [lib-busqueda-amplia-1080x700-EN] Libreria 1080x700 SizeClass=Compacto idioma=en compacto=False | estructura: elementos=28 clipH=0 clipV-perdido=0 clipV-tras-scroll-local=0 
LIB [lib-busqueda-amplia-1080x700-EN] Libreria 1080x700 SizeClass=Compacto idioma=en compacto=False | captura -> C:\Users\adrian\Downloads\Keep\Terrasavr-Win\Terrasavr-Native\docs\evidencia\responsive-global\faseD\lib-despues-lib-busqueda-amplia-1080x700-EN.png
LIB [buff-vertodo-1080x700-EN] LibreriaBuffs 1080x700 SizeClass=Compacto idioma=en compacto=False | region 961,2x200 | scroll owners V=1: ScrollViewer#LibreriaBuffsResultados(vp=105,4 ext=423,7 scr=318,3 945x105) | scroll exterior que desplaza=ninguno
LIB [buff-vertodo-1080x700-EN] LibreriaBuffs 1080x700 SizeClass=Compacto idioma=en compacto=False | categorias principales enteras sin desplazar=8/8 'Ver todo' entero=True | zona de navegacion de categorias 12,46 857x451
LIB [buff-vertodo-1080x700-EN] LibreriaBuffs 1080x700 SizeClass=Compacto idioma=en compacto=False | tarjetas raiz: alto ocupado 424px de 105px del viewport (402 %)
LIB [buff-vertodo-1080x700-EN] LibreriaBuffs 1080x700 SizeClass=Compacto idioma=en compacto=False | tarjetas de carpeta raiz n=8 enteras sin desplazar=3 celda=248px cols=3 filas=3 ancho usado 744/928px (80 %) | owner=ScrollViewer#LibreriaBuffsResultados vp=105,4 ext=423,7 scr=318,3
LIB [buff-vertodo-1080x700-EN] LibreriaBuffs 1080x700 SizeClass=Compacto idioma=en compacto=False | estructura: elementos=23 clipH=0 clipV-perdido=0 clipV-tras-scroll-local=0 
LIB [buff-vertodo-1080x700-EN] LibreriaBuffs 1080x700 SizeClass=Compacto idioma=en compacto=False | captura -> C:\Users\adrian\Downloads\Keep\Terrasavr-Win\Terrasavr-Native\docs\evidencia\responsive-global\faseD\lib-despues-buff-vertodo-1080x700-EN.png
LIB [buff-busqueda-amplia-1080x700-EN] LibreriaBuffs 1080x700 SizeClass=Compacto idioma=en compacto=False | region 961,2x200 | scroll owners V=1: ScrollViewer#LibreriaBuffsResultados(vp=105,4 ext=656 scr=550,6 945x105) | scroll exterior que desplaza=ninguno
LIB [buff-busqueda-amplia-1080x700-EN] LibreriaBuffs 1080x700 SizeClass=Compacto idioma=en compacto=False | categorias principales enteras sin desplazar=8/8 'Ver todo' entero=True | zona de navegacion de categorias 66,46 804x20
LIB [buff-busqueda-amplia-1080x700-EN] LibreriaBuffs 1080x700 SizeClass=Compacto idioma=en compacto=False | resultados n=300 enteras sin desplazar=42 celda=40px cols=21 filas=15 ancho usado 920/928px (99 %) | owner=ScrollViewer#LibreriaBuffsResultados vp=105,4 ext=656 scr=550,6 | SlotGridPanel Columns=60 Adaptive=True MinCell=40 MaxCell=90
LIB [buff-busqueda-amplia-1080x700-EN] LibreriaBuffs 1080x700 SizeClass=Compacto idioma=en compacto=False | estructura: elementos=22 clipH=0 clipV-perdido=0 clipV-tras-scroll-local=0 
LIB [buff-busqueda-amplia-1080x700-EN] LibreriaBuffs 1080x700 SizeClass=Compacto idioma=en compacto=False | captura -> C:\Users\adrian\Downloads\Keep\Terrasavr-Win\Terrasavr-Native\docs\evidencia\responsive-global\faseD\lib-despues-buff-busqueda-amplia-1080x700-EN.png
LIB [inv-vertodo-1080x700-EN] Investigacion 1080x700 SizeClass=Compacto idioma=en compacto=False | region 961,2x496,5 | scroll owners V=1: ScrollViewer#InvestigacionResultados(vp=243,1 ext=801,5 scr=558,4 945x243) | scroll exterior que desplaza=ninguno
LIB [inv-vertodo-1080x700-EN] Investigacion 1080x700 SizeClass=Compacto idioma=en compacto=False | categorias principales enteras sin desplazar=10/10 'Ver todo' entero=True | zona de navegacion de categorias 12,138 855x894
LIB [inv-vertodo-1080x700-EN] Investigacion 1080x700 SizeClass=Compacto idioma=en compacto=False | tarjetas raiz: alto ocupado 801px de 243px del viewport (330 %)
LIB [inv-vertodo-1080x700-EN] Investigacion 1080x700 SizeClass=Compacto idioma=en compacto=False | tarjetas de carpeta raiz n=10 enteras sin desplazar=3 celda=248px cols=3 filas=4 ancho usado 744/928px (80 %) | owner=ScrollViewer#InvestigacionResultados vp=243,1 ext=801,5 scr=558,4
LIB [inv-vertodo-1080x700-EN] Investigacion 1080x700 SizeClass=Compacto idioma=en compacto=False | estructura: elementos=30 clipH=0 clipV-perdido=0 clipV-tras-scroll-local=0 
LIB [inv-vertodo-1080x700-EN] Investigacion 1080x700 SizeClass=Compacto idioma=en compacto=False | captura -> C:\Users\adrian\Downloads\Keep\Terrasavr-Win\Terrasavr-Native\docs\evidencia\responsive-global\faseD\lib-despues-inv-vertodo-1080x700-EN.png
LIB [inv-categoria-grande-1080x700-EN] Investigacion 1080x700 SizeClass=Compacto idioma=en compacto=False | region 961,2x496,5 | scroll owners V=1: ScrollViewer#InvestigacionResultados(vp=239,1 ext=735,5 scr=496,4 945x239) | scroll exterior que desplaza=ninguno
LIB [inv-categoria-grande-1080x700-EN] Investigacion 1080x700 SizeClass=Compacto idioma=en compacto=False | categorias principales enteras sin desplazar=10/10 'Ver todo' entero=True | zona de navegacion de categorias 66,138 801x43
LIB [inv-categoria-grande-1080x700-EN] Investigacion 1080x700 SizeClass=Compacto idioma=en compacto=False | resultados n=100 enteras sin desplazar=30 celda=124,2px cols=65 filas=17 ancho usado 912/928px (98 %) | owner=ScrollViewer#InvestigacionResultados vp=239,1 ext=735,5 scr=496,4
LIB [inv-categoria-grande-1080x700-EN] Investigacion 1080x700 SizeClass=Compacto idioma=en compacto=False | estructura: elementos=36 clipH=0 clipV-perdido=0 clipV-tras-scroll-local=0 
LIB [inv-categoria-grande-1080x700-EN] Investigacion 1080x700 SizeClass=Compacto idioma=en compacto=False | captura -> C:\Users\adrian\Downloads\Keep\Terrasavr-Win\Terrasavr-Native\docs\evidencia\responsive-global\faseD\lib-despues-inv-categoria-grande-1080x700-EN.png
LIB [lib-vertodo-1366x768-EN] Libreria 1366x768 SizeClass=Normal idioma=en compacto=False | region 859,6x229,8 | scroll owners V=1: ScrollViewer#LibreriaResultados(vp=112,2 ext=801,5 scr=689,3 844x112) | scroll exterior que desplaza=ninguno
LIB [lib-vertodo-1366x768-EN] Libreria 1366x768 SizeClass=Normal idioma=en compacto=False | categorias principales enteras sin desplazar=10/10 'Ver todo' entero=True | zona de navegacion de categorias 12,46 764x852
LIB [lib-vertodo-1366x768-EN] Libreria 1366x768 SizeClass=Normal idioma=en compacto=False | tarjetas raiz: alto ocupado 801px de 112px del viewport (714 %)
LIB [lib-vertodo-1366x768-EN] Libreria 1366x768 SizeClass=Normal idioma=en compacto=False | tarjetas de carpeta raiz n=10 enteras sin desplazar=0 celda=248px cols=3 filas=4 ancho usado 744/826px (90 %) | owner=ScrollViewer#LibreriaResultados vp=112,2 ext=801,5 scr=689,3
LIB [lib-vertodo-1366x768-EN] Libreria 1366x768 SizeClass=Normal idioma=en compacto=False | estructura: elementos=29 clipH=0 clipV-perdido=0 clipV-tras-scroll-local=0 
LIB [lib-vertodo-1366x768-EN] Libreria 1366x768 SizeClass=Normal idioma=en compacto=False | captura -> C:\Users\adrian\Downloads\Keep\Terrasavr-Win\Terrasavr-Native\docs\evidencia\responsive-global\faseD\lib-despues-lib-vertodo-1366x768-EN.png
LIB [lib-categoria-grande-1366x768-EN] Libreria 1366x768 SizeClass=Normal idioma=en compacto=False | region 859,6x229,8 | scroll owners V=1: ScrollViewer#LibreriaResultados(vp=108,2 ext=260 scr=151,8 844x108) | scroll exterior que desplaza=ninguno
LIB [lib-categoria-grande-1366x768-EN] Libreria 1366x768 SizeClass=Normal idioma=en compacto=False | categorias principales enteras sin desplazar=10/10 'Ver todo' entero=True | zona de navegacion de categorias 66,46 710x43
LIB [lib-categoria-grande-1366x768-EN] Libreria 1366x768 SizeClass=Normal idioma=en compacto=False | resultados n=100 enteras sin desplazar=36 celda=40px cols=18 filas=6 ancho usado 788/826px (95 %) | owner=ScrollViewer#LibreriaResultados vp=108,2 ext=260 scr=151,8 | SlotGridPanel Columns=60 Adaptive=True MinCell=40 MaxCell=90
LIB [lib-categoria-grande-1366x768-EN] Libreria 1366x768 SizeClass=Normal idioma=en compacto=False | estructura: elementos=31 clipH=0 clipV-perdido=0 clipV-tras-scroll-local=0 
LIB [lib-categoria-grande-1366x768-EN] Libreria 1366x768 SizeClass=Normal idioma=en compacto=False | captura -> C:\Users\adrian\Downloads\Keep\Terrasavr-Win\Terrasavr-Native\docs\evidencia\responsive-global\faseD\lib-despues-lib-categoria-grande-1366x768-EN.png
LIB BUSQUEDA-AMPLIA Libreria '#1-99999999' 1366x768-EN: 100 resultados en pantalla (Showing 100 of 8903 results - refine your search.) en 376ms (incluye el debounce de 180ms)
LIB [lib-busqueda-amplia-1366x768-EN] Libreria 1366x768 SizeClass=Normal idioma=en compacto=False | region 859,6x229,8 | scroll owners V=1: ScrollViewer#LibreriaResultados(vp=112,2 ext=260 scr=147,8 844x112) | scroll exterior que desplaza=ninguno
LIB [lib-busqueda-amplia-1366x768-EN] Libreria 1366x768 SizeClass=Normal idioma=en compacto=False | categorias principales enteras sin desplazar=10/10 'Ver todo' entero=True | zona de navegacion de categorias 66,46 710x43
LIB [lib-busqueda-amplia-1366x768-EN] Libreria 1366x768 SizeClass=Normal idioma=en compacto=False | resultados n=100 enteras sin desplazar=36 celda=40px cols=18 filas=6 ancho usado 788/826px (95 %) | owner=ScrollViewer#LibreriaResultados vp=112,2 ext=260 scr=147,8 | SlotGridPanel Columns=60 Adaptive=True MinCell=40 MaxCell=90
LIB [lib-busqueda-amplia-1366x768-EN] Libreria 1366x768 SizeClass=Normal idioma=en compacto=False | estructura: elementos=28 clipH=0 clipV-perdido=0 clipV-tras-scroll-local=0 
LIB [lib-busqueda-amplia-1366x768-EN] Libreria 1366x768 SizeClass=Normal idioma=en compacto=False | captura -> C:\Users\adrian\Downloads\Keep\Terrasavr-Win\Terrasavr-Native\docs\evidencia\responsive-global\faseD\lib-despues-lib-busqueda-amplia-1366x768-EN.png
LIB [buff-vertodo-1366x768-EN] LibreriaBuffs 1366x768 SizeClass=Normal idioma=en compacto=False | region 1169,6x225,8 | scroll owners V=1: ScrollViewer#LibreriaBuffsResultados(vp=131,2 ext=327 scr=195,8 1154x131) | scroll exterior que desplaza=ninguno
LIB [buff-vertodo-1366x768-EN] LibreriaBuffs 1366x768 SizeClass=Normal idioma=en compacto=False | categorias principales enteras sin desplazar=8/8 'Ver todo' entero=True | zona de navegacion de categorias 66,46 903x355
LIB [buff-vertodo-1366x768-EN] LibreriaBuffs 1366x768 SizeClass=Normal idioma=en compacto=False | tarjetas raiz: alto ocupado 327px de 131px del viewport (249 %)
LIB [buff-vertodo-1366x768-EN] LibreriaBuffs 1366x768 SizeClass=Normal idioma=en compacto=False | tarjetas de carpeta raiz n=8 enteras sin desplazar=4 celda=248px cols=4 filas=2 ancho usado 992/1136px (87 %) | owner=ScrollViewer#LibreriaBuffsResultados vp=131,2 ext=327 scr=195,8
LIB [buff-vertodo-1366x768-EN] LibreriaBuffs 1366x768 SizeClass=Normal idioma=en compacto=False | estructura: elementos=23 clipH=0 clipV-perdido=0 clipV-tras-scroll-local=0 
LIB [buff-vertodo-1366x768-EN] LibreriaBuffs 1366x768 SizeClass=Normal idioma=en compacto=False | captura -> C:\Users\adrian\Downloads\Keep\Terrasavr-Win\Terrasavr-Native\docs\evidencia\responsive-global\faseD\lib-despues-buff-vertodo-1366x768-EN.png
LIB [buff-busqueda-amplia-1366x768-EN] LibreriaBuffs 1366x768 SizeClass=Normal idioma=en compacto=False | region 1169,6x225,8 | scroll owners V=1: ScrollViewer#LibreriaBuffsResultados(vp=131,2 ext=524 scr=392,8 1154x131) | scroll exterior que desplaza=ninguno
LIB [buff-busqueda-amplia-1366x768-EN] LibreriaBuffs 1366x768 SizeClass=Normal idioma=en compacto=False | categorias principales enteras sin desplazar=8/8 'Ver todo' entero=True | zona de navegacion de categorias 66,46 804x20
LIB [buff-busqueda-amplia-1366x768-EN] LibreriaBuffs 1366x768 SizeClass=Normal idioma=en compacto=False | resultados n=300 enteras sin desplazar=75 celda=40px cols=25 filas=12 ancho usado 1096/1136px (96 %) | owner=ScrollViewer#LibreriaBuffsResultados vp=131,2 ext=524 scr=392,8 | SlotGridPanel Columns=60 Adaptive=True MinCell=40 MaxCell=90
LIB [buff-busqueda-amplia-1366x768-EN] LibreriaBuffs 1366x768 SizeClass=Normal idioma=en compacto=False | estructura: elementos=22 clipH=0 clipV-perdido=0 clipV-tras-scroll-local=0 
LIB [buff-busqueda-amplia-1366x768-EN] LibreriaBuffs 1366x768 SizeClass=Normal idioma=en compacto=False | captura -> C:\Users\adrian\Downloads\Keep\Terrasavr-Win\Terrasavr-Native\docs\evidencia\responsive-global\faseD\lib-despues-buff-busqueda-amplia-1366x768-EN.png
LIB [inv-vertodo-1366x768-EN] Investigacion 1366x768 SizeClass=Normal idioma=en compacto=False | region 1169,6x564,5 | scroll owners V=1: ScrollViewer#InvestigacionResultados(vp=325,7 ext=596,7 scr=271 1154x326) | scroll exterior que desplaza=ninguno
LIB [inv-vertodo-1366x768-EN] Investigacion 1366x768 SizeClass=Normal idioma=en compacto=False | categorias principales enteras sin desplazar=10/10 'Ver todo' entero=True | zona de navegacion de categorias 12,123 1048x689
LIB [inv-vertodo-1366x768-EN] Investigacion 1366x768 SizeClass=Normal idioma=en compacto=False | tarjetas raiz: alto ocupado 597px de 326px del viewport (183 %)
LIB [inv-vertodo-1366x768-EN] Investigacion 1366x768 SizeClass=Normal idioma=en compacto=False | tarjetas de carpeta raiz n=10 enteras sin desplazar=8 celda=248px cols=4 filas=3 ancho usado 992/1136px (87 %) | owner=ScrollViewer#InvestigacionResultados vp=325,7 ext=596,7 scr=271
LIB [inv-vertodo-1366x768-EN] Investigacion 1366x768 SizeClass=Normal idioma=en compacto=False | estructura: elementos=30 clipH=0 clipV-perdido=0 clipV-tras-scroll-local=0 
LIB [inv-vertodo-1366x768-EN] Investigacion 1366x768 SizeClass=Normal idioma=en compacto=False | captura -> C:\Users\adrian\Downloads\Keep\Terrasavr-Win\Terrasavr-Native\docs\evidencia\responsive-global\faseD\lib-despues-inv-vertodo-1366x768-EN.png
LIB [inv-categoria-grande-1366x768-EN] Investigacion 1366x768 SizeClass=Normal idioma=en compacto=False | region 1169,6x564,5 | scroll owners V=1: ScrollViewer#InvestigacionResultados(vp=321,7 ext=562,5 scr=240,7 1154x322) | scroll exterior que desplaza=ninguno
LIB [inv-categoria-grande-1366x768-EN] Investigacion 1366x768 SizeClass=Normal idioma=en compacto=False | categorias principales enteras sin desplazar=10/10 'Ver todo' entero=True | zona de navegacion de categorias 66,123 994x43
LIB [inv-categoria-grande-1366x768-EN] Investigacion 1366x768 SizeClass=Normal idioma=en compacto=False | resultados n=100 enteras sin desplazar=54 celda=124,2px cols=77 filas=13 ancho usado 1117/1136px (98 %) | owner=ScrollViewer#InvestigacionResultados vp=321,7 ext=562,5 scr=240,7
LIB [inv-categoria-grande-1366x768-EN] Investigacion 1366x768 SizeClass=Normal idioma=en compacto=False | estructura: elementos=36 clipH=0 clipV-perdido=0 clipV-tras-scroll-local=0 
LIB [inv-categoria-grande-1366x768-EN] Investigacion 1366x768 SizeClass=Normal idioma=en compacto=False | captura -> C:\Users\adrian\Downloads\Keep\Terrasavr-Win\Terrasavr-Native\docs\evidencia\responsive-global\faseD\lib-despues-inv-categoria-grande-1366x768-EN.png
LIB [lib-vertodo-1920x1080-EN] Libreria 1920x1080 SizeClass=Extra idioma=en compacto=False | region 1413,6x354,1 | scroll owners V=1: ScrollViewer#LibreriaResultados(vp=258,2 ext=459,5 scr=201,3 1398x258) | scroll exterior que desplaza=ninguno
LIB [lib-vertodo-1920x1080-EN] Libreria 1920x1080 SizeClass=Extra idioma=en compacto=False | categorias principales enteras sin desplazar=10/10 'Ver todo' entero=True | zona de navegacion de categorias 12,46 1203x488
LIB [lib-vertodo-1920x1080-EN] Libreria 1920x1080 SizeClass=Extra idioma=en compacto=False | tarjetas raiz: alto ocupado 459px de 258px del viewport (178 %)
LIB [lib-vertodo-1920x1080-EN] Libreria 1920x1080 SizeClass=Extra idioma=en compacto=False | tarjetas de carpeta raiz n=10 enteras sin desplazar=5 celda=248px cols=5 filas=2 ancho usado 1240/1380px (90 %) | owner=ScrollViewer#LibreriaResultados vp=258,2 ext=459,5 scr=201,3
LIB [lib-vertodo-1920x1080-EN] Libreria 1920x1080 SizeClass=Extra idioma=en compacto=False | estructura: elementos=29 clipH=0 clipV-perdido=0 clipV-tras-scroll-local=0 
LIB [lib-vertodo-1920x1080-EN] Libreria 1920x1080 SizeClass=Extra idioma=en compacto=False | captura -> C:\Users\adrian\Downloads\Keep\Terrasavr-Win\Terrasavr-Native\docs\evidencia\responsive-global\faseD\lib-despues-lib-vertodo-1920x1080-EN.png
LIB [lib-categoria-grande-1920x1080-EN] Libreria 1920x1080 SizeClass=Extra idioma=en compacto=False | region 1413,6x354,1 | scroll owners V=1: ScrollViewer#LibreriaResultados(vp=255,5 ext=220,3 scr=0 1398x255) | scroll exterior que desplaza=ninguno
LIB [lib-categoria-grande-1920x1080-EN] Libreria 1920x1080 SizeClass=Extra idioma=en compacto=False | categorias principales enteras sin desplazar=10/10 'Ver todo' entero=True | zona de navegacion de categorias 66,46 1112x20
LIB [lib-categoria-grande-1920x1080-EN] Libreria 1920x1080 SizeClass=Extra idioma=en compacto=False | resultados n=100 enteras sin desplazar=100 celda=52,1px cols=25 filas=4 ancho usado 1398/1398px (100 %) | owner=ScrollViewer#LibreriaResultados vp=255,5 ext=220,3 scr=0 | SlotGridPanel Columns=60 Adaptive=True MinCell=40 MaxCell=90
LIB [lib-categoria-grande-1920x1080-EN] Libreria 1920x1080 SizeClass=Extra idioma=en compacto=False | estructura: elementos=31 clipH=0 clipV-perdido=0 clipV-tras-scroll-local=0 
LIB [lib-categoria-grande-1920x1080-EN] Libreria 1920x1080 SizeClass=Extra idioma=en compacto=False | captura -> C:\Users\adrian\Downloads\Keep\Terrasavr-Win\Terrasavr-Native\docs\evidencia\responsive-global\faseD\lib-despues-lib-categoria-grande-1920x1080-EN.png
LIB BUSQUEDA-AMPLIA Libreria '#1-99999999' 1920x1080-EN: 100 resultados en pantalla (Showing 100 of 8903 results - refine your search.) en 310ms (incluye el debounce de 180ms)
LIB [lib-busqueda-amplia-1920x1080-EN] Libreria 1920x1080 SizeClass=Extra idioma=en compacto=False | region 1413,6x354,1 | scroll owners V=1: ScrollViewer#LibreriaResultados(vp=258,2 ext=220,3 scr=0 1398x258) | scroll exterior que desplaza=ninguno
LIB [lib-busqueda-amplia-1920x1080-EN] Libreria 1920x1080 SizeClass=Extra idioma=en compacto=False | categorias principales enteras sin desplazar=10/10 'Ver todo' entero=True | zona de navegacion de categorias 66,46 1112x20
LIB [lib-busqueda-amplia-1920x1080-EN] Libreria 1920x1080 SizeClass=Extra idioma=en compacto=False | resultados n=100 enteras sin desplazar=100 celda=52,1px cols=25 filas=4 ancho usado 1398/1398px (100 %) | owner=ScrollViewer#LibreriaResultados vp=258,2 ext=220,3 scr=0 | SlotGridPanel Columns=60 Adaptive=True MinCell=40 MaxCell=90
LIB [lib-busqueda-amplia-1920x1080-EN] Libreria 1920x1080 SizeClass=Extra idioma=en compacto=False | estructura: elementos=28 clipH=0 clipV-perdido=0 clipV-tras-scroll-local=0 
LIB [lib-busqueda-amplia-1920x1080-EN] Libreria 1920x1080 SizeClass=Extra idioma=en compacto=False | captura -> C:\Users\adrian\Downloads\Keep\Terrasavr-Win\Terrasavr-Native\docs\evidencia\responsive-global\faseD\lib-despues-lib-busqueda-amplia-1920x1080-EN.png
LIB [buff-vertodo-1920x1080-EN] LibreriaBuffs 1920x1080 SizeClass=Extra idioma=en compacto=False | region 1723,6x350,1 | scroll owners V=1: ScrollViewer#LibreriaBuffsResultados(vp=254,2 ext=329,7 scr=75,5 1708x254) | scroll exterior que desplaza=ninguno
LIB [buff-vertodo-1920x1080-EN] LibreriaBuffs 1920x1080 SizeClass=Extra idioma=en compacto=False | categorias principales enteras sin desplazar=8/8 'Ver todo' entero=True | zona de navegacion de categorias 12,46 857x359
LIB [buff-vertodo-1920x1080-EN] LibreriaBuffs 1920x1080 SizeClass=Extra idioma=en compacto=False | tarjetas raiz: alto ocupado 330px de 254px del viewport (130 %)
LIB [buff-vertodo-1920x1080-EN] LibreriaBuffs 1920x1080 SizeClass=Extra idioma=en compacto=False | tarjetas de carpeta raiz n=8 enteras sin desplazar=6 celda=248px cols=6 filas=2 ancho usado 1488/1690px (88 %) | owner=ScrollViewer#LibreriaBuffsResultados vp=254,2 ext=329,7 scr=75,5
LIB [buff-vertodo-1920x1080-EN] LibreriaBuffs 1920x1080 SizeClass=Extra idioma=en compacto=False | estructura: elementos=23 clipH=0 clipV-perdido=0 clipV-tras-scroll-local=0 
LIB [buff-vertodo-1920x1080-EN] LibreriaBuffs 1920x1080 SizeClass=Extra idioma=en compacto=False | captura -> C:\Users\adrian\Downloads\Keep\Terrasavr-Win\Terrasavr-Native\docs\evidencia\responsive-global\faseD\lib-despues-buff-vertodo-1920x1080-EN.png
LIB [buff-busqueda-amplia-1920x1080-EN] LibreriaBuffs 1920x1080 SizeClass=Extra idioma=en compacto=False | region 1723,6x350,1 | scroll owners V=1: ScrollViewer#LibreriaBuffsResultados(vp=254,2 ext=348 scr=93,8 1708x254) | scroll exterior que desplaza=ninguno
LIB [buff-busqueda-amplia-1920x1080-EN] LibreriaBuffs 1920x1080 SizeClass=Extra idioma=en compacto=False | categorias principales enteras sin desplazar=8/8 'Ver todo' entero=True | zona de navegacion de categorias 66,46 804x20
LIB [buff-busqueda-amplia-1920x1080-EN] LibreriaBuffs 1920x1080 SizeClass=Extra idioma=en compacto=False | resultados n=300 enteras sin desplazar=190 celda=40px cols=38 filas=8 ancho usado 1668/1690px (99 %) | owner=ScrollViewer#LibreriaBuffsResultados vp=254,2 ext=348 scr=93,8 | SlotGridPanel Columns=60 Adaptive=True MinCell=40 MaxCell=90
LIB [buff-busqueda-amplia-1920x1080-EN] LibreriaBuffs 1920x1080 SizeClass=Extra idioma=en compacto=False | estructura: elementos=22 clipH=0 clipV-perdido=0 clipV-tras-scroll-local=0 
LIB [buff-busqueda-amplia-1920x1080-EN] LibreriaBuffs 1920x1080 SizeClass=Extra idioma=en compacto=False | captura -> C:\Users\adrian\Downloads\Keep\Terrasavr-Win\Terrasavr-Native\docs\evidencia\responsive-global\faseD\lib-despues-buff-busqueda-amplia-1920x1080-EN.png
LIB [inv-vertodo-1920x1080-EN] Investigacion 1920x1080 SizeClass=Extra idioma=en compacto=False | region 1723,6x875,2 | scroll owners V=1: ScrollViewer#InvestigacionResultados(vp=656,7 ext=459,5 scr=0 1708x657) | scroll exterior que desplaza=ninguno
LIB [inv-vertodo-1920x1080-EN] Investigacion 1920x1080 SizeClass=Extra idioma=en compacto=False | categorias principales enteras sin desplazar=10/10 'Ver todo' entero=True | zona de navegacion de categorias 12,125 1165x530
LIB [inv-vertodo-1920x1080-EN] Investigacion 1920x1080 SizeClass=Extra idioma=en compacto=False | tarjetas raiz: alto ocupado 459px de 657px del viewport (70 %)
LIB [inv-vertodo-1920x1080-EN] Investigacion 1920x1080 SizeClass=Extra idioma=en compacto=False | tarjetas de carpeta raiz n=10 enteras sin desplazar=10 celda=248px cols=6 filas=2 ancho usado 1488/1708px (87 %) | owner=ScrollViewer#InvestigacionResultados vp=656,7 ext=459,5 scr=0
LIB [inv-vertodo-1920x1080-EN] Investigacion 1920x1080 SizeClass=Extra idioma=en compacto=False | estructura: elementos=30 clipH=0 clipV-perdido=0 clipV-tras-scroll-local=0 
LIB [inv-vertodo-1920x1080-EN] Investigacion 1920x1080 SizeClass=Extra idioma=en compacto=False | captura -> C:\Users\adrian\Downloads\Keep\Terrasavr-Win\Terrasavr-Native\docs\evidencia\responsive-global\faseD\lib-despues-inv-vertodo-1920x1080-EN.png
LIB [inv-categoria-grande-1920x1080-EN] Investigacion 1920x1080 SizeClass=Extra idioma=en compacto=False | region 1723,6x875,2 | scroll owners V=1: ScrollViewer#InvestigacionResultados(vp=654,1 ext=401,4 scr=0 1708x654) | scroll exterior que desplaza=ninguno
LIB [inv-categoria-grande-1920x1080-EN] Investigacion 1920x1080 SizeClass=Extra idioma=en compacto=False | categorias principales enteras sin desplazar=10/10 'Ver todo' entero=True | zona de navegacion de categorias 66,125 1112x20
LIB [inv-categoria-grande-1920x1080-EN] Investigacion 1920x1080 SizeClass=Extra idioma=en compacto=False | resultados n=100 enteras sin desplazar=100 celda=124,2px cols=85 filas=9 ancho usado 1698/1708px (99 %) | owner=ScrollViewer#InvestigacionResultados vp=654,1 ext=401,4 scr=0
LIB [inv-categoria-grande-1920x1080-EN] Investigacion 1920x1080 SizeClass=Extra idioma=en compacto=False | estructura: elementos=36 clipH=0 clipV-perdido=0 clipV-tras-scroll-local=0 
LIB [inv-categoria-grande-1920x1080-EN] Investigacion 1920x1080 SizeClass=Extra idioma=en compacto=False | captura -> C:\Users\adrian\Downloads\Keep\Terrasavr-Win\Terrasavr-Native\docs\evidencia\responsive-global\faseD\lib-despues-inv-categoria-grande-1920x1080-EN.png
LIB [lib-busqueda-amplia-1080x700-compacto] Libreria 1080x700 SizeClass=Compacto idioma=es compacto=True | region 651,2x202,6 | scroll owners V=1: ScrollViewer#LibreriaResultados(vp=62 ext=202 scr=140 635x62) | scroll exterior que desplaza=ninguno
LIB [lib-busqueda-amplia-1080x700-compacto] Libreria 1080x700 SizeClass=Compacto idioma=es compacto=True | categorias principales enteras sin desplazar=10/10 'Ver todo' entero=True | zona de navegacion de categorias 71,46 518x66
LIB [lib-busqueda-amplia-1080x700-compacto] Libreria 1080x700 SizeClass=Compacto idioma=es compacto=True | resultados n=100 enteras sin desplazar=18 celda=32px cols=18 filas=6 ancho usado 610/618px (99 %) | owner=ScrollViewer#LibreriaResultados vp=62 ext=202 scr=140 | SlotGridPanel Columns=60 Adaptive=True MinCell=32 MaxCell=72
LIB [lib-busqueda-amplia-1080x700-compacto] Libreria 1080x700 SizeClass=Compacto idioma=es compacto=True | estructura: elementos=28 clipH=0 clipV-perdido=0 clipV-tras-scroll-local=0 
LIB [lib-busqueda-amplia-1080x700-compacto] Libreria 1080x700 SizeClass=Compacto idioma=es compacto=True | captura -> C:\Users\adrian\Downloads\Keep\Terrasavr-Win\Terrasavr-Native\docs\evidencia\responsive-global\faseD\lib-despues-lib-busqueda-amplia-1080x700-compacto.png
LIB CONTRASTE [contraste-lib-en] Libreria idioma=en categoria seleccionada 'Decorative': pinceles texto=#FFFFFFFF fondo=#FF4834D4 -> peor 7,73:1 | pixeles reales fondo=#FF4834D4 texto=#FFFFFFFF -> 7,73:1
LIB CONTRASTE [contraste-buff-en] LibreriaBuffs idioma=en categoria seleccionada 'Utility (17)': pinceles texto=#FFFFFFFF fondo=#FF4834D4 -> peor 7,73:1 | pixeles reales fondo=#FF4834D4 texto=#FFFFFFFF -> 7,73:1
LIB CONTRASTE [contraste-inv-en] Investigacion idioma=en categoria seleccionada 'Decorative': pinceles texto=#FFFFFFFF fondo=#FF4834D4 -> peor 7,73:1 | pixeles reales fondo=#FF4834D4 texto=#FFFFFFFF -> 7,73:1
LIB CONTRASTE [contraste-lib-es] Libreria idioma=es categoria seleccionada 'Decoraciones': pinceles texto=#FFFFFFFF fondo=#FF4834D4 -> peor 7,73:1 | pixeles reales fondo=#FF4834D4 texto=#FFFFFFFF -> 7,73:1
LIB CONTRASTE [contraste-buff-es] LibreriaBuffs idioma=es categoria seleccionada 'Utilidad (17)': pinceles texto=#FFFFFFFF fondo=#FF4834D4 -> peor 7,73:1 | pixeles reales fondo=#FF4834D4 texto=#FFFFFFFF -> 7,73:1
LIB CONTRASTE [contraste-inv-es] Investigacion idioma=es categoria seleccionada 'Decoraciones': pinceles texto=#FFFFFFFF fondo=#FF4834D4 -> peor 7,73:1 | pixeles reales fondo=#FF4834D4 texto=#FFFFFFFF -> 7,73:1
LIB EDITAR BARRIDO: 8903 objetos del catalogo, 1701 admiten prefijo, 7356ms. Peores (alto estimado de metas+grupos+prefijos+nombre): #20001905 'Aerial Tracker' meta=1 grupo=1 ~205px | #20001917 'Granada de Plasma' meta=1 grupo=1 ~205px | #20001920 'Pulse Grenade' meta=1 grupo=1 ~205px
LIB EDITAR BARRIDO: Cenit #4956 'C‚nit' peor combinacion meta=1 grupo=0 ~151px
LIB EDITAR [cenit-1080x700-libplegada-es] 1080x700 libPlegada=True idioma=es | PEOR combinacion (meta 1 'Positivos' grupo 0 'Universal +'): Editar 300x506,5 en y=142,3 | holgura inferior=123px | ScrollViewer dentro=0 (visibles 0) scr max=0px | recorte max=0px | slot=Inventario#9 'C‚nit' metas=3 grupos=3 prefijos=9
LIB EDITAR [prefijos#20001905-1080x700-libplegada-es] 1080x700 libPlegada=True idioma=es | PEOR combinacion (meta 1 'Positivos' grupo 1 'P¡caro'): Editar 300x506,5 en y=142,3 | holgura inferior=67,7px | ScrollViewer dentro=0 (visibles 0) scr max=0px | recorte max=0px | slot=Inventario#9 'Aerial Tracker' metas=3 grupos=2 prefijos=17
LIB EDITAR [prefijos#20001917-1080x700-libplegada-es] 1080x700 libPlegada=True idioma=es | PEOR combinacion (meta 1 'Positivos' grupo 1 'P¡caro'): Editar 300x506,5 en y=142,3 | holgura inferior=67,7px | ScrollViewer dentro=0 (visibles 0) scr max=0px | recorte max=0px | slot=Inventario#9 'Granada de Plasma' metas=3 grupos=2 prefijos=17
LIB EDITAR [prefijos#20001920-1080x700-libplegada-es] 1080x700 libPlegada=True idioma=es | PEOR combinacion (meta 1 'Positivos' grupo 1 'P¡caro'): Editar 300x506,5 en y=142,3 | holgura inferior=67,7px | ScrollViewer dentro=0 (visibles 0) scr max=0px | recorte max=0px | slot=Inventario#9 'Pulse Grenade' metas=3 grupos=2 prefijos=17
LIB EDITAR [armadura-1080x700-libplegada-es] 1080x700 libPlegada=True idioma=es | Editar 300x506,5 en y=142,3 | holgura inferior=290,2px | ScrollViewer dentro=0 (visibles 0) scr max=0px | recorte max=0px | slot=Loadout 1 - armadura/accesorios#0 'Casco de tortuga' metas=3 grupos=0 prefijos=0
LIB EDITAR [cenit-1080x700-libdesplegada-es] 1080x700 libPlegada=False idioma=es | PEOR combinacion (meta 1 'Positivos' grupo 0 'Universal +'): Editar 300x506,5 en y=142,3 | holgura inferior=123px | ScrollViewer dentro=0 (visibles 0) scr max=0px | recorte max=0px | slot=Inventario#9 'C‚nit' metas=3 grupos=3 prefijos=9
LIB EDITAR [prefijos#20001905-1080x700-libdesplegada-es] 1080x700 libPlegada=False idioma=es | PEOR combinacion (meta 1 'Positivos' grupo 1 'P¡caro'): Editar 300x506,5 en y=142,3 | holgura inferior=67,7px | ScrollViewer dentro=0 (visibles 0) scr max=0px | recorte max=0px | slot=Inventario#9 'Aerial Tracker' metas=3 grupos=2 prefijos=17
LIB EDITAR [prefijos#20001917-1080x700-libdesplegada-es] 1080x700 libPlegada=False idioma=es | PEOR combinacion (meta 1 'Positivos' grupo 1 'P¡caro'): Editar 300x506,5 en y=142,3 | holgura inferior=67,7px | ScrollViewer dentro=0 (visibles 0) scr max=0px | recorte max=0px | slot=Inventario#9 'Granada de Plasma' metas=3 grupos=2 prefijos=17
LIB EDITAR [prefijos#20001920-1080x700-libdesplegada-es] 1080x700 libPlegada=False idioma=es | PEOR combinacion (meta 1 'Positivos' grupo 1 'P¡caro'): Editar 300x506,5 en y=142,3 | holgura inferior=67,7px | ScrollViewer dentro=0 (visibles 0) scr max=0px | recorte max=0px | slot=Inventario#9 'Pulse Grenade' metas=3 grupos=2 prefijos=17
LIB EDITAR [armadura-1080x700-libdesplegada-es] 1080x700 libPlegada=False idioma=es | Editar 300x506,5 en y=142,3 | holgura inferior=290,2px | ScrollViewer dentro=0 (visibles 0) scr max=0px | recorte max=0px | slot=Loadout 1 - armadura/accesorios#0 'Casco de tortuga' metas=3 grupos=0 prefijos=0
LIB EDITAR [cenit-1366x768-libplegada-es] 1366x768 libPlegada=True idioma=es | PEOR combinacion (meta 1 'Positivos' grupo 0 'Universal +'): Editar 300x574,5 en y=142,3 | holgura inferior=191px | ScrollViewer dentro=0 (visibles 0) scr max=0px | recorte max=0px | slot=Inventario#9 'C‚nit' metas=3 grupos=3 prefijos=9
LIB EDITAR [prefijos#20001905-1366x768-libplegada-es] 1366x768 libPlegada=True idioma=es | PEOR combinacion (meta 1 'Positivos' grupo 1 'P¡caro'): Editar 300x574,5 en y=142,3 | holgura inferior=135,7px | ScrollViewer dentro=0 (visibles 0) scr max=0px | recorte max=0px | slot=Inventario#9 'Aerial Tracker' metas=3 grupos=2 prefijos=17
LIB EDITAR [prefijos#20001917-1366x768-libplegada-es] 1366x768 libPlegada=True idioma=es | PEOR combinacion (meta 1 'Positivos' grupo 1 'P¡caro'): Editar 300x574,5 en y=142,3 | holgura inferior=135,7px | ScrollViewer dentro=0 (visibles 0) scr max=0px | recorte max=0px | slot=Inventario#9 'Granada de Plasma' metas=3 grupos=2 prefijos=17
LIB EDITAR [prefijos#20001920-1366x768-libplegada-es] 1366x768 libPlegada=True idioma=es | PEOR combinacion (meta 1 'Positivos' grupo 1 'P¡caro'): Editar 300x574,5 en y=142,3 | holgura inferior=135,7px | ScrollViewer dentro=0 (visibles 0) scr max=0px | recorte max=0px | slot=Inventario#9 'Pulse Grenade' metas=3 grupos=2 prefijos=17
LIB EDITAR [armadura-1366x768-libplegada-es] 1366x768 libPlegada=True idioma=es | Editar 300x574,5 en y=142,3 | holgura inferior=358,2px | ScrollViewer dentro=0 (visibles 0) scr max=0px | recorte max=0px | slot=Loadout 1 - armadura/accesorios#0 'Casco de tortuga' metas=3 grupos=0 prefijos=0
LIB EDITAR [cenit-1366x768-libdesplegada-es] 1366x768 libPlegada=False idioma=es | PEOR combinacion (meta 1 'Positivos' grupo 0 'Universal +'): Editar 300x574,5 en y=142,3 | holgura inferior=191px | ScrollViewer dentro=0 (visibles 0) scr max=0px | recorte max=0px | slot=Inventario#9 'C‚nit' metas=3 grupos=3 prefijos=9
LIB EDITAR [prefijos#20001905-1366x768-libdesplegada-es] 1366x768 libPlegada=False idioma=es | PEOR combinacion (meta 1 'Positivos' grupo 1 'P¡caro'): Editar 300x574,5 en y=142,3 | holgura inferior=135,7px | ScrollViewer dentro=0 (visibles 0) scr max=0px | recorte max=0px | slot=Inventario#9 'Aerial Tracker' metas=3 grupos=2 prefijos=17
LIB EDITAR [prefijos#20001917-1366x768-libdesplegada-es] 1366x768 libPlegada=False idioma=es | PEOR combinacion (meta 1 'Positivos' grupo 1 'P¡caro'): Editar 300x574,5 en y=142,3 | holgura inferior=135,7px | ScrollViewer dentro=0 (visibles 0) scr max=0px | recorte max=0px | slot=Inventario#9 'Granada de Plasma' metas=3 grupos=2 prefijos=17
LIB EDITAR [prefijos#20001920-1366x768-libdesplegada-es] 1366x768 libPlegada=False idioma=es | PEOR combinacion (meta 1 'Positivos' grupo 1 'P¡caro'): Editar 300x574,5 en y=142,3 | holgura inferior=135,7px | ScrollViewer dentro=0 (visibles 0) scr max=0px | recorte max=0px | slot=Inventario#9 'Pulse Grenade' metas=3 grupos=2 prefijos=17
LIB EDITAR [armadura-1366x768-libdesplegada-es] 1366x768 libPlegada=False idioma=es | Editar 300x574,5 en y=142,3 | holgura inferior=358,2px | ScrollViewer dentro=0 (visibles 0) scr max=0px | recorte max=0px | slot=Loadout 1 - armadura/accesorios#0 'Casco de tortuga' metas=3 grupos=0 prefijos=0
LIB EDITAR [cenit-1520x860-es] 1520x860 libPlegada=False idioma=es | PEOR combinacion (meta 1 'Positivos' grupo 0 'Universal +'): Editar 300x666,5 en y=142,3 | holgura inferior=283px | ScrollViewer dentro=0 (visibles 0) scr max=0px | recorte max=0px | slot=Inventario#9 'C‚nit' metas=3 grupos=3 prefijos=9
LIB EDITAR [prefijos#20001905-1520x860-es] 1520x860 libPlegada=False idioma=es | PEOR combinacion (meta 1 'Positivos' grupo 1 'P¡caro'): Editar 300x666,5 en y=142,3 | holgura inferior=227,7px | ScrollViewer dentro=0 (visibles 0) scr max=0px | recorte max=0px | slot=Inventario#9 'Aerial Tracker' metas=3 grupos=2 prefijos=17
LIB EDITAR [prefijos#20001917-1520x860-es] 1520x860 libPlegada=False idioma=es | PEOR combinacion (meta 1 'Positivos' grupo 1 'P¡caro'): Editar 300x666,5 en y=142,3 | holgura inferior=227,7px | ScrollViewer dentro=0 (visibles 0) scr max=0px | recorte max=0px | slot=Inventario#9 'Granada de Plasma' metas=3 grupos=2 prefijos=17
LIB EDITAR [prefijos#20001920-1520x860-es] 1520x860 libPlegada=False idioma=es | PEOR combinacion (meta 1 'Positivos' grupo 1 'P¡caro'): Editar 300x666,5 en y=142,3 | holgura inferior=227,7px | ScrollViewer dentro=0 (visibles 0) scr max=0px | recorte max=0px | slot=Inventario#9 'Pulse Grenade' metas=3 grupos=2 prefijos=17
LIB EDITAR [armadura-1520x860-es] 1520x860 libPlegada=False idioma=es | Editar 300x666,5 en y=142,3 | holgura inferior=450,2px | ScrollViewer dentro=0 (visibles 0) scr max=0px | recorte max=0px | slot=Loadout 1 - armadura/accesorios#0 'Casco de tortuga' metas=3 grupos=0 prefijos=0
LIB EDITAR [cenit-1920x1080-es] 1920x1080 libPlegada=False idioma=es | PEOR combinacion (meta 1 'Positivos' grupo 0 'Universal +'): Editar 300x885,2 en y=143,6 | holgura inferior=495,7px | ScrollViewer dentro=0 (visibles 0) scr max=0px | recorte max=0px | slot=Inventario#9 'C‚nit' metas=3 grupos=3 prefijos=9
LIB EDITAR [prefijos#20001905-1920x1080-es] 1920x1080 libPlegada=False idioma=es | PEOR combinacion (meta 1 'Positivos' grupo 1 'P¡caro'): Editar 300x885,2 en y=143,6 | holgura inferior=440,5px | ScrollViewer dentro=0 (visibles 0) scr max=0px | recorte max=0px | slot=Inventario#9 'Aerial Tracker' metas=3 grupos=2 prefijos=17
LIB EDITAR [prefijos#20001917-1920x1080-es] 1920x1080 libPlegada=False idioma=es | PEOR combinacion (meta 1 'Positivos' grupo 1 'P¡caro'): Editar 300x885,2 en y=143,6 | holgura inferior=440,5px | ScrollViewer dentro=0 (visibles 0) scr max=0px | recorte max=0px | slot=Inventario#9 'Granada de Plasma' metas=3 grupos=2 prefijos=17
LIB EDITAR [prefijos#20001920-1920x1080-es] 1920x1080 libPlegada=False idioma=es | PEOR combinacion (meta 1 'Positivos' grupo 1 'P¡caro'): Editar 300x885,2 en y=143,6 | holgura inferior=440,5px | ScrollViewer dentro=0 (visibles 0) scr max=0px | recorte max=0px | slot=Inventario#9 'Pulse Grenade' metas=3 grupos=2 prefijos=17
LIB EDITAR [armadura-1920x1080-es] 1920x1080 libPlegada=False idioma=es | Editar 300x885,2 en y=143,6 | holgura inferior=662,2px | ScrollViewer dentro=0 (visibles 0) scr max=0px | recorte max=0px | slot=Loadout 1 - armadura/accesorios#0 'Casco de tortuga' metas=3 grupos=0 prefijos=0
LIB EDITAR [cenit-2560x1440-es] 2560x1440 libPlegada=False idioma=es | PEOR combinacion (meta 1 'Positivos' grupo 0 'Universal +'): Editar 300x1245,2 en y=143,6 | holgura inferior=855,7px | ScrollViewer dentro=0 (visibles 0) scr max=0px | recorte max=0px | slot=Inventario#9 'C‚nit' metas=3 grupos=3 prefijos=9
LIB EDITAR [prefijos#20001905-2560x1440-es] 2560x1440 libPlegada=False idioma=es | PEOR combinacion (meta 1 'Positivos' grupo 1 'P¡caro'): Editar 300x1245,2 en y=143,6 | holgura inferior=800,5px | ScrollViewer dentro=0 (visibles 0) scr max=0px | recorte max=0px | slot=Inventario#9 'Aerial Tracker' metas=3 grupos=2 prefijos=17
LIB EDITAR [prefijos#20001917-2560x1440-es] 2560x1440 libPlegada=False idioma=es | PEOR combinacion (meta 1 'Positivos' grupo 1 'P¡caro'): Editar 300x1245,2 en y=143,6 | holgura inferior=800,5px | ScrollViewer dentro=0 (visibles 0) scr max=0px | recorte max=0px | slot=Inventario#9 'Granada de Plasma' metas=3 grupos=2 prefijos=17
LIB EDITAR [prefijos#20001920-2560x1440-es] 2560x1440 libPlegada=False idioma=es | PEOR combinacion (meta 1 'Positivos' grupo 1 'P¡caro'): Editar 300x1245,2 en y=143,6 | holgura inferior=800,5px | ScrollViewer dentro=0 (visibles 0) scr max=0px | recorte max=0px | slot=Inventario#9 'Pulse Grenade' metas=3 grupos=2 prefijos=17
LIB EDITAR [armadura-2560x1440-es] 2560x1440 libPlegada=False idioma=es | Editar 300x1245,2 en y=143,6 | holgura inferior=1022,2px | ScrollViewer dentro=0 (visibles 0) scr max=0px | recorte max=0px | slot=Loadout 1 - armadura/accesorios#0 'Casco de tortuga' metas=3 grupos=0 prefijos=0
LIB EDITAR [cenit-1080x700-libplegada-en] 1080x700 libPlegada=True idioma=en | PEOR combinacion (meta 1 'Positive' grupo 2 'Melee+'): Editar 300x506,5 en y=142,3 | holgura inferior=123px | ScrollViewer dentro=0 (visibles 0) scr max=0px | recorte max=0px | slot=Inventory#9 'Zenith' metas=3 grupos=3 prefijos=10
LIB EDITAR [prefijos#20001905-1080x700-libplegada-en] 1080x700 libPlegada=True idioma=en | PEOR combinacion (meta 1 'Positive' grupo 1 'Rogue'): Editar 300x506,5 en y=142,3 | holgura inferior=95,3px | ScrollViewer dentro=0 (visibles 0) scr max=0px | recorte max=0px | slot=Inventory#9 'Aerial Tracker' metas=3 grupos=2 prefijos=17
LIB EDITAR [prefijos#20001917-1080x700-libplegada-en] 1080x700 libPlegada=True idioma=en | PEOR combinacion (meta 1 'Positive' grupo 1 'Rogue'): Editar 300x506,5 en y=142,3 | holgura inferior=95,3px | ScrollViewer dentro=0 (visibles 0) scr max=0px | recorte max=0px | slot=Inventory#9 'Plasma Grenade' metas=3 grupos=2 prefijos=17
LIB EDITAR [prefijos#20001920-1080x700-libplegada-en] 1080x700 libPlegada=True idioma=en | PEOR combinacion (meta 1 'Positive' grupo 1 'Rogue'): Editar 300x506,5 en y=142,3 | holgura inferior=95,3px | ScrollViewer dentro=0 (visibles 0) scr max=0px | recorte max=0px | slot=Inventory#9 'Pulse Grenade' metas=3 grupos=2 prefijos=17
LIB EDITAR [armadura-1080x700-libplegada-en] 1080x700 libPlegada=True idioma=en | Editar 300x506,5 en y=142,3 | holgura inferior=304,1px | ScrollViewer dentro=0 (visibles 0) scr max=0px | recorte max=0px | slot=Loadout 1 - armor/accessories#0 'Turtle Helmet' metas=3 grupos=0 prefijos=0
LIB EDITAR [cenit-1080x700-libdesplegada-en] 1080x700 libPlegada=False idioma=en | PEOR combinacion (meta 1 'Positive' grupo 2 'Melee+'): Editar 300x506,5 en y=142,3 | holgura inferior=123px | ScrollViewer dentro=0 (visibles 0) scr max=0px | recorte max=0px | slot=Inventory#9 'Zenith' metas=3 grupos=3 prefijos=10
LIB EDITAR [prefijos#20001905-1080x700-libdesplegada-en] 1080x700 libPlegada=False idioma=en | PEOR combinacion (meta 1 'Positive' grupo 1 'Rogue'): Editar 300x506,5 en y=142,3 | holgura inferior=95,3px | ScrollViewer dentro=0 (visibles 0) scr max=0px | recorte max=0px | slot=Inventory#9 'Aerial Tracker' metas=3 grupos=2 prefijos=17
LIB EDITAR [prefijos#20001917-1080x700-libdesplegada-en] 1080x700 libPlegada=False idioma=en | PEOR combinacion (meta 1 'Positive' grupo 1 'Rogue'): Editar 300x506,5 en y=142,3 | holgura inferior=95,3px | ScrollViewer dentro=0 (visibles 0) scr max=0px | recorte max=0px | slot=Inventory#9 'Plasma Grenade' metas=3 grupos=2 prefijos=17
LIB EDITAR [prefijos#20001920-1080x700-libdesplegada-en] 1080x700 libPlegada=False idioma=en | PEOR combinacion (meta 1 'Positive' grupo 1 'Rogue'): Editar 300x506,5 en y=142,3 | holgura inferior=95,3px | ScrollViewer dentro=0 (visibles 0) scr max=0px | recorte max=0px | slot=Inventory#9 'Pulse Grenade' metas=3 grupos=2 prefijos=17
LIB EDITAR [armadura-1080x700-libdesplegada-en] 1080x700 libPlegada=False idioma=en | Editar 300x506,5 en y=142,3 | holgura inferior=304,1px | ScrollViewer dentro=0 (visibles 0) scr max=0px | recorte max=0px | slot=Loadout 1 - armor/accessories#0 'Turtle Helmet' metas=3 grupos=0 prefijos=0
LIB EDITAR [cenit-1366x768-libplegada-en] 1366x768 libPlegada=True idioma=en | PEOR combinacion (meta 1 'Positive' grupo 2 'Melee+'): Editar 300x574,5 en y=142,3 | holgura inferior=191px | ScrollViewer dentro=0 (visibles 0) scr max=0px | recorte max=0px | slot=Inventory#9 'Zenith' metas=3 grupos=3 prefijos=10
LIB EDITAR [prefijos#20001905-1366x768-libplegada-en] 1366x768 libPlegada=True idioma=en | PEOR combinacion (meta 1 'Positive' grupo 1 'Rogue'): Editar 300x574,5 en y=142,3 | holgura inferior=163,3px | ScrollViewer dentro=0 (visibles 0) scr max=0px | recorte max=0px | slot=Inventory#9 'Aerial Tracker' metas=3 grupos=2 prefijos=17
LIB EDITAR [prefijos#20001917-1366x768-libplegada-en] 1366x768 libPlegada=True idioma=en | PEOR combinacion (meta 1 'Positive' grupo 1 'Rogue'): Editar 300x574,5 en y=142,3 | holgura inferior=163,3px | ScrollViewer dentro=0 (visibles 0) scr max=0px | recorte max=0px | slot=Inventory#9 'Plasma Grenade' metas=3 grupos=2 prefijos=17
LIB EDITAR [prefijos#20001920-1366x768-libplegada-en] 1366x768 libPlegada=True idioma=en | PEOR combinacion (meta 1 'Positive' grupo 1 'Rogue'): Editar 300x574,5 en y=142,3 | holgura inferior=163,3px | ScrollViewer dentro=0 (visibles 0) scr max=0px | recorte max=0px | slot=Inventory#9 'Pulse Grenade' metas=3 grupos=2 prefijos=17
LIB EDITAR [armadura-1366x768-libplegada-en] 1366x768 libPlegada=True idioma=en | Editar 300x574,5 en y=142,3 | holgura inferior=372,1px | ScrollViewer dentro=0 (visibles 0) scr max=0px | recorte max=0px | slot=Loadout 1 - armor/accessories#0 'Turtle Helmet' metas=3 grupos=0 prefijos=0
LIB EDITAR [cenit-1366x768-libdesplegada-en] 1366x768 libPlegada=False idioma=en | PEOR combinacion (meta 1 'Positive' grupo 2 'Melee+'): Editar 300x574,5 en y=142,3 | holgura inferior=191px | ScrollViewer dentro=0 (visibles 0) scr max=0px | recorte max=0px | slot=Inventory#9 'Zenith' metas=3 grupos=3 prefijos=10
LIB EDITAR [prefijos#20001905-1366x768-libdesplegada-en] 1366x768 libPlegada=False idioma=en | PEOR combinacion (meta 1 'Positive' grupo 1 'Rogue'): Editar 300x574,5 en y=142,3 | holgura inferior=163,3px | ScrollViewer dentro=0 (visibles 0) scr max=0px | recorte max=0px | slot=Inventory#9 'Aerial Tracker' metas=3 grupos=2 prefijos=17
LIB EDITAR [prefijos#20001917-1366x768-libdesplegada-en] 1366x768 libPlegada=False idioma=en | PEOR combinacion (meta 1 'Positive' grupo 1 'Rogue'): Editar 300x574,5 en y=142,3 | holgura inferior=163,3px | ScrollViewer dentro=0 (visibles 0) scr max=0px | recorte max=0px | slot=Inventory#9 'Plasma Grenade' metas=3 grupos=2 prefijos=17
LIB EDITAR [prefijos#20001920-1366x768-libdesplegada-en] 1366x768 libPlegada=False idioma=en | PEOR combinacion (meta 1 'Positive' grupo 1 'Rogue'): Editar 300x574,5 en y=142,3 | holgura inferior=163,3px | ScrollViewer dentro=0 (visibles 0) scr max=0px | recorte max=0px | slot=Inventory#9 'Pulse Grenade' metas=3 grupos=2 prefijos=17
LIB EDITAR [armadura-1366x768-libdesplegada-en] 1366x768 libPlegada=False idioma=en | Editar 300x574,5 en y=142,3 | holgura inferior=372,1px | ScrollViewer dentro=0 (visibles 0) scr max=0px | recorte max=0px | slot=Loadout 1 - armor/accessories#0 'Turtle Helmet' metas=3 grupos=0 prefijos=0
LIB BANDA-EQUIP 1366x768: pagina vp=336,7 ext=390,3 scr=53,5 -> banda vacia bajo el contenido 0px | fila Libreria 229,8px (MaxHeight 8)
LIB BANDA-EQUIP 1920x1080: pagina vp=393,9 ext=392,9 scr=0 -> banda vacia bajo el contenido 1px | fila Libreria 483,3px (MaxHeight 8)
LIB BANDA-EQUIP 2560x1440: pagina vp=393,9 ext=392,9 scr=0 -> banda vacia bajo el contenido 1px | fila Libreria 843,3px (MaxHeight 8)
LIB ALM-EJE 1080x700: linea y=186,3 con 4 boton(es) de 167,5 a 663,7 -> centro desviado 0px del eje de la rejilla (415,6)
LIB ALM-EJE 1080x700: linea y=214,9 con 5 boton(es) de 225,6 a 605,6 -> centro desviado 0px del eje de la rejilla (415,6)
LIB ALM-EJE 1366x768: linea y=186,3 con 4 boton(es) de 348,7 a 844,8 -> centro desviado 0px del eje de la rejilla (596,7)
LIB ALM-EJE 1366x768: linea y=214,9 con 5 boton(es) de 406,7 a 786,7 -> centro desviado 0px del eje de la rejilla (596,7)
LIB ALM-EJE 1920x1080: linea y=187,6 con 4 boton(es) de 625,7 a 1121,8 -> centro desviado 0px del eje de la rejilla (873,7)
LIB ALM-EJE 1920x1080: linea y=216,2 con 5 boton(es) de 683,7 a 1063,7 -> centro desviado 0px del eje de la rejilla (873,7)
LIB RESIZE grande 1920x1080: mismosVM=True categoriaLib='Materials/Pre-Hardmode' categoriaBuff='Utilidad' categoriaInv='Calamity' busquedaInv='de' slotEditar=igual pagina=1
LIB [lib-resize-grande] Libreria 1920x1080 SizeClass=Extra idioma=es compacto=False | region 1415x354,1 | scroll owners V=1: ScrollViewer#LibreriaResultados(vp=254,1 ext=220,5 scr=0 1399x254) | scroll exterior que desplaza=ninguno
LIB [lib-resize-grande] Libreria 1920x1080 SizeClass=Extra idioma=es compacto=False | categorias principales enteras sin desplazar=10/10 'Ver todo' entero=True | zona de navegacion de categorias 19,46 1319x43
LIB [lib-resize-grande] Libreria 1920x1080 SizeClass=Extra idioma=es compacto=False | resultados n=100 enteras sin desplazar=100 celda=52,1px cols=25 filas=4 ancho usado 1399/1399px (100 %) | owner=ScrollViewer#LibreriaResultados vp=254,1 ext=220,5 scr=0 | SlotGridPanel Columns=60 Adaptive=True MinCell=40 MaxCell=90
LIB [lib-resize-grande] Libreria 1920x1080 SizeClass=Extra idioma=es compacto=False | estructura: elementos=34 clipH=0 clipV-perdido=0 clipV-tras-scroll-local=0 
LIB [lib-resize-grande] Libreria 1920x1080 SizeClass=Extra idioma=es compacto=False | captura -> C:\Users\adrian\Downloads\Keep\Terrasavr-Win\Terrasavr-Native\docs\evidencia\responsive-global\faseD\lib-despues-lib-resize-grande.png
LIB RESIZE normal 1366x768: mismosVM=True categoriaLib='Materials/Pre-Hardmode' categoriaBuff='Utilidad' categoriaInv='Calamity' busquedaInv='de' slotEditar=igual pagina=1
LIB [lib-resize-normal] Libreria 1366x768 SizeClass=Normal idioma=es compacto=False | region 861x229,8 | scroll owners V=1: ScrollViewer#LibreriaResultados(vp=106,9 ext=260 scr=153,1 845x107) | scroll exterior que desplaza=ninguno
LIB [lib-resize-normal] Libreria 1366x768 SizeClass=Normal idioma=es compacto=False | categorias principales enteras sin desplazar=10/10 'Ver todo' entero=True | zona de navegacion de categorias 19,46 759x66
LIB [lib-resize-normal] Libreria 1366x768 SizeClass=Normal idioma=es compacto=False | resultados n=100 enteras sin desplazar=36 celda=40px cols=18 filas=6 ancho usado 788/828px (95 %) | owner=ScrollViewer#LibreriaResultados vp=106,9 ext=260 scr=153,1 | SlotGridPanel Columns=60 Adaptive=True MinCell=40 MaxCell=90
LIB [lib-resize-normal] Libreria 1366x768 SizeClass=Normal idioma=es compacto=False | estructura: elementos=34 clipH=0 clipV-perdido=0 clipV-tras-scroll-local=0 
LIB [lib-resize-normal] Libreria 1366x768 SizeClass=Normal idioma=es compacto=False | captura -> C:\Users\adrian\Downloads\Keep\Terrasavr-Win\Terrasavr-Native\docs\evidencia\responsive-global\faseD\lib-despues-lib-resize-normal.png
LIB RESIZE minimo 1080x700: mismosVM=True categoriaLib='Materials/Pre-Hardmode' categoriaBuff='Utilidad' categoriaInv='Calamity' busquedaInv='de' slotEditar=igual pagina=1
LIB [lib-resize-minimo] Libreria 1080x700 SizeClass=Compacto idioma=es compacto=False | region 651,2x202,6 | scroll owners V=1: ScrollViewer#LibreriaResultados(vp=56,7 ext=348 scr=291,3 635x57) | scroll exterior que desplaza=ninguno
LIB [lib-resize-minimo] Libreria 1080x700 SizeClass=Compacto idioma=es compacto=False | categorias principales enteras sin desplazar=10/10 'Ver todo' entero=True | zona de navegacion de categorias 19,46 570x89
LIB [lib-resize-minimo] Libreria 1080x700 SizeClass=Compacto idioma=es compacto=False | resultados n=100 enteras sin desplazar=14 celda=40px cols=14 filas=8 ancho usado 612/618px (99 %) | owner=ScrollViewer#LibreriaResultados vp=56,7 ext=348 scr=291,3 | SlotGridPanel Columns=60 Adaptive=True MinCell=40 MaxCell=90
LIB [lib-resize-minimo] Libreria 1080x700 SizeClass=Compacto idioma=es compacto=False | estructura: elementos=34 clipH=0 clipV-perdido=0 clipV-tras-scroll-local=0 
LIB [lib-resize-minimo] Libreria 1080x700 SizeClass=Compacto idioma=es compacto=False | captura -> C:\Users\adrian\Downloads\Keep\Terrasavr-Win\Terrasavr-Native\docs\evidencia\responsive-global\faseD\lib-despues-lib-resize-minimo.png
LIB RESIZE grande-vuelta 1920x1080: mismosVM=True categoriaLib='Materials/Pre-Hardmode' categoriaBuff='Utilidad' categoriaInv='Calamity' busquedaInv='de' slotEditar=igual pagina=1
LIB [lib-resize-grande-vuelta] Libreria 1920x1080 SizeClass=Extra idioma=es compacto=False | region 1415x354,1 | scroll owners V=1: ScrollViewer#LibreriaResultados(vp=254,1 ext=220,5 scr=0 1399x254) | scroll exterior que desplaza=ninguno
LIB [lib-resize-grande-vuelta] Libreria 1920x1080 SizeClass=Extra idioma=es compacto=False | categorias principales enteras sin desplazar=10/10 'Ver todo' entero=True | zona de navegacion de categorias 19,46 1319x43
LIB [lib-resize-grande-vuelta] Libreria 1920x1080 SizeClass=Extra idioma=es compacto=False | resultados n=100 enteras sin desplazar=100 celda=52,1px cols=25 filas=4 ancho usado 1399/1399px (100 %) | owner=ScrollViewer#LibreriaResultados vp=254,1 ext=220,5 scr=0 | SlotGridPanel Columns=60 Adaptive=True MinCell=40 MaxCell=90
LIB [lib-resize-grande-vuelta] Libreria 1920x1080 SizeClass=Extra idioma=es compacto=False | estructura: elementos=34 clipH=0 clipV-perdido=0 clipV-tras-scroll-local=0 
LIB [lib-resize-grande-vuelta] Libreria 1920x1080 SizeClass=Extra idioma=es compacto=False | captura -> C:\Users\adrian\Downloads\Keep\Terrasavr-Win\Terrasavr-Native\docs\evidencia\responsive-global\faseD\lib-despues-lib-resize-grande-vuelta.png
LIB VIEJO: MainViewModel.LibraryRowMaxHeight existe = False (esperado False)
LIB VIEJO: FilaLibreria con MaxHeight enlazado = False (esperado False)
LIB VIEJO: plantillas del arbol lateral de categorias que siguen existiendo = [] (esperado ninguna)
LIB VIEJO: Libreria: columnas fijas de 210px = 0 (esperado 0); ScrollViewer en la superficie (visibles o no) = 1 (esperado 1, el de resultados)
LIB VIEJO: LibreriaBuffs: columnas fijas de 210px = 0 (esperado 0); ScrollViewer en la superficie (visibles o no) = 1 (esperado 1, el de resultados)
LIB VIEJO: Investigacion: columnas fijas de 210px = 0 (esperado 0); ScrollViewer en la superficie (visibles o no) = 1 (esperado 1, el de resultados)
LIB VIEJO: ScrollViewer dentro del panel Editar = 0 (esperado 0; antes 2: el de seguridad L-d y el de la lista de prefijos)
LIB RESUMEN:
  lib-primera-entrada-1080x700: owners V=1 raices=10/10 | tarjetas de carpeta raiz n=10 enteras sin desplazar=0 celda=248px cols=2 filas=5 ancho usado 496/618px (80 %) | owner=ScrollViewer#LibreriaResultados vp=62 ext=978,3 scr=916,2
  buff-primera-entrada-1080x700: owners V=1 raices=8/8 | tarjetas de carpeta raiz n=8 enteras sin desplazar=3 celda=248px cols=3 filas=3 ancho usado 744/928px (80 %) | owner=ScrollViewer#LibreriaBuffsResultados vp=105,4 ext=423,7 scr=318,3
  inv-primera-entrada-1080x700: owners V=1 raices=10/10 | tarjetas de carpeta raiz n=10 enteras sin desplazar=3 celda=248px cols=3 filas=4 ancho usado 744/928px (80 %) | owner=ScrollViewer#InvestigacionResultados vp=243,1 ext=903,3 scr=660,1
  lib-vertodo-1080x700-ES: owners V=1 raices=10/10 | tarjetas de carpeta raiz n=10 enteras sin desplazar=0 celda=248px cols=2 filas=5 ancho usado 496/618px (80 %) | owner=ScrollViewer#LibreriaResultados vp=62 ext=978,3 scr=916,2
  lib-categoria-grande-1080x700-ES: owners V=1 raices=10/10 | resultados n=100 enteras sin desplazar=14 celda=40px cols=14 filas=8 ancho usado 612/618px (99 %) | owner=ScrollViewer#LibreriaResultados vp=58 ext=348 scr=290 | SlotGridPanel Columns=60 Adaptive=True MinCell=40 MaxCell=90
  lib-busqueda-amplia-1080x700-ES: owners V=1 raices=10/10 | resultados n=100 enteras sin desplazar=14 celda=40px cols=14 filas=8 ancho usado 612/618px (99 %) | owner=ScrollViewer#LibreriaResultados vp=62 ext=348 scr=286 | SlotGridPanel Columns=60 Adaptive=True MinCell=40 MaxCell=90
  buff-vertodo-1080x700-ES: owners V=1 raices=8/8 | tarjetas de carpeta raiz n=8 enteras sin desplazar=3 celda=248px cols=3 filas=3 ancho usado 744/928px (80 %) | owner=ScrollViewer#LibreriaBuffsResultados vp=105,4 ext=423,7 scr=318,3
  buff-busqueda-amplia-1080x700-ES: owners V=1 raices=8/8 | resultados n=300 enteras sin desplazar=42 celda=40px cols=21 filas=15 ancho usado 920/928px (99 %) | owner=ScrollViewer#LibreriaBuffsResultados vp=105,4 ext=656 scr=550,6 | SlotGridPanel Columns=60 Adaptive=True MinCell=40 MaxCell=90
  inv-vertodo-1080x700-ES: owners V=1 raices=10/10 | tarjetas de carpeta raiz n=10 enteras sin desplazar=3 celda=248px cols=3 filas=4 ancho usado 744/928px (80 %) | owner=ScrollViewer#InvestigacionResultados vp=243,1 ext=903,3 scr=660,1
  inv-categoria-grande-1080x700-ES: owners V=1 raices=10/10 | resultados n=100 enteras sin desplazar=29 celda=124,2px cols=74 filas=18 ancho usado 925/928px (100 %) | owner=ScrollViewer#InvestigacionResultados vp=239,1 ext=778,8 scr=539,7
  lib-vertodo-1366x768-ES: owners V=1 raices=10/10 | tarjetas de carpeta raiz n=10 enteras sin desplazar=0 celda=248px cols=3 filas=4 ancho usado 744/828px (90 %) | owner=ScrollViewer#LibreriaResultados vp=112,2 ext=903,3 scr=791
  lib-categoria-grande-1366x768-ES: owners V=1 raices=10/10 | resultados n=100 enteras sin desplazar=36 celda=40px cols=18 filas=6 ancho usado 788/828px (95 %) | owner=ScrollViewer#LibreriaResultados vp=108,2 ext=260 scr=151,8 | SlotGridPanel Columns=60 Adaptive=True MinCell=40 MaxCell=90
  lib-busqueda-amplia-1366x768-ES: owners V=1 raices=10/10 | resultados n=100 enteras sin desplazar=36 celda=40px cols=18 filas=6 ancho usado 788/828px (95 %) | owner=ScrollViewer#LibreriaResultados vp=112,2 ext=260 scr=147,8 | SlotGridPanel Columns=60 Adaptive=True MinCell=40 MaxCell=90
  buff-vertodo-1366x768-ES: owners V=1 raices=8/8 | tarjetas de carpeta raiz n=8 enteras sin desplazar=4 celda=248px cols=4 filas=2 ancho usado 992/1138px (87 %) | owner=ScrollViewer#LibreriaBuffsResultados vp=131,2 ext=327 scr=195,8
  buff-busqueda-amplia-1366x768-ES: owners V=1 raices=8/8 | resultados n=300 enteras sin desplazar=75 celda=40px cols=25 filas=12 ancho usado 1096/1138px (96 %) | owner=ScrollViewer#LibreriaBuffsResultados vp=131,2 ext=524 scr=392,8 | SlotGridPanel Columns=60 Adaptive=True MinCell=40 MaxCell=90
  inv-vertodo-1366x768-ES: owners V=1 raices=10/10 | tarjetas de carpeta raiz n=10 enteras sin desplazar=4 celda=248px cols=4 filas=3 ancho usado 992/1138px (87 %) | owner=ScrollViewer#InvestigacionResultados vp=311,1 ext=698,5 scr=387,4
  inv-categoria-grande-1366x768-ES: owners V=1 raices=10/10 | resultados n=100 enteras sin desplazar=49 celda=124,2px cols=81 filas=15 ancho usado 1101/1138px (97 %) | owner=ScrollViewer#InvestigacionResultados vp=307,1 ext=649 scr=341,9
  lib-vertodo-1520x860-ES: owners V=1 raices=10/10 | tarjetas de carpeta raiz n=10 enteras sin desplazar=0 celda=248px cols=3 filas=4 ancho usado 744/982px (76 %) | owner=ScrollViewer#LibreriaResultados vp=149 ext=903,3 scr=754,2
  lib-categoria-grande-1520x860-ES: owners V=1 raices=10/10 | resultados n=100 enteras sin desplazar=66 celda=40px cols=22 filas=5 ancho usado 964/982px (98 %) | owner=ScrollViewer#LibreriaResultados vp=145 ext=216 scr=71 | SlotGridPanel Columns=60 Adaptive=True MinCell=40 MaxCell=90
  lib-busqueda-amplia-1520x860-ES: owners V=1 raices=10/10 | resultados n=100 enteras sin desplazar=66 celda=40px cols=22 filas=5 ancho usado 964/982px (98 %) | owner=ScrollViewer#LibreriaResultados vp=149 ext=216 scr=67 | SlotGridPanel Columns=60 Adaptive=True MinCell=40 MaxCell=90
  buff-vertodo-1520x860-ES: owners V=1 raices=8/8 | tarjetas de carpeta raiz n=8 enteras sin desplazar=5 celda=248px cols=5 filas=2 ancho usado 1240/1292px (96 %) | owner=ScrollViewer#LibreriaBuffsResultados vp=168 ext=327 scr=159
  buff-busqueda-amplia-1520x860-ES: owners V=1 raices=8/8 | resultados n=300 enteras sin desplazar=87 celda=40px cols=29 filas=11 ancho usado 1272/1292px (98 %) | owner=ScrollViewer#LibreriaBuffsResultados vp=168 ext=480 scr=312 | SlotGridPanel Columns=60 Adaptive=True MinCell=40 MaxCell=90
  inv-vertodo-1520x860-ES: owners V=1 raices=10/10 | tarjetas de carpeta raiz n=10 enteras sin desplazar=5 celda=248px cols=5 filas=2 ancho usado 1240/1292px (96 %) | owner=ScrollViewer#InvestigacionResultados vp=417,7 ext=558,6 scr=140,8
  inv-categoria-grande-1520x860-ES: owners V=1 raices=10/10 | resultados n=100 enteras sin desplazar=73 celda=124,2px cols=85 filas=13 ancho usado 1290/1292px (100 %) | owner=ScrollViewer#InvestigacionResultados vp=413,7 ext=562,5 scr=148,7
  lib-vertodo-1920x1080-ES: owners V=1 raices=10/10 | tarjetas de carpeta raiz n=10 enteras sin desplazar=5 celda=248px cols=5 filas=2 ancho usado 1240/1382px (90 %) | owner=ScrollViewer#LibreriaResultados vp=258,2 ext=561,2 scr=303,1
  lib-categoria-grande-1920x1080-ES: owners V=1 raices=10/10 | resultados n=100 enteras sin desplazar=100 celda=52,1px cols=25 filas=4 ancho usado 1399/1399px (100 %) | owner=ScrollViewer#LibreriaResultados vp=255,5 ext=220,5 scr=0 | SlotGridPanel Columns=60 Adaptive=True MinCell=40 MaxCell=90
  lib-busqueda-amplia-1920x1080-ES: owners V=1 raices=10/10 | resultados n=100 enteras sin desplazar=100 celda=52,1px cols=25 filas=4 ancho usado 1399/1399px (100 %) | owner=ScrollViewer#LibreriaResultados vp=258,2 ext=220,5 scr=0 | SlotGridPanel Columns=60 Adaptive=True MinCell=40 MaxCell=90
  buff-vertodo-1920x1080-ES: owners V=1 raices=8/8 | tarjetas de carpeta raiz n=8 enteras sin desplazar=6 celda=248px cols=6 filas=2 ancho usado 1488/1692px (88 %) | owner=ScrollViewer#LibreriaBuffsResultados vp=254,2 ext=329,7 scr=75,5
  buff-busqueda-amplia-1920x1080-ES: owners V=1 raices=8/8 | resultados n=300 enteras sin desplazar=190 celda=40px cols=38 filas=8 ancho usado 1668/1692px (99 %) | owner=ScrollViewer#LibreriaBuffsResultados vp=254,2 ext=348 scr=93,8 | SlotGridPanel Columns=60 Adaptive=True MinCell=40 MaxCell=90
  inv-vertodo-1920x1080-ES: owners V=1 raices=10/10 | tarjetas de carpeta raiz n=10 enteras sin desplazar=10 celda=248px cols=6 filas=2 ancho usado 1488/1709px (87 %) | owner=ScrollViewer#InvestigacionResultados vp=656,7 ext=561,2 scr=0
  inv-categoria-grande-1920x1080-ES: owners V=1 raices=10/10 | resultados n=100 enteras sin desplazar=100 celda=124,2px cols=84 filas=10 ancho usado 1691/1709px (99 %) | owner=ScrollViewer#InvestigacionResultados vp=654,1 ext=446 scr=0
  lib-vertodo-2560x1440-ES: owners V=1 raices=10/10 | tarjetas de carpeta raiz n=10 enteras sin desplazar=10 celda=248px cols=8 filas=2 ancho usado 1984/2039px (97 %) | owner=ScrollViewer#LibreriaResultados vp=594,3 ext=561,2 scr=0
  lib-categoria-grande-2560x1440-ES: owners V=1 raices=10/10 | resultados n=100 enteras sin desplazar=100 celda=90px cols=21 filas=5 ancho usado 1970/2039px (97 %) | owner=ScrollViewer#LibreriaResultados vp=591,7 ext=466 scr=0 | SlotGridPanel Columns=60 Adaptive=True MinCell=40 MaxCell=90
  lib-busqueda-amplia-2560x1440-ES: owners V=1 raices=10/10 | resultados n=100 enteras sin desplazar=100 celda=90px cols=21 filas=5 ancho usado 1970/2039px (97 %) | owner=ScrollViewer#LibreriaResultados vp=594,3 ext=466 scr=0 | SlotGridPanel Columns=60 Adaptive=True MinCell=40 MaxCell=90
  buff-vertodo-2560x1440-ES: owners V=1 raices=8/8 | tarjetas de carpeta raiz n=8 enteras sin desplazar=8 celda=248px cols=8 filas=1 ancho usado 1984/2349px (84 %) | owner=ScrollViewer#LibreriaBuffsResultados vp=398,2 ext=231,7 scr=0
  buff-busqueda-amplia-2560x1440-ES: owners V=1 raices=8/8 | resultados n=300 enteras sin desplazar=300 celda=50,7px cols=43 filas=7 ancho usado 2349/2349px (100 %) | owner=ScrollViewer#LibreriaBuffsResultados vp=398,2 ext=379 scr=0 | SlotGridPanel Columns=60 Adaptive=True MinCell=40 MaxCell=90
  inv-vertodo-2560x1440-ES: owners V=1 raices=10/10 | tarjetas de carpeta raiz n=10 enteras sin desplazar=10 celda=248px cols=9 filas=2 ancho usado 2232/2349px (95 %) | owner=ScrollViewer#InvestigacionResultados vp=1016,7 ext=610,9 scr=0
  inv-categoria-grande-2560x1440-ES: owners V=1 raices=10/10 | resultados n=100 enteras sin desplazar=100 celda=124,2px cols=91 filas=7 ancho usado 2349/2349px (100 %) | owner=ScrollViewer#InvestigacionResultados vp=1014,1 ext=312,2 scr=0
  lib-vertodo-1080x700-EN: owners V=1 raices=10/10 | tarjetas de carpeta raiz n=10 enteras sin desplazar=0 celda=248px cols=2 filas=5 ancho usado 496/618px (80 %) | owner=ScrollViewer#LibreriaResultados vp=62 ext=854,9 scr=792,8
  lib-categoria-grande-1080x700-EN: owners V=1 raices=10/10 | resultados n=100 enteras sin desplazar=14 celda=40px cols=14 filas=8 ancho usado 612/618px (99 %) | owner=ScrollViewer#LibreriaResultados vp=58 ext=348 scr=290 | SlotGridPanel Columns=60 Adaptive=True MinCell=40 MaxCell=90
  lib-busqueda-amplia-1080x700-EN: owners V=1 raices=10/10 | resultados n=100 enteras sin desplazar=14 celda=40px cols=14 filas=8 ancho usado 612/618px (99 %) | owner=ScrollViewer#LibreriaResultados vp=62 ext=348 scr=286 | SlotGridPanel Columns=60 Adaptive=True MinCell=40 MaxCell=90
  buff-vertodo-1080x700-EN: owners V=1 raices=8/8 | tarjetas de carpeta raiz n=8 enteras sin desplazar=3 celda=248px cols=3 filas=3 ancho usado 744/928px (80 %) | owner=ScrollViewer#LibreriaBuffsResultados vp=105,4 ext=423,7 scr=318,3
  buff-busqueda-amplia-1080x700-EN: owners V=1 raices=8/8 | resultados n=300 enteras sin desplazar=42 celda=40px cols=21 filas=15 ancho usado 920/928px (99 %) | owner=ScrollViewer#LibreriaBuffsResultados vp=105,4 ext=656 scr=550,6 | SlotGridPanel Columns=60 Adaptive=True MinCell=40 MaxCell=90
  inv-vertodo-1080x700-EN: owners V=1 raices=10/10 | tarjetas de carpeta raiz n=10 enteras sin desplazar=3 celda=248px cols=3 filas=4 ancho usado 744/928px (80 %) | owner=ScrollViewer#InvestigacionResultados vp=243,1 ext=801,5 scr=558,4
  inv-categoria-grande-1080x700-EN: owners V=1 raices=10/10 | resultados n=100 enteras sin desplazar=30 celda=124,2px cols=65 filas=17 ancho usado 912/928px (98 %) | owner=ScrollViewer#InvestigacionResultados vp=239,1 ext=735,5 scr=496,4
  lib-vertodo-1366x768-EN: owners V=1 raices=10/10 | tarjetas de carpeta raiz n=10 enteras sin desplazar=0 celda=248px cols=3 filas=4 ancho usado 744/826px (90 %) | owner=ScrollViewer#LibreriaResultados vp=112,2 ext=801,5 scr=689,3
  lib-categoria-grande-1366x768-EN: owners V=1 raices=10/10 | resultados n=100 enteras sin desplazar=36 celda=40px cols=18 filas=6 ancho usado 788/826px (95 %) | owner=ScrollViewer#LibreriaResultados vp=108,2 ext=260 scr=151,8 | SlotGridPanel Columns=60 Adaptive=True MinCell=40 MaxCell=90
  lib-busqueda-amplia-1366x768-EN: owners V=1 raices=10/10 | resultados n=100 enteras sin desplazar=36 celda=40px cols=18 filas=6 ancho usado 788/826px (95 %) | owner=ScrollViewer#LibreriaResultados vp=112,2 ext=260 scr=147,8 | SlotGridPanel Columns=60 Adaptive=True MinCell=40 MaxCell=90
  buff-vertodo-1366x768-EN: owners V=1 raices=8/8 | tarjetas de carpeta raiz n=8 enteras sin desplazar=4 celda=248px cols=4 filas=2 ancho usado 992/1136px (87 %) | owner=ScrollViewer#LibreriaBuffsResultados vp=131,2 ext=327 scr=195,8
  buff-busqueda-amplia-1366x768-EN: owners V=1 raices=8/8 | resultados n=300 enteras sin desplazar=75 celda=40px cols=25 filas=12 ancho usado 1096/1136px (96 %) | owner=ScrollViewer#LibreriaBuffsResultados vp=131,2 ext=524 scr=392,8 | SlotGridPanel Columns=60 Adaptive=True MinCell=40 MaxCell=90
  inv-vertodo-1366x768-EN: owners V=1 raices=10/10 | tarjetas de carpeta raiz n=10 enteras sin desplazar=8 celda=248px cols=4 filas=3 ancho usado 992/1136px (87 %) | owner=ScrollViewer#InvestigacionResultados vp=325,7 ext=596,7 scr=271
  inv-categoria-grande-1366x768-EN: owners V=1 raices=10/10 | resultados n=100 enteras sin desplazar=54 celda=124,2px cols=77 filas=13 ancho usado 1117/1136px (98 %) | owner=ScrollViewer#InvestigacionResultados vp=321,7 ext=562,5 scr=240,7
  lib-vertodo-1920x1080-EN: owners V=1 raices=10/10 | tarjetas de carpeta raiz n=10 enteras sin desplazar=5 celda=248px cols=5 filas=2 ancho usado 1240/1380px (90 %) | owner=ScrollViewer#LibreriaResultados vp=258,2 ext=459,5 scr=201,3
  lib-categoria-grande-1920x1080-EN: owners V=1 raices=10/10 | resultados n=100 enteras sin desplazar=100 celda=52,1px cols=25 filas=4 ancho usado 1398/1398px (100 %) | owner=ScrollViewer#LibreriaResultados vp=255,5 ext=220,3 scr=0 | SlotGridPanel Columns=60 Adaptive=True MinCell=40 MaxCell=90
  lib-busqueda-amplia-1920x1080-EN: owners V=1 raices=10/10 | resultados n=100 enteras sin desplazar=100 celda=52,1px cols=25 filas=4 ancho usado 1398/1398px (100 %) | owner=ScrollViewer#LibreriaResultados vp=258,2 ext=220,3 scr=0 | SlotGridPanel Columns=60 Adaptive=True MinCell=40 MaxCell=90
  buff-vertodo-1920x1080-EN: owners V=1 raices=8/8 | tarjetas de carpeta raiz n=8 enteras sin desplazar=6 celda=248px cols=6 filas=2 ancho usado 1488/1690px (88 %) | owner=ScrollViewer#LibreriaBuffsResultados vp=254,2 ext=329,7 scr=75,5
  buff-busqueda-amplia-1920x1080-EN: owners V=1 raices=8/8 | resultados n=300 enteras sin desplazar=190 celda=40px cols=38 filas=8 ancho usado 1668/1690px (99 %) | owner=ScrollViewer#LibreriaBuffsResultados vp=254,2 ext=348 scr=93,8 | SlotGridPanel Columns=60 Adaptive=True MinCell=40 MaxCell=90
  inv-vertodo-1920x1080-EN: owners V=1 raices=10/10 | tarjetas de carpeta raiz n=10 enteras sin desplazar=10 celda=248px cols=6 filas=2 ancho usado 1488/1708px (87 %) | owner=ScrollViewer#InvestigacionResultados vp=656,7 ext=459,5 scr=0
  inv-categoria-grande-1920x1080-EN: owners V=1 raices=10/10 | resultados n=100 enteras sin desplazar=100 celda=124,2px cols=85 filas=9 ancho usado 1698/1708px (99 %) | owner=ScrollViewer#InvestigacionResultados vp=654,1 ext=401,4 scr=0
  lib-busqueda-amplia-1080x700-compacto: owners V=1 raices=10/10 | resultados n=100 enteras sin desplazar=18 celda=32px cols=18 filas=6 ancho usado 610/618px (99 %) | owner=ScrollViewer#LibreriaResultados vp=62 ext=202 scr=140 | SlotGridPanel Columns=60 Adaptive=True MinCell=32 MaxCell=72
  lib-resize-grande: owners V=1 raices=10/10 | resultados n=100 enteras sin desplazar=100 celda=52,1px cols=25 filas=4 ancho usado 1399/1399px (100 %) | owner=ScrollViewer#LibreriaResultados vp=254,1 ext=220,5 scr=0 | SlotGridPanel Columns=60 Adaptive=True MinCell=40 MaxCell=90
  lib-resize-normal: owners V=1 raices=10/10 | resultados n=100 enteras sin desplazar=36 celda=40px cols=18 filas=6 ancho usado 788/828px (95 %) | owner=ScrollViewer#LibreriaResultados vp=106,9 ext=260 scr=153,1 | SlotGridPanel Columns=60 Adaptive=True MinCell=40 MaxCell=90
  lib-resize-minimo: owners V=1 raices=10/10 | resultados n=100 enteras sin desplazar=14 celda=40px cols=14 filas=8 ancho usado 612/618px (99 %) | owner=ScrollViewer#LibreriaResultados vp=56,7 ext=348 scr=291,3 | SlotGridPanel Columns=60 Adaptive=True MinCell=40 MaxCell=90
  lib-resize-grande-vuelta: owners V=1 raices=10/10 | resultados n=100 enteras sin desplazar=100 celda=52,1px cols=25 filas=4 ancho usado 1399/1399px (100 %) | owner=ScrollViewer#LibreriaResultados vp=254,1 ext=220,5 scr=0 | SlotGridPanel Columns=60 Adaptive=True MinCell=40 MaxCell=90
LIBRARY_RESPONSIVE_SOLO: 0 fallo(s)
DONE (LIBRARY_RESPONSIVE_SOLO)
CAPTURAS-VALIDACION: 84 captura(s) de esta ejecucion revisadas, 84 con contenido real, 0 INCONCLUSIVE (en blanco)
AISLAMIENTO: session.json restaurado (ProcessExit)
